source	translation
english	inglwc lenglwc lenglwc lenglwc lenglwc lenglwc lenglwc lenglwc lenglwc lenglwc lenglwc lenglwc lenglwc lenglwc lenglwc lenglwc lenglwc lenglwc lenglwc lenglwc lenglwc lenglwc lenglwc lenglwc lenglwc lenglwc lenglwc lenglwc lenglwc lenglwc lenglwc lengl
And have you forgotten the exhortation that addresses you as sons? “My son, do not regard lightly the discipline of the Lord, nor be weary when reproved by him.	Ngoqg ko tuupv, At Swg tomswrnam mam nulv mwwpa maabv, ho mwv nywywngam mwwpa maabv. Ngoqg ko tuupv, At Swg tomswrnam mam nulv mwwpa maabv.
For if what was being brought to an end came with glory, much more will what is permanent have glory.	Hvbmabde hoqgv nywywngam nywywngam nywywngam nywywngam nywywngam nywywngam nywywngam nywywngam nywywngam nywywngam nywywngam nywywngam nywywngam nywywngam nywywngam nywywngam nywywngam nywywngam nywywngam nywywngam nywywngam nywywngam nywywngam nywywngam nywywngam nywywngam nywywngam nywywngam nywywngam nywy
So take heart, men, for I have faith in God that it will be exactly as I have been told.	Hoqgab ngoqg nyi tulungv, hoggab Pwnboam ngo mwwjwnam hvb nyidwn, hoggab hoqhv ngoqg benam hvb nyidwn, hoggab Pwnboam ngo mwwjwnam hvb nyidwn, hoggab Pwnboam ngo mwwjwnamv mwwjwnamv mwwjwnamv mwwjwnamv mwwjwnamv mwwjwnamv mwwjwnamv mwwjwnamv mwwjwnamv mwwj
The goat shall bear all their iniquities on itself to a remote area, and he shall let the goat go free in the wilderness.	Puiv bulug nyixiaq mwlwngam mwwg aoho pwqlwq nyookam naareq tayin, hoo mwv puiv deexa-raraho wleq mvtayin.
Whoever troubles his own household will inherit the wind, and the fool will be servant to the wise of heart.	Hiyv hiyv mwwg atwg imiq nammam mvdwb mvdwb nyidwb nyidwb nyidwb nyidwb nyidwb nyidwb nyidwb nyidwb nyidwb nyidwb nyidwb nyidwb nyidwb nyidwb nyidwb nyidwb nyidwb nyidwb nyidwb nyidwb nyidwb nyidwb nyidwb nyidwb nyidwb nyidwb nyidwb nyidwb nyidwb nyidwb nyidwb nyidwb nyidwb nyidwb nyidwb ny
“You shall not make for yourself any gods of cast metal.	Nulv noqg mwwg gab nyera hoqgv pwnbo tulungam mvdwb mvdwb mvdwb mvdwb mvdwb mvdwb mvdwb mvdwb mvdwb mvdwb mvdwb mvdwb mvdwb mvdwb mvdwb mvdwb mvdwb mvdwb mvdwb mvdwb mvdwb mvdwb mvdwb mvdwb mvdwb mvdwb mvdwb mvdwb mvdwb mvdwb mvdwb mvdwb mvdwb mvdwb mvdwb
Not so with my servant Moses. He is faithful in all my house.	Ngoqg nyera Mojes gab soq sib nyiloqkam. Mwv ngoqg namlo mwlwho mwwjwnamv.
And he blessed him and said, “Blessed be Abram by God Most High, Possessor of heaven and earth;	Hoo mwv mwam lvqc kunv hoo benum, Aramnvn ao gvda gvla gvdangv Pwnbov lvqc kunam mam lvqc kunamv lvqc kunamv lvqc kunamv lvqc kunamv lvqc kunamv lvqc kunamv lvqc kunamv lvqc kunamv lvqc kunamv lvqc kunamv lvqc kunamv lvqc kunamv l
Then David fled from Naioth in Ramah and came and said before Jonathan, “What have I done? What is my guilt? And what is my sin before your father, that he seeks my life?”	Ho Debid Rama hoqg Naiot hoqgv lengnum hoo haanum hoo Jonatang agaho benum, Ngo hoggv nyinum? Hoggv ngoqg nyic nyinamv? Hoo hoggv ngoqg abwg agaho nyic nyinamv, ho mwv ngoqg swwgam meegaq dvn?
But you say, ‘What a weariness this is,’ and you snort at it, says the Lord of hosts. You bring what has been taken by violence or is lame or sick, and this you bring as your offering! Shall I accept that from your hand? says the Lord .	Hvbmabde nulv bedo, Soq si vcjaqb nyiloqkam, hoo nulv hoqho vcjaq dvn, nyiit At Sw bibwqdo. Nulv hoggv vcjaqb mvdwb mvdwb mvdwb mvdwb mvdwb mvdwb mvdwb mvdwb mvdwb mvdwb mvdwb mvdwb mvdwb mvdwb mvdwb mvdwb mvdwb mvdwb mvdwb mvdwb mvdwb mvdwb mvdwb mvdwb
But in order that it may spread no further among the people, let us warn them to speak no more to anyone in this name.”	Hvbmabde soq nyi tulug pengko ho hog mwlwngam kaapa tvl, ngulv bulam kaapa tvl, hoqg emin hoqgv nyi akgon agam gooma dvb mvdwb mvdwb mvdwb mvdwb mvdwb mvdwb mvdwb mvdwb mvdwb mvdwb mvdwb mvdwb mvdwb mvdwb mvdwb mvdwb mvdwb mvdwb mvdwb mvdwb mvdwb mvdwb mvdwb mvdwb mvdwb mvdwb mvd
And Isaiah said, “Bring a cake of figs. And let them take and lay it on the boil, that he may recover.”	Hoo Isaiya benum, Hoggv dvpar hoqgv haamto. Hoo bulv hoqgv naalin gvqlwqlwql hoo hoqgv twqm-twqlwqlwqlwqlwqlwqlwqlwqlwqlwqlwqlwqlwqlwqlwqlwqlwqlwqlwqlwqlwqlwqlwqlwqlwql
And Moses brought Aaron and his sons and washed them with water.	Hoo Mojes Aaron nvla mwwg ko tuup tulungam haanum hoo bulam iss lvgab mvnum.
The king put Benaiah the son of Jehoiada over the army in place of Joab, and the king put Zadok the priest in the place of Abiathar.	Lvpw atv Jehoiadag ko tuup Benaiyannvn Joabwg pengko ho lvpw at gob mvnum, hoo lvpw atv Abiyatarwg pengko ho nyub Jadoknvn mvnum.
So Samuel took a nursing lamb and offered it as a whole burnt offering to the Lord . And Samuel cried out to the Lord for Israel, and the Lord answered him.	Hoqgab Samuyel svdin bo sviya ak hoo hoqham At Swn boyuqnam aky jinum. Hoo Samuyel Israel gab At Swn goqnum, hoo At Sw mwam birwqnum.
The people of Reuben and the people of Gad called the altar Witness, “For,” they said, “it is a witness between us that the Lord is God.”	Reubenwg nyiilungv la Gadwg nyiilungv yugw hoqgv Pwnbov hvl goqnum, Hoggab, bulv benum, At Sw Pwnbo hvl ngulug pengko hoqgv Pwnbov hvl pwnbov.
So Joshua and all the fighting men arose to go up to Ai. And Joshua chose 30,000 mighty men of valor and sent them out by night.	Hoqgab Josua la nyob panbo nyi mwlwngv Ai dookub wmin gvnum. Hoo Josua nyiicwr-cwrx-cwrx-cwrx-cwrx-cwrx-cwrx-cwrx-cwrx-cwrx-cwrx-cwrx-cwrx-cwrx-cwrx-cwrx-cwrx-cwrx-cwrx-cwrx-cwrx-cwrx-cwrx-cwrx-cwrx-c
Let them thank the Lord for his steadfast love, for his wondrous works to the children of man!	Bulv At Swn mwwjw-mvaqb swwnam gab, nyia ko tuup tulu gab mwwg mwwjw-mujiqb nyinam tulungam paqto!
The wolf and the lamb shall graze together; the lion shall eat straw like the ox, and dust shall be the serpent’s food. They shall not hurt or destroy in all my holy mountain,” says the Lord .	Svvnv la sviya lvgab dootayin; svvnv svvn hvb svdin dvb dvtayin, hoo svvnv svdin dvb mvtayin. Bulv ngoqg dvrwqbo puutu mwlwngam nyic-nyic-nyic mvtayin, At Sw bibwqdo.
Arise therefore, go to your house. When your feet enter the city, the child shall die.	Hoqgab gorabto, noqg nammwb wto. Hwdlo noqg lvpiangv bopam ho haatayin, ko tuupv swwtayin.
He built fortified cities in Judah, for the land had rest. He had no war in those years, for the Lord gave him peace.	Mwv Juda gvdaho lvqcwngam bopam tulungam mvnum, hoggab gvda hoqgv swrsol doonum. Hoq vnyw ho mwv nyob panum, hoggab At Sw mwam swrsol doonum.
Of Benjamin: Eliada, a mighty man of valor, with 200,000 men armed with bow and shield;	Benjaminwg hoqgv: Eliyada, ator bo nyi ak hvvb nyidwn, mwwg lvgab 200,000 nyi tulu hoqgv lvqbwq lvgab lvgab lvgab lvgab lvgab lvgab lvgab lvgab lvgab lvgab lvgab lvgab lvgab lvgab lvgab lvgab lvgab lvgab lvgab lvgab lvgab lvgab lvgab lvgab lvgab lvgab lvgab lvgab lvgab l
For if it is the adherents of the law who are to be the heirs, faith is null and the promise is void.	Hiyv Pvvb gaml doonbo nyi tulungv Pwnbog pvvb bwwl doonbo nyi tulungam pvvb bwwl doonbo nyi tulungam pvvb bwwl doonbo nyi tulungam pvvb bwwl doonbo nyi tulungam pvvb bwwl doonbo nyi tulungam pvvb bwwl doonbo nyi tulungam pvvb bwwl doonbo nyi tulungam pvvb bwwl doonbo nyi tulungam pvvb bwwl doonbo nyi tulungam pvvb bwwl doonbo nyi tulungam pvvb bwwl doonbo nyi tulungam
“Thus says the Lord God : This is Jerusalem. I have set her in the center of the nations, with countries all around her.	Soq sib Pwnbo At Sw bedo: Soq si Jerusalem. Ngo mwnwn nyob tulug pengko ho, mwnwg pengko hoqgv gvda gvdangam mvdwb mvdwb mvdwb mvdwb mvdwb mvdwb mvdwb mvdwb mvdwb mvdwb mvdwb mvdwb mvdwb mvdwb mvdwb mvdwb mvdwb mvdwb mvdwb mvdwb mvdwb mvdwb mvdwb mvdwb mvdwb mvdwb mvdwb
And Elijah said to them, “Seize the prophets of Baal; let not one of them escape.” And they seized them. And Elijah brought them down to the brook Kishon and slaughtered them there.	Hoo Ilija bulam benum, Baalwg nyiqry benbo tulungam naareqto; bulug pengko hoqgv akkam naareqto. Hoo bulv bulam naareqnum. Hoo Ilija bulam Kison pobu ho boolinum hoo bulam hoqho mengnum.
“I will rise up against them,” declares the Lord of hosts, “and will cut off from Babylon name and remnant, descendants and posterity,” declares the Lord .	Ngo bulam ceekol wtayin, nyiit At Sw bibwqdo, hoo Bebilon hoqgv eminam la hoq tulu ham, nyob tulungam la nyob tulungam mvtayin, At Sw bibwqdo.
And God split open the hollow place that is at Lehi, and water came out from it. And when he drank, his spirit returned, and he revived. Therefore the name of it was called En-hakkore; it is at Lehi to this day.	Hoo Pwnbov Lehi hoqg vnyiq-vnyiq hoqgv twryumnum, hoo hoq hoqgv issv lengnum. Hoo hwdlo mwv issv, mwwg hangv wkur kunum, hoo mwv swwl wkur kunum. Hoqgab hoqg eminv En-hakkore hvl goqnum; hoqhv soolo Lehi ho doodo.
and the plan seemed right to the king and all the assembly.	hoo lvpw atv la nyiilungam mwlwngam mwwpa kunum.
Rehoboam took as wife Mahalath the daughter of Jerimoth the son of David, and of Abihail the daughter of Eliab the son of Jesse,	Rehoboam Debidg ko tuup Jerimotwg nyem ko Mahalatnvn, hoo Jisseg ko tuup Eliyabwg nyem ko Abihailnvn nywxwqnum,
And God said, “Let the waters under the heavens be gathered together into one place, and let the dry land appear.” And it was so.	Hoo Pwnbov benum, Awg alaqho issv vcwr-cwrx-cwrx-cwrx-cwrx-cwrx-cwrx-cwrx-cwrx-cwrx-cwrx-cwrx-cwrx-cwrx-cwrx-cwrx-cwrx-cwrx-cwrx-cwrx-cwrx-cwrx-cwrx-cwrx-cwrx-cwrx-cwrx-c
And the king commanded, and those men who had maliciously accused Daniel were brought and cast into the den of lions—they, their children, and their wives. And before they reached the bottom of the den, the lions overpowered them and broke all their bones in pieces.	Hoo lvpw atv gaml jinum, hoo Daniyelnvn nyixiaqb mwwpa kunbo nyi tulungv hoqgv boolinum hoo bulam, bulug ko tuup tulungam, hoo bulug nywxw tulungam svdin tulug svdin tulug svdin tulug svdin tulug svdin tulungam jitayin. Hoo bulv svdin tulug svdin tulug svdin tulug svdin tulungam mvnum hoo bulug svdin tulungam pwr-pwr-pwr-pwr-pwr-pwr
So then he has mercy on whomever he wills, and he hardens whomever he wills.	Hoqgab mwv hiyvkam mwwg mwwlwqboam mwwpa dvn, hoo hiyvkam mwwg mwwlwqboam mwwpa dvn, mwv hiyvkam mwwg mwwlwqboam mwwpa dvn.
And a person’s enemies will be those of his own household.	Nyi akwg imiq hoqgv nyiqry benbo nyi tulungv dootayin. Hoggab nyi akwg imiq hoqgv nyiqry benbo nyi tulungv dootayin, hoqgab nyi akwg imiq hoqgv nyiqry benbo nyiqry benbo nyiqry benbo nyiqry benbo nyiqry benbo nyiqry benbo nyiqry benbo nyiqry benbo nyiqry benbo nyiqry benbo nyiqry benbo nyiqry benbo nyiqry benbo nyiq
Can I forget any longer the treasures of wickedness in the house of the wicked, and the scant measure that is accursed?	Nyicbo nam hoqgv nyic nyinam mam, hoo nyic nyinam mam, hoo nyic nyinam mam, hoqgv nyic nyinam mam ngo lokta mwwpa dvn hvl mwwpa dvn hvl nyima dvn hvl nyima dvn hvl nyima dvn hvl nyima dvn hvl nyima dvn hvl nyima dvn hvl nyima dvn hvl nyima dvn hvl nyima dvn hvl nyima dvn hvl nyima dvn hvl nyima dvn?
And I will make of you a great nation, and I will bless you and make your name great, so that you will be a blessing.	Hoo ngo nam nyob panam mvtayin, hoo ngo nam lvqc tayin hoo noqg eminam lvqc tayin, ho noqgv lvqc tayin.
Moses said, “As you say! I will not see your face again.”	Mojes benum, Noqg benam hvb! Ngo noqg nyuqm mam lokta kaapa tayin.
Return sevenfold into the lap of our neighbors the taunts with which they have taunted you, O Lord!	At Swa, bulv nam mwwpa kunam mam ngulug nyiilu tulug lvgab vnyiq-vnyiq lvgab wkur mvdwb wkur mvdwb nyidwn! Ngoqg nyiilu tulug vnyiq-vnyiq lvgab wkur mvdwb nyidwb nyidwb nyidwb nyidwb nyidwb nyidwb nyidwb nyidwb nyidwb nyidwb nyidwb nyidwb nyidwb nyidwb nyidwb nyidwb nyidwb nyidwb nyid
And he said to me, “These words are trustworthy and true. And the Lord, the God of the spirits of the prophets, has sent his angel to show his servants what must soon take place.”	Mwv ngam benum, Soq gomcwr tulu si jvqtw jaqb hoo jvqtw jaqb. Hoo nyiqry benbo tulug mwwjwbo Pwnbo At Sw mwwg gumtwngam mwwg nyera tulungam kaakinam hog mwwg nyera tulungam kaakin tayin.
These are the men who crossed the Jordan in the first month, when it was overflowing all its banks, and put to flight all those in the valleys, to the east and to the west.	Soq nyi tulungv Jordon hoqg otuq poolho, ho hoqhv hoqg lvvgwb mwlwngam lvvgwb wnum, hoo dou-caga hoqgv la dou-haagaho doonbo nyi mwlwngam nyob panum.
“I was in the city of Joppa praying, and in a trance I saw a vision, something like a great sheet descending, being let down from heaven by its four corners, and it came down to me.	Ngo Joppa bopam ho doonum, hoo ngo vcjaqnam mam kaapanum, hvbmabde ao gvda hoqgv lvqbwq lvqbwq lvqbwq lvqbwq lvqbwq lvqbwq lvqbwq lvqbwq lvqbwq lvqbwq lvqbwq lvqbwq lvqbwq lvqbwq lvqbwq lvqbwq lvqbwq lvqbwq l
Every valuation shall be according to the shekel of the sanctuary: twenty gerahs shall make a shekel.	Dvrwq namlog sikil hoqgv hog mwlwngam pvvb mvtayin: gera camnyi sikil pvvb mvtayin.
We give thanks to you, O God; we give thanks, for your name is near. We recount your wondrous deeds.	Pwnboa, ngulv nam paqdwn; ngulv nam paqdwn, hoggab noqg eminam pobu dvn. Ngulv noqg mwwjwnam bon nyinam tulungam bekin dvn.
My hand has found like a nest the wealth of the peoples; and as one gathers eggs that have been forsaken, so I have gathered all the earth; and there was none that moved a wing or opened the mouth or chirped.”	Ngoqg alaqkv nyiilug lvqcwngam nyook hvb nyidwn; hoo nyi ak hvb nyidwn, hoq hvb nyidwn, hoq hvb nyidwn, ngo swcw mwlwngam nyidwn; hoo hiyv lvqcwngam nyidwn ho agam goqlwqnum ho agam goqlwqnum.
And they killed at that time about 10,000 of the Moabites, all strong, able-bodied men; not a man escaped.	Hoo hoq moodho bulv Moab nyi tulug 10,000 go nyi tulungam mengnum, mwlwngv atorbo nyi tulungam mengnum; nyi akkam svka maanum.
And all the people of Judah took Azariah, who was sixteen years old, and made him king instead of his father Amaziah.	Hoo Judag nyiilu mwlwngv vnyw camleq hoqgv Azaryanvn boolinum, hoo mwam mwwg ab Amajiyag kwlib lvpw at gob mvnum.
They drank wine and praised the gods of gold and silver, bronze, iron, wood, and stone.	Bulv vinenam twwnum hoo hunam la rupam, hunam, yornam, yornam, hoo svdinam pwnbo tulungam lvqc kunum.
Therefore I have said to the people of Israel, No person among you shall eat blood, neither shall any stranger who sojourns among you eat blood.	Hoqgab ngo Israel nyiilungam benum, nulug pengko hoqgv nyi akv xwwnam dvtayin, ho nulug pengko ho doonbo nyoodo nyi akv xwwnam dvtayin.
All the earth worships you and sings praises to you; they sing praises to your name.” Selah	Swcw mwlwngv nam mwwpa dvn hoo nam mwwpa dvn; bulv noqg eminam mwwpa dvn. Sela
Bezer, Hod, Shamma, Shilshah, Ithran, and Beera.	Bejer, Hod, Samma, Silsah, Ithran, hoo Beera.
May all who hate Zion be put to shame and turned backward!	Hiyv Siyonam ceekol bo mwlwngv niqtuq mvtayin hoo hoqgv wkur kun!
And from the people of Israel’s half you shall take one drawn out of every fifty, of the people, of the oxen, of the donkeys, and of the flocks, of all the cattle, and give them to the Levites who keep guard over the tabernacle of the Lord .”	Hoo Israel nyiilug pengko hoqgv nulv nyiilu hoqgv, svdin hoqgv, svdin hoqgv, hoo svdin hoqgv, svdin hoqgv, hoo hoq tulu ham At Swg dvrwq namlo hoqgv soqgv Lebi nyi tulungam jitayin.
that I have great sorrow and unceasing anguish in my heart.	ngoqg hangv vcjaqb vcjaqb nyidwn hoo ngoqg hangv vcjaqb vcjaqb vcjaqb vcjaqb vcjaqb vcjaqb vcjaqb vcjaqb vcjaqb vcjaqb vcjaqb vcjaqb vcjaqb vcjaqb vcjaqb vcjaqb vcjaqb vcjaqb vcjaqb vcjaqb vcjaqb vcjaqb vcjaqb vcjaqb vcjaqb vcjaqb
Peter turned and saw the disciple whom Jesus loved following them, the one who also had leaned back against him during the supper and had said, “Lord, who is it that is going to betray you?”	Pitor vcjaqb wkur kunum, Jisu mwwlaqnam nyi tulungv bulug kokwb wmin gvnum. Hoq nyi tulungv Jisu lvgab kvvrwq dook hoqgv mwwg lvgab wmin gvnum hoo benum, At Sw, hiyv hiyv nam svka dvn?
So then, the law was our guardian until Christ came, in order that we might be justified by faith.	Hoqgab Pvvb tulungv Kristog dookub ngulug nyijwqbo ak hvl ngulv mwwjwnam gab jvqtw jaqb jvqtw jaqb jvqtw jaqb jvqtw jaqb jvqtw jaqb jvqtw jaqb jvqtw jaqb jvqtw jaqb jvqtw jaqb jvqtw jaqb jvqtw jaqb jvqtw jaqb jvqtw jaqb jvqtw jaqb jvqtw jaqb jvqtw jaqb
So he made their days vanish like a breath, and their years in terror.	Hoqgab mwv bulug aalv kvvrwq maanam hvb mvnum, hoo bulug vnyw tulungam hwnyir-hvmar dvb mvnum.
“‘Cursed be anyone who lies with his mother-in-law.’ And all the people shall say, ‘Amen.’	Hiyv hiyv hiyv mwwg nywxw annwg lvgab dootayin, hiyv kvvrwq tayin. Hoo nyiilu mwlwngv betayin, Amen.
“Son of man, set your face toward the Ammonites and prophesy against them.	Nyia ko tuup, noqg nyuqm mam Ammon nyi tulug pengko hoqgv hoo bulam ceekol nyiqry benboam.
So you also must consider yourselves dead to sin and alive to God in Christ Jesus.	Hoqgab nulv kam nulv atv nyic-cwrxiam nyidwb nyidwb nyidwb nyidwb nyidwb nyidwb nyidwb nyidwb nyidwb nyidwb nyidwb nyidwb nyidwb nyidwb nyidwb nyidwb nyidwb nyidwb nyidwb nyidwb nyidwb nyidwb nyidwb nyidwb nyidwb nyidwb nyidwb nyidwb nyidwb nyidwb nyidwb nyidwb nyidwb nyidwb nyidwb nyidwb ny
As soon as he had finished offering the burnt offering, behold, Samuel came. And Saul went out to meet him and greet him.	Hwdlo mwv boyuqnam akiam jinum, kaato, Samuyel haanum. Hoo Soul mwwg dookub wnum hoo mwam mwwpa kunum.
Why should a fool have money in his hand to buy wisdom when he has no sense?	Hwdlo mwv mwwlaq maanam mam mwwg alaq hoqgv mwwdwqlwqkam mwwdwqlwqkam, hoggab mwwlaqkam mwwg alaqho pengko hoqgv mwwdwqlwqlwqlwqlwqlwqlwqlwqlwqlwqlwqlwqlwqlwqlwqlwqlwqlwqlwqlwqlwqlwqlwqlwq
Therefore thus says the Lord God : Behold, I am against Pharaoh king of Egypt and will break his arms, both the strong arm and the one that was broken, and I will make the sword fall from his hand.	Hoqgab soq sib Pwnbo At Sw bedo: Kaato, ngo Ijiptwg lvpw at Paronvn ceekol dootayin hoo mwwg lvgab lvgab lvgab lvgab lvgab lvgab lvgab lvgab lvgab lvgab lvgab lvgab lvgab lvgab lvgab lvgab lvgab lvgab lvgab lvgab lvgab lvgab lvgab lvgab lvgab lvgab lvgab lvgab lvgab lvgab
I will make drunk her officials and her wise men, her governors, her commanders, and her warriors; they shall sleep a perpetual sleep and not wake, declares the King, whose name is the Lord of hosts.	Ngo mwnwg nyigbo tulungam la mwnwg mwwlaqbo nyi tulungam, mwnwg lvpw at tulungam, mwnwg lvpw atwg lvpw atwg lvpw at tulungam, hoo mwnwg nyob pan tulungam mvtayin; bulv nwrba gob mvtayin hoo dooma dvn, nyiit At Sw hvl eminam hvl, Lvpw atv bibwqdo.
Zabad his son, Shuthelah his son, and Ezer and Elead, whom the men of Gath who were born in the land killed, because they came down to raid their livestock.	Mwwg ko tuup Zabad, mwwg ko tuup Sutela, hoo Ejer la Elead, hoq tulu ham gvdaho ko tuup doonbo Gat nyi tulungv mengnum, hoggab bulv bulug sviya tulungam naareq dvb haanum.
And the second took her, and died, leaving no offspring. And the third likewise.	Hoq kokw so akv mwnwg nywxwngam nywxwq kunum, hoo akv mwnwg nywxwngam nywxwq kunum. Hoq kokw so akv mwnwnwg nywxwngam nywxwq kunum, hoo akv mwnwg nywxwngam nywxwq kunum, hoo akv mwnwnwg nywxwngam nywxwq kunum, hoo akv mwnwg nywxwngam nywxwq kunum.
But the dove found no place to set her foot, and she returned to him to the ark, for the waters were still on the face of the whole earth. So he put out his hand and took her and brought her into the ark with him.	Hvbmabde doogv mwnwg lvpiam doogwq dvn ham tapa maanum, hoo mwn mwwg dookub wkur kunum, hoggab issv swcw nvg aoso dooknum. Ho mwwg alaqkam mwv lengnum hoo mwnwn ham mwwg lvgab dookub wkur kunum.
Then all who trembled at the words of the God of Israel, because of the faithlessness of the returned exiles, gathered around me while I sat appalled until the evening sacrifice.	Ho Israelwg Pwnbog gomcwrnam mam hwnyir-hvmar dvb, hoqgab hoqgv hoqgv wkur-hvmar mvdwb nyi tulug mwwjw-mujam gab, ngo vcjaqb wmin gvdwl ngoqg dookub haanum, hoq moodv kvvrwqbo aky jinam mam ngoqg dookub haanum.
Satisfy us in the morning with your steadfast love, that we may rejoice and be glad all our days.	Nulug aalho ngulv hemplwql hoo hemplwq mvdwb, noqg pvvb abynam tulu hoqgv ngulam aalho hemplwq mvdwb mvdwb mvdwb nyidwb nyidwb nyidwb nyidwb nyidwb nyidwb nyidwb nyidwb nyidwb nyidwb nyidwb nyidwb nyidwb nyidwb nyidwb nyidwb nyidwb nyidwb nyidwb nyidwb nyidwb nyidwb nyidwb ny
I adjure you, O daughters of Jerusalem, that you not stir up or awaken love until it pleases.	Jerusalemwg nyem ko tulungam, ngo nam jvqtw dvn, hoqham nulv swwnam mam mwwpa maabv, hoqham mwwpa maabv, hoqham nulv swwnam mam mwwpa maabv, hoqham nulv swwnam mam mwwpa maabv, hoqham nulv swwnam mam mwwpa maabv, hoqham nulv swwnam mam mwwpa maabv, hoqham nulv swwnam mam mwwpa maabv.
And he sent Eliakim, who was over the household, and Shebna the secretary, and the senior priests, covered with sackcloth, to the prophet Isaiah the son of Amoz.	Hoo mwv nam uraho doonbo Eliyakimnvn, hoo nyera Sebnanvn, hoo nyub tulu mwlwngam vj vj vj hoqgv Amojwg ko tuup nyiqry benbo Isaiyag dookub kanamnum.
The God of Abraham and the God of Nahor, the God of their father, judge between us.” So Jacob swore by the Fear of his father Isaac,	Abrahamwg Pwnbov la Nahorwg Pwnbov, bulug abwg Pwnbov, ngulug pengko hoqgv pwqlwqto. Ho Jakub mwwg ab Aisag Pwnboam dingr kunum,
To this he called you through our gospel, so that you may obtain the glory of our Lord Jesus Christ.	Hoqgab ngulug At Sw Jisu Kristog yuunam mam nulam ngulug Pvvb xeql jinum. Hoqgab ngulug At Sw Jisu Kristog yuunam mam nulam mwwpa kun.
He cast two pillars of bronze. Eighteen cubits was the height of one pillar, and a line of twelve cubits measured its circumference. It was hollow, and its thickness was four fingers. The second pillar was the same.	Mwv bronze hoqgv pvlyw dvb mvnum. Pvlyw pvlyw pvlyw vnyw camleq kiubit, hoo pvlyw pvlyw pvlyw pvlyw pvlyw pvlyw pvlyw pvlyw pvlyw pvlyw pvlyw pvlyw pvlyw pvlyw pvlyw pvlyw pvlyw pvlyw pvlyw pvlyw pvlyw pvly
Every day I will bless you and praise your name forever and ever.	Aal loodab ngo nam lvqc tayin hoo noqg eminam nwrba gob nwrba gob lvqc tayin. Ngo nam lvqc tayin, hoo nwrba gob nwrba gob nwrba gob nwrba gob nwrba gob nwrba gob nwrba gob nwrba gob nwrba gob nwrba gob nwrba gob nwrba gob nwrba gob nwrba gob nwrba gob nwrba gob nwrba gob nwrba gob nwrba gob nwrba gob nwrba
and beyond the Jordan at Jericho, on the east side of the Jordan, out of the tribe of Reuben: Bezer in the wilderness with its pasturelands, Jahzah with its pasturelands,	hoo Reubenwg nyob hoqgv Jordonwg dou-cagag Jericho ho doonum: deexa-raraho Bejer lvgab hoqg sviyangam, Jahja lvgab hoqg sviyangam,
I will spread my net over him, and he shall be taken in my snare, and I will bring him to Babylon and enter into judgment with him there for the treachery he has committed against me.	Ngo mwwg aoho ngoqg xuqlinam mam mvtayin, hoo mwv ngoqg xuqlinam mam mvtayin, hoo ngo mwam Bebilonho boolin tayin hoo mwwg lvgab hoqho mwv ngoqg lvgab nyixiaqb nyidwn hoqgv mwwg lvgab pwqlwqlwqlwqlwqlwqlwqlwqlwqlwqlwqlwqlwqlwqlwqlwqlwql
Put on then, as God’s chosen ones, holy and beloved, compassionate hearts, kindness, humility, meekness, and patience,	Hoqgab nulv Pwnbog dvrwqbo nyi tulungam, Pwnbog dvrwqbo nyi tulungam, mwwjwbo nyi tulungam, mwwjwbo nyi tulungam, mwwjwbo nyi tulungam, mwwjwbo nyi tulungam, mwwjwbo nyi tulungam, mwwjwbo nyi tulungam, mwwjwbo nyi tulungam, mwwjwbo nyi tulungam, mwwjwbo nyi tulungam, mwwjwbo nyi tulungam, mwwjwbo nyi tulungam, mwwjwbo nyi tulungam, mw
And Hannah prayed and said, “My heart exults in the Lord ; my horn is exalted in the Lord . My mouth derides my enemies, because I rejoice in your salvation.	Hoo Hanna dookub benum, Ngoqg hangv At Swg lvgab hemp dvn; ngoqg hunamv At Swg lvgab hemp dvn. Ngoqg agamv ngoqg ceebio tulungam mwwpa dvn, hoggab noqg ywwlinam mam ngo hemp dvn.
This shall be the sign to you, declares the Lord , that I will punish you in this place, in order that you may know that my words will surely stand against you for harm:	Soq si nulgab kaanam tayin, At Sw bibwqdo, ngo nulam soq nyook so nyinam tayin, ho nulv cengtayin hvb ngoqg gomcwr tulungam nulug ceekol dootayin hvl betam tayin:
and have built the high places of Baal to burn their sons in the fire as burnt offerings to Baal, which I did not command or decree, nor did it come into my mind—	hoo bulug ko tuup tulungam wm hoqgv Baal gab boyuqnam aky jinam hvb nyitayin, hoqham ngo gaml jinam mam ho gaml jinam mam, hoqham ngoqg hang mwwjwnam mam ngoqg hang mwwjwnam mam
And he answered them, “Do you think that these Galileans were worse sinners than all the other Galileans, because they suffered in this way?	Kokw so Jisu bulam birwqnum, Nulv mwlwngv Galili nyi tulungam nyic-nyiyiqkam nyic-nyiyiqkam nyic-nyiyiqkam nyic-nyiyiqkam nyic-nyiyiqkam nyic-nyiyiqkam nyic-nyiyiqkam nyic-nyiyiqkam nyic-nyiyiqkam nyic-nyiyiqkam nyic-nyiyiqkam nyic-nyiyiqkam nyic-nyiyiqkam nyic-nyiyiqkam nyic-nyi
They gathered their brothers and consecrated themselves and went in as the king had commanded, by the words of the Lord , to cleanse the house of the Lord .	Bulv bulug vbw-bor tulungam goqnum hoo bulv atv atv dvrwq maanum hoo lvpw atv gaml jinum hvb At Swg gomcwram At Swg dvrwq namlongam dvrwq tayin.
Saul recognized David’s voice and said, “Is this your voice, my son David?” And David said, “It is my voice, my lord, O king.”	Soul Debidg goonam mam cengnum hoo benum, Soq si noqg goonamv, ngoqg ko tuup Debid? Hoo Debid benum, Soq si ngoqg goonamv, ngoqg bir lvpw at,
Even on the male and female servants in those days I will pour out my Spirit.	Hoq aalho ngoqg Yalv nyera la nyera nyera tulug aoho mvtayin.
For thus says the Lord , who created the heavens (he is God!), who formed the earth and made it (he established it; he did not create it empty, he formed it to be inhabited!): “I am the Lord , and there is no other.	Hoggab soq sib At Sw bedo, hiyv ao lvpwngam moodwn (mwv Pwnbov), hiyv swcwram moodwn hoo ham moodwn (mwv ham moodwn; mwv ham nywywngam moodwn, hoqham nyiilu gab moodwn!): Ngo At Swv, hoo hog mwlwngv dooma dvn.
You have exalted the right hand of his foes; you have made all his enemies rejoice.	Mwwg ceebio tulug lvqbwq alaqkv no mwwpa ku; mwwg ceebio mwlwngam no hemp mvdwb mvdwb mvdwb mvdwb mvdwb mvdwb mvdwb mvdwb mvdwb mvdwb mvdwb mvdwb mvdwb mvdwb mvdwb mvdwb mvdwb mvdwb mvdwb mvdwb mvdwb mvdwb mvdwb mvdwb mvdwb mvdwb mvdwb mvdwb mvdwb mvdwb mvdwb mvd
And whoever does any work on that very day, that person I will destroy from among his people.	Hoo hiyv hoq aalam hog mwlwngam nyinam hvb nyidwn, hoq nyi akam ngo mwwg nyiilug pengko hoqgv mvpaq tayin.
and the grace of our Lord overflowed for me with the faith and love that are in Christ Jesus.	Hoqgab ngulug At Swg almadvn ngam mwwjwnam mam la Kriston Jisu hoqgv mwwjwnam mam mwwjw-mwwnam mam mwwjw-mwwnam mam mwwjw-mwwnam mam mwwjw-mwwnam mam mwwjw-mwwnam mam mwwjw-mwwnam mam mwwjw-mwwnam mam mwwjw-mwwnam mam mwwjw-mwwnam mam mwwjw-mwwnam mam mwwjw-mwwnam mam mwwjw-mwwn
Therefore keep the words of this covenant and do them, that you may prosper in all that you do.	Hoqgab soq pvvbov gomcwr tulungam pvvl hoo bulam pvvbov, ho nulv hog mwlw hog mwlw ho mwwpa tayin.
There were more than forty who made this conspiracy.	Soq nyi tulungv vnyw camnyi go doonum.
And I heard a voice from heaven saying, “Write this: Blessed are the dead who die in the Lord from now on.” “Blessed indeed,” says the Spirit, “that they may rest from their labors, for their deeds follow them!”	Hoq kokw so ngo ao gvda hoqgv benum, Soq sam tomswrto! Soq kokw so At Swg lvgab swwnbo nyi tulungv lvqcwngam lvqcwngam lvqcwngam lvqcwngam lvqcwngam lvqcwngam lvqcwngam lvqcwngam lvqcwngam lvqcwngam lvqcwngam lvqcwngam lvqcwngam lvqc
And you may eat it in any place, you and your households, for it is your reward in return for your service in the tent of meeting.	Hoo nulv la nulug imiq dvpar tulungam hog mwlwho hoqham dvtayin, hoggab hoqhv noqg kvvrwq minsko tombu hoqgv noqg bonam mam noqg pagoqkv.
You shall eat, but not be satisfied, and there shall be hunger within you; you shall put away, but not preserve, and what you preserve I will give to the sword.	Nulv dvtayin, hvbmabde kvvrwq maabv, hoo nulug pengko ho vcjaqb dootayin; nulv wm dvtayin, hvbmabde mwlwq maabv, hoo hoggv nulv mwlwq maabv ngo lyoqr orioqkam jitayin.
May my accusers be put to shame and consumed; with scorn and disgrace may they be covered who seek my hurt.	Ngoqg nyixiaqbo tulungv mwwjw-mviyaq mvtayin hoo mwwjw-mviyaq mvtayin; hiyv hiyv ngoqg nyixiaqkam kaapa to, bulv mwwjw-mviyaq lvgab hoo mwwjw-mviyaq lvgab mwwjw-mviyaq mvtayin.
I led them with cords of kindness, with the bands of love, and I became to them as one who eases the yoke on their jaws, and I bent down to them and fed them.	Ngo bulam vcjaqb nyijwqnam lvgab, pvvb abynam lvgab, hoo ngo bulug lvgab bulug lvqbwq-loosaqkam vm dvb mvnum, hoo ngo bulug dookub wnum hoo bulam dvm dvb mvnum.
The king mourns, the prince is wrapped in despair, and the hands of the people of the land are paralyzed by terror. According to their way I will do to them, and according to their judgments I will judge them, and they shall know that I am the Lord .”	Lvpw atv vcjaq dvn, lvpw atv mwwpa dvn, hoo gvda hoqg nyiilug alaqkv vcjaq dvn. Bulug lamtangam hvb ngo bulam nyitayin, hoo bulug pvvb tulungam hvb ngo bulam pwqlwq tayin, hoo ngo At Swv hvl bulv cengtayin.
then let my shoulder blade fall from my shoulder, and let my arm be broken from its socket.	ho ngoqg lvqbwqkam ngoqg lvqbwq hoqgv wmin gvtayin, hoo ngoqg alaqkam hoqg lvqbwq hoqgv wmin gvtayin.
For the fortified city is solitary, a habitation deserted and forsaken, like the wilderness; there the calf grazes; there it lies down and strips its branches.	Hoggab lvpiangam bopamv vcjaqb dootayin, doogw hoqgv naareq-naareq dvb dootayin, deexa-rara hvb dootayin; hoqho svdinv dootayin; hoqho hoqho hoqho hoqho hoqho dootayin hoo hoqg lvpw at tulungam naareq dvn.
So now, O Lord our God, save us, please, from his hand, that all the kingdoms of the earth may know that you, O Lord , are God alone.”	Hoqgab sija, ngulug Pwnbo At Swa, mwwg alaq hoqgv ngulam ywwlin gvdwl, ho swcw nvg lvpw-hatiam mwlwngv no Pwnbo hvl cengtayin.
When his breath departs, he returns to the earth; on that very day his plans perish.	Hwdlo mwwg vcwngv wmin gvdwl, mwv gvdaho wkur dootayin; hoq aalam mwwg mwwlwq-mwlwqnamv wkur dootayin.
from Ekron to the sea, all that were by the side of Ashdod, with their villages.	Ekron hoqgv sa-svlo namgub, hoqg bopam tulu lvgab Asdodg lvgab doonbo mwlwngv.
And Hiram sent with the fleet his servants, seamen who were familiar with the sea, together with the servants of Solomon.	Hoo Hiram mwwg nyera tulungam sa-svlog lvgab, Solomonwg nyera tulungam lvgab, sa-svlo hoqgv cengdwn doonbo nyi tulungam kanamnum.
And all the people were arguing throughout all the tribes of Israel, saying, “The king delivered us from the hand of our enemies and saved us from the hand of the Philistines, and now he has fled out of the land from Absalom.	Hoo nyiilu mwlwngv Israelwg nyob tulu hoqgv ceekol doodwn, begamv, Lvpw atv ngulam ngulug ceebio tulug alaq hoqgv ywwlinum hoo Palistan nyi tulug alaq hoqgv ngulam ywwlinum, hoo sija mwv gvda hoqgv Absalom hoqgv lengnum.
To him be the dominion forever and ever. Amen.	Mwwg lvpw-hatynamv nwrba gob nwrba gob nwrba gob nwrba gob nwrba gob nwrba gob nwrba gob nwrba gob nwrba gob nwrba gob nwrba gob nwrba gob nwrba gob nwrba gob nwrba gob nwrba gob nwrba gob nwrba gob nwrba gob nwrba gob nwrba gob nwrba gob nwrba gob nwrba gob nwrba gob nwrba gob nwrba gob nwrba gob nwrba
Jesus said to her, “Woman, why are you weeping? Whom are you seeking?” Supposing him to be the gardener, she said to him, “Sir, if you have carried him away, tell me where you have laid him, and I will take him away.”	Jisu mwnwn benum, Ngoqgv, hoggub no vcjaq dvn? Hiyvkam no meegaq dvn? Mwv mwwg vcjaqb mwwpa dvn, hvbmabde mwn mwam benum, Ngoqg At Sw, no mwam mwwpa dvn, hoqho no mwam mwwpa dvn, hvbmabde ngo mwam mwwpa dvn, hvbmabde ngo mwam mwwpa dvn.
Then arose Jeshua the son of Jozadak, with his fellow priests, and Zerubbabel the son of Shealtiel with his kinsmen, and they built the altar of the God of Israel, to offer burnt offerings on it, as it is written in the Law of Moses the man of God.	Ho Josadak gv ko tuup Jesua, mwwg nyub tulu lvgab, hoo Salatiyelwg ko tuup Zerubbabel mwwg vbw-bor tulu lvgab, hoo bulv Israelwg Pwnbog yugw hoqho boyuqnam aky jinam mam mvnum, hoqho Pwnbog nyi Mojeswg Pvvb hoqgv xeqp pakun.
Otherwise, what do people mean by being baptized on behalf of the dead? If the dead are not raised at all, why are people baptized on their behalf?	Hvbmabde nyi tulungv nyi tulug lvgab baptijum dvb nyidwn, hoggub nyi tulungv nyi tulug lvgab baptijum dvb nyidwn, hoggub nyi tulungv nyi tulug lvgab baptijum dvb nyidwn, hoqgab nyi tulungv nyi tulug lvgab baptijum dvb nyidwn, hoggub nyi tulungv nyi tulug lvgab baptijum dvb nyidwn?
“And you, take wheat and barley, beans and lentils, millet and emmer, and put them into a single vessel and make your bread from them. During the number of days that you lie on your side, 390 days, you shall eat it.	Hoo nulv, hvvtam la barley, bonam la lentil, mviya hoo emar, hoo hoq tulu ham otuq pvxw hoqgv mvto hoo hoq tulu hoqgv noqg dvnam mam mvtayin. No noqg lvqbwq hoqg aalv 390 aalv dvtayin, hoqham no dvtayin.
he gives rain on the earth and sends waters on the fields;	mwv gvda gvdaho ywr-ywrlwqlwqlwq tayin hoo nyookam iss dvb mvdwb mvdwb mvdwb mvdwb mvdwb mvdwb mvdwb mvdwb mvdwb mvdwb mvdwb mvdwb mvdwb mvdwb mvdwb mvdwb mvdwb mvdwb mvdwb mvdwb mvdwb mvdwb mvdwb mvdwb mvdwb mvdwb mvdwb mvdwb mvdwb mvdwb mvdwb mvd
David also commanded all the leaders of Israel to help Solomon his son, saying,	Debid Israelwg nyigbo mwlwngam mwwg ko tuup Solomonnvn tulungv gaml jinum, begamv,
who will sustain you to the end, guiltless in the day of our Lord Jesus Christ.	Hoqgab ngulug At Sw Jisu Kristog aalho nulug mwwpa-mvaqb mwwpa-mvaqb mwwpa-mvaqb mwwpa-mvaqb mwwpa-mvaqb mwwpa-mvaqb mwwpa-mvaqb mwwpa-mvaqb mwwpa-mvaqb mwwpa-mvaqb mwwpa-mvaqb mwwpa-mvaqb mwwpa-mvaqb mwwpa-mvaq
Six days shall work be done, but the seventh day is a Sabbath of solemn rest, holy to the Lord . Whoever does any work on the Sabbath day shall be put to death.	Nulv aalho bon nyinam mam mvtayin, hvbmabde aalho vnyw kvnv At Sw gab dvrwq dvb doog dvb dootayin. Hiyvkam hoq aalho bon nyinam mam mvtayin, hiyvkam hoq aalho bon nyinam mam mvtayin.
Steadfast love and faithfulness preserve the king, and by steadfast love his throne is upheld.	Dvrwqbo abynamv la mwwjwnamv lvpw atvn jvqtw dvn, hoo dvrwqbo abynamv mwwg pwqlwngam doogdvn.
You will destroy their descendants from the earth, and their offspring from among the children of man.	No bulug ko tuup tulungam swcw gvda hoqgv mvtayin, hoo bulug ko tuup tulungam nyia ko tulug pengko hoqgv mvtayin.
After this David inquired of the Lord , “Shall I go up into any of the cities of Judah?” And the Lord said to him, “Go up.” David said, “To which shall I go up?” And he said, “To Hebron.”	Soq kokw so Debid At Swn toxnum, Ngo Judag bopam tulug pengko ho wnum? Hoo At Sw mwam benum, Wwwto. Debid benum, Hoggv ngo wtayin? Hoo mwv benum, Hebron ho.
Now we command you, brothers, in the name of our Lord Jesus Christ, that you keep away from any brother who is walking in idleness and not in accord with the tradition that you received from us.	Ngoqg vbw-bor tulu, ngulug At Sw Jisug Kristog emin gab ngulv nulam gaml jinum, hiyv nyi vbw-bor tulungam mwwdwq-mvaqb nyidwn hoo ngulug hoqgv nulam tomswr-mvaqb nyidwn, nulv hoqgv wleqto.
John would have prevented him, saying, “I need to be baptized by you, and do you come to me?”	Hvbmabde Jon mwam mwwpa kunv benum, Ngo noqg lvgab baptijum mvdwb nyidwn, hvbmabde no ngoqg dookub haanum?
The mountains quaked before the Lord , even Sinai before the Lord , the God of Israel.	Israelwg Pwnbo At Swg agaho, Sinaiwg agaho, puutu tulungam At Swg agaho gurumnum.
and you shall offer a burnt offering, for a pleasing aroma to the Lord : one bull from the herd, one ram, seven male lambs a year old without blemish;	hoo nulv boyuqnam aky jinam tayin, hoggab At Swn mwwpa dvn: sviya hoqgv svv hvvbv, sviya hoqgv hvvbv, vnyw vnyw otuq hoqgv vnyiq dvb sviya hoqgv vnyiq-vnyiq dvb mvdwb mvdwb mvdwb mvdwb mvdwb mvdwb mvdwb mvdwb mvdwb mvdwb mvdwb mvdwb mvdwb mvdwb mvdwb mvdwb
And when did we see you a stranger and welcome you, or naked and clothe you?	Hvnyiloqkam ngulv nam nyoodo nyi tulungam kaapa kun hoo nam mwwpa kun, ho ngulv nam vjam kaapa kun, ho ngulv nam vjam kaapa kun, ho ngulv nam vjam kaapa kun, ho ngulv nam vjam kaapa kun, ho ngulv nam vjam kaapa kun, ho ngulv nam vjam kaapa kun, ho ngulv nam vjam kaapa kun, ho ngulv nam vjam kaapa kun, ho ngulv nam vjam kaapa kun, ho ngulv nam vjam kaapa kun, ho ngulv
Thus you shall do to them to cleanse them: sprinkle the water of purification upon them, and let them go with a razor over all their body, and wash their clothes and cleanse themselves.	Soq sib no bulam dvrwq dvb nyito: bulug aoho dvrwqbo iss dvb mvtayin, hoo bulam bulug gvda mwlwho swwgam mvtayin, hoo bulug vjam mvtayin hoo bulv atv dvrwq dvrwq dvb dvrwq dvb dvrwq dvrwq dvrwq dvrwq dvrwq dvrwq dvrwq dvrwq dvrwq dvrwq dvrwq dvrw
Early in the morning he came again to the temple. All the people came to him, and he sat down and taught them.	Kokw so mwv atwg dvrwq namlo dookub haanum. Nyi mwlwngv mwwg dookub haanum, hoo mwv bulam tomswrnum.
They set a net for my steps; my soul was bowed down. They dug a pit in my way, but they have fallen into it themselves. Selah	Bulv ngoqg lvpiangam twqlwq maanum; ngoqg yuunamv mwwpa kunum. Bulv ngoqg lamtangam twqlwq maanum, hvbmabde bulv bulv atv hoqho wlwq paku.
Immediately they left their nets and followed him.	Hoq kokw so bulv bulug pengko hoqgv wleq kunum hoo bulv mwwg kokwb wmin gvdwl mwwg kokwb wmin gvdwl mwwg kokwb wmin gvdwl wmin gvdwl mwwg kokwb wmin gvdwl mwwg kokwb wmin gvdwl mwwg kokwb wmin gvdwl wmin gvdwl mwwg kokwb wmin gvdwl mwwg kokwb wmin gvdwl mwwg kokwb wmin gvdwl mwwg kokwb wmin gvdwl wmin g
Be not overly wicked, neither be a fool. Why should you die before your time?	Dvrwqbo nyixiaqkam mvma dvn, ho mwwpa dvn. Hoggub no noqg mood hoqgv swwtayin hvl hoggub nyidwb nyidwb nyidwb nyidwb nyidwb nyidwb nyidwb nyidwb nyidwb nyidwb nyidwb nyidwb nyidwb nyidwb nyidwb nyidwb nyidwb nyidwb nyidwb nyidwb nyidwb nyidwb nyidwb nyidwb nyidwb nyidwb nyidwb nyidwb nyid
But a certain man drew his bow at random and struck the king of Israel between the scale armor and the breastplate. Therefore he said to the driver of his chariot, “Turn around and carry me out of the battle, for I am wounded.”	Hvbmabde nyi ak mwwg svvqlwqnum hoo Israelwg lvpw atwg lvpw atwg svmcw hoqgv la svmcw hoqgv wnum. Hoqgab mwwg ceriot boam mwv benum, Wrwqto hoo ngam nyob pan hoqgv lvgab lvgab lvqbwq paku, hoggab ngo wm paku.
Then we asked those elders and spoke to them thus: ‘Who gave you a decree to build this house and to finish this structure?’	Ho ngulv nyiqry tomswr tulungam toxnum hoo bulam soq sib agam goonum: Hiyv nulam soq nam mam mvdwb mvdwb gaml jinum?
But I have built you an exalted house, a place for you to dwell in forever.”	Hvbmabde ngo nam dvrwqbo nam mam mvdwb mvdwb mvdwb mvdwb mvdwb mvdwb mvdwb mvdwb mvdwb mvdwb mvdwb mvdwb mvdwb mvdwb mvdwb mvdwb mvdwb mvdwb mvdwb mvdwb mvdwb mvdwb mvdwb mvdwb mvdwb mvdwb mvdwb mvdwb mvdwb mvdwb mvdwb mvdwb mvdwb mvdwb mvdwb mvdwb mvdwb mvd
May the Lord give strength to his people! May the Lord bless his people with peace!	At Sw mwwg nyiilungam ator jitayin! At Sw mwwg nyiilungam swrsongam lvqc-loosaqb lvqc-loosaqb lvqc-loosaqb lvqc-loosaqb lvqc-loosaqb lvqc-loosaqb lvqc-loosaqb lvqc-loosaqb lvqc-loosaqb lvqc-loosaqb lvqc-loosaqb lvqc-
And he did what was right in the eyes of the Lord , according to all that his father Amaziah had done.	Hoo mwwg ab Amajiyag nyinam mwlwngam mwv At Swg kaagaho jvqtwngam nyinum.
And if they are bound in chains and caught in the cords of affliction,	Hoo bulv nywywngam lvqc-loosaq lvqc-loosaq lvqc-loosaq lvqc-loosaq lvqc-loosaq lvqc-loosaq lvqc-loosaq lvqc-loosaq lvqc-loosaq lvqc-loosaq lvqc-loosaq lvqc-loosaq lvqc-loosaq lvqc-loosaq lvqc-loosa
And he killed it, and Moses threw the blood against the sides of the altar.	Hoo mwv hoqham mengnum, hoo Mojes vcwngam yugw hoqg lvqc-loosaqho wmnum.
These are the sons of Zilpah, whom Laban gave to Leah his daughter; and these she bore to Jacob—sixteen persons.	Soq tulu si Silpa gv ko tuup tulungv, hiyv Laban mwwg nyem ko Leyag jinum; hoo soq tulu si mwn Jakubnvn vnyw camleq goonum.
All the temple servants and the sons of Solomon’s servants were 392.	Dvrwq namlog nyera mwlwngv la Solomonwg nyera ko tuup tulungv 392 go doonum.
So if you have such cases, why do you lay them before those who have no standing in the church?	Hvbmabde nulv soq nyi tulug pengko hoqgv doodwn, hoggab nulv soq nyi tulug pengko hoqgv doodwn, hoggab nulv soq nyi tulug pengko hoqgv doodwn, hoggab nulv soq nyi tulug pengko hoqgv doodwn, hoggab nulv soq nyi tulug pengko hoqgv doodwn, hoggab nulv soq nyi tulug pengko hoqgv doodwn, hoggab nulv soq nyi tulug pengko hoqgv doodwn?
(for they shall hear of your great name and your mighty hand, and of your outstretched arm), when he comes and prays toward this house,	(hoggab bulv noqg yuunam mam la noqg ator alaqkam, hoo noqg lvqbwq alaqkam tapa tayin), hwdlo mwv haanum hoo soq nam ura hoqgv swgwb swgwb dootayin,
Avvim, Parah, Ophrah,	Avvim, Parag, Ofra,
Then he took the Book of the Covenant and read it in the hearing of the people. And they said, “All that the Lord has spoken we will do, and we will be obedient.”	Ho mwv Pwnbog Pvvb tomswrnam mam naaknum hoo ham nyiilug agaho tomswrnum. Hoo bulv benum, At Swg agam goonam mwlwngam ngulv nyitayin, hoo ngulv tomswr tayin.
And the Lord blessed the latter days of Job more than his beginning. And he had 14,000 sheep, 6,000 camels, 1,000 yoke of oxen, and 1,000 female donkeys.	Hoo At Sw Jobg aalho aalho mwwg aalho aalho mwlwngam mwwpa kunum. Hoo mwv svvnyiv 14,000 go, svvnyiv 6,000 go, svvnyiv 1,000 go, hoo svdamv 1,000 go doonum.
He said, “What have they seen in your house?” And Hezekiah answered, “They have seen all that is in my house; there is nothing in my storehouses that I did not show them.”	Mwv benum, Hoggv bulv noqg namho kaapanum? Hoo Hejekiya birwqnum, Ngoqg namho hog mwlwngam bulv kaapanum; ngoqg doogw hoqgv hog mwlwngam ngo bulam kaakinum.
All things have been handed over to me by my Father, and no one knows the Son except the Father, and no one knows the Father except the Son and anyone to whom the Son chooses to reveal him.	Ngoqg Abv hog mwlwngam ngoqg alaqkv jitayin. Abwg lvgab Ko Tuupam hog mwlwngam cengma dvn, hoo Ko Tuupam hoo Ko Tuupv hog mwlwngam mwam cengm dvb mwlwngam cengm dvb mwlwngam cengm dvb mwlwngam cengm dvb mwlwngam cengm dvb mwlwngam cengm dvb mwlwngam cengm dvb mwlwngam cengm dvb mwlwngam cengm dvb mwlwngam
And they did so, sending it to the elders by the hand of Barnabas and Saul.	Hoq kokw so bulv Barnabas la Soulwg alaqho hoq tulu ham nyi tulug dookub kanam dvb mvdwb mvdwb mvdwb mvdwb mvdwb mvdwb mvdwb mvdwb mvdwb mvdwb mvdwb mvdwb mvdwb mvdwb mvdwb mvdwb mvdwb mvdwb mvdwb mvdwb mvdwb mvdwb mvdwb mvdwb mvdwb mvdwb mvdwb mvdwb mvdwb mvdwb mvdwb mvdwb mvdwb mv
And we are witnesses to these things, and so is the Holy Spirit, whom God has given to those who obey him.”	Ngulv soq mwlwngam nyiqry benam mam kaakin dvn, hoo Pwnbov mwwg gaml doonbo nyi tulungam jipa kun, hoqgab Pwnbog Dvrwqbo Yalv kam kaakin dvn.
Cursed shall be the fruit of your womb and the fruit of your ground, the increase of your herds and the young of your flock.	Noqg imiq hoqgv hoo noqg gvdangv, noqg svdin tulungam hoo noqg sviya tulungam vcjaqb nyidwb nyidwb nyidwb nyidwb nyidwb nyidwb nyidwb nyidwb nyidwb nyidwb nyidwb nyidwb nyidwb nyidwb nyidwb nyidwb nyidwb nyidwb nyidwb nyidwb nyidwb nyidwb nyidwb nyidwb nyidwb nyidwb nyidwb nyidwb nyidwb nyidwb nyidwb
that I may make you swear by the Lord , the God of heaven and God of the earth, that you will not take a wife for my son from the daughters of the Canaanites, among whom I dwell,	ho ngo nam ao gvda gvtwg Pwnbo, At Swg eminam mam, hoo swcw gvda Pwnbo, ho ngoqg pengko ho doonbo Kanaan nyi tulug nyem ko hoqgv no ngoqg ko tuup gab nywxw maabv,
At the end of ten days it was seen that they were better in appearance and fatter in flesh than all the youths who ate the king’s food.	Aalho aalho bulv lvpw atwg dvnam mam dvb dvb dvb dvb mwlwngam mwwpa kun hoo bulv vdin-vlyw dvb mwlwngam mwwpa kun.
No one shall come up with you, and let no one be seen throughout all the mountain. Let no flocks or herds graze opposite that mountain.”	Nulug lvgab nyi akkam haatayin, hoo gvda mwlwho nyi akkam kaapa maabv. Hoq puutu ho svdinamv ho svdinamv sviya-viya-viya-viya-viya-viya-viya-viya-viya-viya-viya-viya-viya-viya-viya-viya-viya-viya-viya-viya-viya-viya-viya-viya-viya-viya-viya-vi
The Lord will reign forever, your God, O Zion, to all generations. Praise the Lord !	At Sw nwrba gob pvvb bwwl dootayin, noqg Pwnbov, Zion, nyob hoqgv nyob pan. At Swn paqto!
And I will set fire to Egypt; Pelusium shall be in great agony; Thebes shall be breached, and Memphis shall face enemies by day.	Hoo ngo Ijiptam wm dvb mvtayin; Pelusiumv vcjaqb vcjaqb mvtayin; Tebasv vcjaqb mvtayin, hoo Memphis aalho ceebio tulungam ceekol ceekol ceekol ceekol ceekol ceekol ceekol ceekol ceekol ceekol ceekol ceekol ceekol ceekol ceekol ceekol ceekol ceekol ceekol ceekol ceekol ceekol ceekol ceekol ceekol ce
your robes are all fragrant with myrrh and aloes and cassia. From ivory palaces stringed instruments make you glad;	noqg vjam mwlwngv mirr, alois hoo kasia hoqgv dvrwq dvrwq dvrwq dvrwq dvn. Ivory namlo hoqgv lvqbwq-lvqbwq tulungam nam hemp dvn;
“Dress for action like a man; I will question you, and you make it known to me.	Nyia hvb nyinam gab vjamto; ngo nam pwqlwq tayin, hoo no hoqham ngam cengdwb jitwl jitwl jitwl jitwl jitwl jitwl jitwl jitwl jitwl jitwl jitwl jitwl jitwl jitwl jitwl jitwl jitwl jitwl jitwl jitwl jitwl jitwl jitwl jitwl jitwl jitwl jitwl jitwl jitwl jitwl jitwl jitwl jitwl jitwl jitwl jitwl jitwl jitwl jitwl jitwl jitwl jitwl jitwl jitwl jitwl jitwl jitwl jit
They said to the woman, “It is no longer because of what you said that we believe, for we have heard for ourselves, and we know that this is indeed the Savior of the world.”	Bulv nywxwngam benum, Noqg benam gab ngulv mwwjwnam, hvbmabde ngulv ngulv ngulug atv tapa ku, hoo ngulv cengdwn, mwv jvqtw jaqb swcw gvda gvtwngam ywwlin dvn.
For in that day everyone shall cast away his idols of silver and his idols of gold, which your hands have sinfully made for you.	Hoggab hoq aalam nyiicwr-cwrxiv nulug alaqkv nulug gab nyic-nyiyiqnam hvb mwwg rupam pwnam mam la hunam pwnam mam mvtayin.
Bethany was near Jerusalem, about two miles off,	Betaniya Jerusalem hoqgv vnyw camleq hoqgv doonum, hoqgv vnyw camleq hoqgv doonum.
Or those eighteen on whom the tower in Siloam fell and killed them: do you think that they were worse offenders than all the others who lived in Jerusalem?	Hvbmabde bulug aoho Siloamwg svvnwqbo svvnwq-svvnwqbo svvnwq-svvnwqnum, bulv Jerusalemho doonbo nyi mwlwngam nyic-mviya boam nyipa kun hvl nulv mwwdwn hvl mwwdwn hvl nulv mwwdwn hvl nulv mwwdwn hvl mwwdwn hvl mwwdwn hvl mwwdwn hvl mwwdwn hvl mwwdwn hvl mwwdwn hvl mwwdwn hvl mwwdwn hv
Be merciful to me, O God, be merciful to me, for in you my soul takes refuge; in the shadow of your wings I will take refuge, till the storms of destruction pass by.	Pwnboa, ngam mwwpa tayin, ngam mwwpa tayin, hoggab noqg lvgab ngoqg yuunamv mwwpa tayin; noqg lvpiangv mwwpa tayin, noqg lvpiangv mwwpa tayin, hvbmabde mwwdwq-mvaqlwqlwqlwqlwqlwqlwqlwqlwqlwqlwqlwqlwqlwqlwqlwqlwqlwqlwqlw
( The Emim formerly lived there, a people great and many, and tall as the Anakim.	(Emin nyi tulungv otuqho doonum, nyiilungv vcjaqb hoo vcjaqb nyiilungv, hoo Anakim hvb lvqcwngv.
Now these are the chiefs of David’s mighty men, who gave him strong support in his kingdom, together with all Israel, to make him king, according to the word of the Lord concerning Israel.	Soq tulu si Debidg atorbo nyi tulu tulungv, hiyv mwwg lvpw-hatiam mwwg lvpw-hatiam, Israel mwlwngam lvgab mwwg lvpw at gob mvnum, ho At Swg Israel gab gomcwram hvb mwam lvpw at gob mvnum.
The name of the slain man of Israel, who was killed with the Midianite woman, was Zimri the son of Salu, chief of a father’s house belonging to the Simeonites.	Israelam nyi akwg eminv, hiyv Midian nyi akwg lvgab mengnum, Silowg ko tuup Zimri, Simeon nyi tulug abwg imiq dvparv.
but I would not listen to Balaam. Indeed, he blessed you. So I delivered you out of his hand.	hvbmabde ngo Balaamnvn tato maanum. Jvqtw jaqb, mwv nam paqnum. Hoqgab ngo nulam mwwg alaq hoqgv ywwlinum.
Would that this people were under my hand! Then I would remove Abimelech. I would say to Abimelech, ‘Increase your army, and come out.’”	Soq nyiilungv ngoqg alaqho doognum! Hoqgab ngo Abimeleknvn wleqnum. Ngo Abimeleknvn betayin, Noqg sipai tulungam vcjaqb mvto, hoo lvvgwb wtayin.
And he came down with them and stood on a level place, with a great crowd of his disciples and a great multitude of people from all Judea and Jerusalem and the seacoast of Tyre and Sidon,	Kokw so mwv bulug lvgab wmin gvnum, hoo mwwg nyi tulungv la Juhudi gvda mwlwngam, Jerusalem gvda mwlwngam, Twr gvda gvda gvda gvda gvda gvda gvda gvda gvda gvda gvda gvda gvda gvda gvda gvda gvda gvda gvda gvda gvda gvda gvda gvda gvda gvda gvda g
Who is like the Lord our God, who is seated on high,	Hiyv ngulug Pwnbo At Sw hvb nyidwn, hiyv aoho doodu dvn,
And they found it written in the Law that the Lord had commanded by Moses that the people of Israel should dwell in booths during the feast of the seventh month,	Hoo bulv At Sw Mojeswg lvgab gaml jinum hvl Pvvb hoqgv xeqlwqnum, ho Israel nyiilungv hoqgv vnyw kvn hoqgv svmcw tulungam dootayin, hvl bulv kaapa kunum,
On that day, when evening had come, he said to them, “Let us go across to the other side.”	Hoq aalho kvvrwqnamv, mwv bulam benum, Ngulv hoqgv wleq tvl wtayin. Nulv wleq tvl wleq tvl wleq tvl wleq tvl wleq tvl wleq tvl wleq tvl wleq tvl wleq tvl wleq tvl wleq tvl wleq tvl wleq tvl wleq tvl wleq tvl wleq tvl wleq
May his days be few; may another take his office!	Mwwg aalv vcjaqb mvdwn; mwwg pwqlw hoqgv nyi ak mvdwn!
You shall not bow down to them or serve them, for I the Lord your God am a jealous God, visiting the iniquity of the fathers on the children to the third and fourth generation of those who hate me,	Noqg Pwnbo At Sw ngo nywywngam Pwnbov, hoggab nulug ab tulug nyixiaqnam mam ngoqg ceebio tulungam hoo vpy-vpy-vpy-vpy-vpy-vpy-vpy-vpy-vpy-vpy-vpy-vpy-vpy-vpy-vpy-vpy-vpy-vpy-vpy-vpy-vpy-vpy-vpy-vpy-vpy-vpy-vpy-vpy-vpy-v
That very day the Lord spoke to Moses,	Hoq aalam At Sw Mojesnvn agam goonum,
And one of them, a lawyer, asked him a question to test him.	Kokw so bulug pengko hoqgv Pwnbog tomswrbo akv Jisun birwqnum.
And the believers from among the circumcised who had come with Peter were amazed, because the gift of the Holy Spirit was poured out even on the Gentiles.	Ho Pitor lvgab haanbo nyi tulungam mwwjwngv Pwnbog mwwjwnum, hoqgab Pwnbog Pwnbov Pwnboam Pwnboam Pwnboam Pwnboam Pwnboam Pwnboam Pwnboam Pwnboam Pwnboam Pwnboam Pwnboam Pwnboam Pwnboam Pwnboam Pwnboam Pwnboam Pwnboam Pwnboam Pwnboam Pwnboam Pwnboam Pwnboam Pwn
But the people are many, and it is a time of heavy rain; we cannot stand in the open. Nor is this a task for one day or for two, for we have greatly transgressed in this matter.	Hvbmabde nyiilungv vcjaqb nyinum, hoo hoq moodv vcjaqb vcjaqb vcjaqb nyinum; ngulv vcjaqb dookram. Soq si aal lo aal lo aal lo aal lo vcjaqb nyima dvn, hoggab ngulv soq pvvb hoqgv vcjaqb nyixiaqb nyinum.
He reigned for three years in Jerusalem. His mother’s name was Micaiah the daughter of Uriel of Gibeah. Now there was war between Abijah and Jeroboam.	Mwv Jerusalemho vnyw nywum go pvvb bwwl doognum. Mwwg annwg eminv Gibea hoqgv Urielwg nyem ko Mikaya. Soq si Abija la Jeroboam pengko ho nyob panum.
But Abner the son of Ner, commander of Saul’s army, took Ish-bosheth the son of Saul and brought him over to Mahanaim,	Hvbmabde Nerwg ko tuup Abner, Soulwg sipai lvpw atv, Soulwg ko tuup Is-bosetnvn boolinum hoo mwam Mahanaim ho boolinum,
from Aroer, which is on the edge of the Valley of the Arnon, and the city that is in the middle of the valley, and all the tableland of Medeba as far as Dibon;	Aroyer hoqgv, hoqhv Arnon gvda gvda hoqgv, hoo gvda gvda hoqgv bopam hoqgv, hoo Medeba gvda mwlwngam Dibon gvda hoqgv;
I have gone astray like a lost sheep; seek your servant, for I do not forget your commandments.	Ngo wleqbo sviya hvb wleq kunum; noqg nyerangam meegaqto, hoggab ngo noqg gaml jinam mam mwwma dvn.
You shall not intermarry with them, giving your daughters to their sons or taking their daughters for your sons,	Noqg nyem ko tulungam bulug ko tuup tulungam jitayin ho bulug nyem ko tulungam noqg ko tulungam jitayin,
Shaaraim, Adithaim, Gederah, Gederothaim: fourteen cities with their villages.	Saaraim, Aditaim, Gedera, Gederotaim: vnyw camleq bopamv bulug bopam tulu lvgab.
But Absalom sent secret messengers throughout all the tribes of Israel, saying, “As soon as you hear the sound of the trumpet, then say, ‘Absalom is king at Hebron!’”	Hvbmabde Absalom Israelwg nyob tulu mwlwngam nyiqry benbo tulungam goqnum, begamv, Hwdlo nulv hwdgo torpwngam tapa yin, ho begamv, Absalom Hebronho lvpw atv!
Send me also cedar, cypress, and algum timber from Lebanon, for I know that your servants know how to cut timber in Lebanon. And my servants will be with your servants,	Lebanon hoqgv ngam kedar, sipres, hoo alkumum svvnvnvn kam jitayin, hoggab noqg nyera tulungv Lebanon ho svvnvn hvl cengdwn hvl ngo cengdo. Hoo ngoqg nyera tulungv noqg nyera tulungv lvgab dootayin,
not by the way of eye-service, as people-pleasers, but as bondservants of Christ, doing the will of God from the heart,	Nulv nyi tulungam mwwpa dvn, hvbmabde nulv Kristog nyera hvb nyidwn, Pwnbog mwwlwq-mux-mux dvb nyidwn, Pwnbog mwwlwq-mux-mux-mux-mux-mux-mux-mux-mux-mux-mux-mux-mux-mux-mux-mux-mux-mux-mux-mux-mux-mux-mux-mux-mux
Now Naboth the Jezreelite had a vineyard in Jezreel, beside the palace of Ahab king of Samaria.	Samariyag lvpw at Ahabg dvrwq namgub, Jezreel ho Jezreel ho Jezreel hoqgv Nabotnvn vign gob doonum.
And I saw the beast and the kings of the earth with their armies gathered to make war against him who was sitting on the horse and against his army.	Hoqgab ngo svdinam la swcw nvg lvpw at tulungam bulug sipai tulug lvgab hookumnum hoqgv svpur hoqgv doonbo nyi tulungam la mwwg sipai tulungam ceekol nyob panum.
For great is the Lord , and greatly to be praised, and he is to be feared above all gods.	Hoggab At Sw aado, hoo mwlwngam paqdwn, hoo mwlw pwnbo tulug aoho mwam bos dvb.
And Leah said, “Good fortune has come!” so she called his name Gad.	Hoo Liya benum, Nyiqry benamv haanum! hoqgab mwn mwwg eminam Gad hvl goqnum.
When I remember, I am dismayed, and shuddering seizes my flesh.	Hwdlo ngo mwwpa dvn, ngo hwnyir-hvmar dvn, hoo hwnyir-hvmarv ngoqg gvdangam naareq dvn.
Outdoors the sword shall bereave, and indoors terror, for young man and woman alike, the nursing child with the man of gray hairs.	Gvda hoqgv lyoqr orioqkv kvvrwq tayin, hoo hoqgv hoqgv hwnyir-hvmar tayin, hoggab nyega akv la nyem akv vcjaqb nyinum, nywxw bo ko akv vcjaqb nyinum.
and the fourth row a beryl, an onyx, and a jasper. They shall be set in gold filigree.	hoo vpy hoqgv beril, onyx, hoo jaspar. Hoq tulu ham hun hoqgv pvxwqlwqlwqlwqlwqlwqlwqlwqlwqlwqlwqlwqlwqlwqlwqlwqlwqlwqlwqlwqlwqlwqlwqlwqlwqlwqlwqlwqlwqlwqlwqlwqlw
But Micaiah said, “As the Lord lives, what my God says, that I will speak.”	Hvbmabde Mikaiya benum, At Sw swwl doodo, ngoqg Pwnbov hoggv bedo, ho ngo agam gootayin.
Be exalted, O Lord , in your strength! We will sing and praise your power.	At Swa, noqg ator hoqgv aljaqto! Ngulv lwwlin tayin hoo noqg ator ham paqlin tayin.
A voice says, “Cry!” And I said, “What shall I cry?” All flesh is grass, and all its beauty is like the flower of the field.	Nyiqry benamv, Cwr-cwr-cwr-cwr-cwr-cwr-cwr-cwr-cwr-cwr-cwr-cwr-cwr-cwr-cwr-cwr-cwr-cwr-cwr-cwr-cwr-cwr-cwr-cwr-cwr-cwr-cwr-cwr-cwr-cwr-cwr-cwr-cwr-cwr-cwr-cwr-cwr-cwr-cwr-
You hold my eyelids open; I am so troubled that I cannot speak.	No ngoqg vnyiq-vnyiqnam mam mvdwb mvdwb mvdwb mvdwb mvdwb mvdwb mvdwb mvdwb mvdwb mvdwb mvdwb mvdwb mvdwb mvdwb mvdwb mvdwb mvdwb mvdwb mvdwb mvdwb mvdwb mvdwb mvdwb mvdwb mvdwb mvdwb mvdwb mvdwb mvdwb mvdwb mvdwb mvdwb mvdwb mvdwb mvdwb mvdwb mvdwb mvd
“Behold, God is mighty, and does not despise any; he is mighty in strength of understanding.	Kaato, Pwnbov ator bo, hoo hiyvkam mwwpa maabv; mwv mwwjw-mujam ator bo hvb nyidwb nyidwb nyidwb nyidwb nyidwb nyidwb nyidwb nyidwb nyidwb nyidwb nyidwb nyidwb nyidwb nyidwb nyidwb nyidwb nyidwb nyidwb nyidwb nyidwb nyidwb nyidwb nyidwb nyidwb nyidwb nyidwb nyidwb nyidwb nyidwn.
Helkath with its pasturelands, and Rehob with its pasturelands—four cities;	Helkat lvgab hoqg sviya gvda tulu lvgab, hoo Rehob lvgab hoqg sviya gvda tulu lvgabpvlwq bopam vpy tulungam mvdwb mvdwb mvdwb mvdwb mvdwb mvdwb mvdwb mvdwb mvdwb mvdwb mvdwb mvdwb mvdwb mvdwb mvdwb mvdwb mvdwb mvdwb mvdwb mvdwb mvdwb mvdwb mvdwb mvdwb mvdwb mvdwb
And the twelve gates were twelve pearls, each of the gates made of a single pearl, and the street of the city was pure gold, like transparent glass.	Hoq mwlwngam twlwngam twlwngam twlwngam twlwngam twlwngam twlwngam twlwngam twlwngam twlwngam twlwngam twlwngam twlwngam twlwngam twlwngam twlwngam twlwngam twlwngam twlwngam twlwngam twlwngam twlwngam twlwngam twlwngam twlwngam twlwngam twlwngam twlwngam twlwngam twlwngam twlwngam
I will drench the land even to the mountains with your flowing blood, and the ravines will be full of you.	Noqg lvqcwngam ngo gvda hoqgv puutu tulungam mvtayin, hoo noqg lvqcwngv noqg lvgab lvqcwngv lvqcwngv lvqcwngv lvqcwngv lvqcwngv lvqcwngv lvqcwngv lvqcwngv lvqcwngv lvqcwngv lvqcwngv lvqcwngv lvqcwngv lvqcwngv lvqc
This is the message we have heard from him and proclaim to you, that God is light, and in him is no darkness at all.	Soq si ngulv mwwg hoqgv tapa tvl nulam bekin dvn, Pwnbov mwwg hoqgv mwwpa dvn, hoo mwwg hoqgv dooma dvn.
until we all attain to the unity of the faith and of the knowledge of the Son of God, to mature manhood, to the measure of the stature of the fullness of Christ,	Hvbmabde ngul mwlwngv Pwnbog Ko Tuupam mwwjwnam mam, mwwjw-mujwnam mam, Pwnbog Ko Tuupam mwwjw-mujwnam mam, Pwnbog ko tuupam mam, Pwnbog ko tuupam mam, Pwnbog ko tuupam mam, Pwnbog ko tuupam mam, Pwnbog ko tuupam mam, Pwnbog ko tuupam mam, Pwnbog ko tuupam mam, Pwnbog ko tuupam mam, Pwnbog ko
And as they sat at the table, the word of the Lord came to the prophet who had brought him back.	Hoo hwdlo bulv pwqlw ho doonum, At Swg gomcwrv mwam wkur kunbo nyiqry benbo dookub haanum.
When King David came to Bahurim, there came out a man of the family of the house of Saul, whose name was Shimei, the son of Gera, and as he came he cursed continually.	Hwdlo Lvpw at Debid Bahurim ho haanum, hoqho Soulwg imiq hoqgv nyi akv haanum, hiyvg eminv Gera gv ko tuup Simei, hoo mwv haan boam mwv daalinum.
Have you comprehended the expanse of the earth? Declare, if you know all this.	Nulv swcw gvda mwlwngam cengdwn hvl no? Soq mwlwngam no cengdwn hoqgv betam mvdwb mvdwb mvdwb mvdwb mvdwb mvdwb mvdwb mvdwb mvdwb mvdwb mvdwb mvdwb mvdwb mvdwb mvdwb mvdwb mvdwb mvdwb mvdwb mvdwb mvdwb mvdwb mvdwb mvdwb mvdwb mvdwb mvdwb mvdwb mvdwb mvdwb mv
So the decree went out, and the wise men were about to be killed; and they sought Daniel and his companions, to kill them.	Hoqgab gaml jinum, hoo mwwjwbo nyi tulungam mengnum; hoo bulv Daniyel nvla mwwg lvgab nyi tulungam mengnum, ho bulam mengnum.
And the Lord said to him, “I have heard your prayer and your plea, which you have made before me. I have consecrated this house that you have built, by putting my name there forever. My eyes and my heart will be there for all time.	Hoo At Sw mwam benum, Ngoqg agaho noqg swgwnam mam la noqg swgwnam mam ngo tapanum. Noqg lvgab noqg dvrwq nam mam ngo dvrwq pakun, hoqho ngoqg eminam nwrba gob nyitayin. Ngoqg vnyiqkam la ngoqg hangv nwrba gob nyitayin.
So Aaron stretched out his hand over the waters of Egypt, and the frogs came up and covered the land of Egypt.	Ho Aaronnv mwwg alaqkv Ijipt gv iss lvgab lengnum, hoo svvqlwqkv Ijipt gvdangam haanum hoo hoqgv pvx-pvx-pvx-pvx-pvx-pvx-pvx-pvx-pvx-pvx-pvx-pvx-pvx-pvxa-pvxa-pvxa-pvxa-pvxa-pvxa-pvxa-pvxa-
Rejoice not over me, O my enemy; when I fall, I shall rise; when I sit in darkness, the Lord will be a light to me.	Ngoqg ceebio, ngoqg aoho hemp maabv; hwdlo ngo wmin gvdwl, ngo dootayin; hwdlo ngo vnyiqho dootayin, At Sw ngoqgab vcjaqb nyidwb nyidwb nyidwb nyidwb nyidwb nyidwb nyidwb nyidwb nyidwb nyidwb nyidwb nyidwb nyidwb nyidwb nyidwb nyidwb nyidwb nyidwb nyidwb nyidwb nyidwb nyidwb nyidwb nyidwn.
Cut off from Babylon the sower, and the one who handles the sickle in time of harvest; because of the sword of the oppressor, every one shall turn to his own people, and every one shall flee to his own land.	Bebilon hoqgv nyookam mvdwb mvdwb mvtayin, hoo hoqgv vnyiq-vnyiqnam aalho svpuram mvdwb mvdwb mvdwb mvtayin; nyixiaqkv lyoqr orioq hoqgv, nyiicwr-cwrxiv mwwg nyiilug dookub wkur tayin, hoo nyiicwr-cwrxiv mwwg gvda hoqgv lengtayin.
Then I looked, and I heard an eagle crying with a loud voice as it flew directly overhead, “Woe, woe, woe to those who dwell on the earth, at the blasts of the other trumpets that the three angels are about to blow!”	Kokw so ngo kaapa kunum, hoo ngo vcjaqb vcjaqb vcjaqb vcjaqb kaapa kunum, Hiyv, hiyv, hiyv, hiyv gvda gvdaho doonbo nyi tulungam, hoq tulu sam svpur tulug svpur tulungam svpur tulungam svpur tulungam svpur tulungam svpur tulungam svpur tulungam svpur tulungam svpur tulungam svpur tulungam svpur tulungam svpur tulungam svpur tulungam svpur tulungam svpur tulungam
My God, my God, why have you forsaken me? Why are you so far from saving me, from the words of my groaning?	Ngoqg Pwnboa, ngoqg Pwnboa, hoggub no ngam mwwpa ku? Hoggub no ngam ywwlin gvda hoqgv, ngoqg vcjaqb gomcwr tulug hoqgv, ngam ywwlin gvda hoqgv niqtuq paku?
In the six hundredth year of Noah’s life, in the second month, on the seventeenth day of the month, on that day all the fountains of the great deep burst forth, and the windows of the heavens were opened.	Noag swwgw vnyw camleq kvn go, aalho aalho camleq camleq aalho, hoq aalam deexa-loosaq hoqg lvqcwngv mwlwngv lengnum, hoo ao gvda hoqg vnyiqkv vnyiq kunum.
Or can one walk on hot coals and his feet not be scorched?	Hvbmabde nyi akv wm wm hoqgv wmin gvdwl hoo mwwg lvpiangv wmin gvdwl dooma dvn hvl nyidwb nyidwb nyidwb nyidwb nyidwb nyidwb nyidwb nyidwb nyidwb nyidwb nyidwb nyidwb nyidwb nyidwb nyidwb nyidwb nyidwb nyidwb nyidwb nyidwb nyidwb nyidwb nyidwb nyidwb nyidwb nyidwb nyidwb nyidwn?
Then the Lord spoke to Moses, saying,	Ho At Sw Mojesnvn agam goonum, begamv,
The righteous man perishes, and no one lays it to heart; devout men are taken away, while no one understands. For the righteous man is taken away from calamity;	Jvqtw bo nyi akv nyob pakun, hoo hiyvkam hoqham hang mwwpa dvn; mwwjwnbo nyi tulungv mwwpa dvn, hvbmabde hiyvkam cengma dvn. Hoggab jvqtw bo nyi akv kalam hoqgv mwwpa dvn;
God thunders wondrously with his voice; he does great things that we cannot comprehend.	Pwnbov mwwg goqr orioq lvgab vcjaq-loosaq dvb mvdwn; mwv ngulv cengma dvn hog mwlwngam nyidwn.
Afterward he shall turn his face to the coastlands and shall capture many of them, but a commander shall put an end to his insolence. Indeed, he shall turn his insolence back upon him.	Kokw so mwv mwwg nyuqm mam lvvgwb wkur tayin hoo hoq tulu ham mwlwngam naareq tayin, hvbmabde lvpw atv mwwg lvqbwq-loosaqkam ruqpaq tayin. Jvqtw jaqb, mwv mwwg lvqbwq-loosaqkam mwwg aoho ruqpaq tayin.
When Jesus saw her, he called her over and said to her, “Woman, you are freed from your disability.”	Hwdlo Jisu mwnwn kaapanum, mwv mwnwn goqnum hoo mwnwn benum, Nywxw, no noqg vcjaqnam hoqgv mwwpa kun.
And set two worthless men opposite him, and let them bring a charge against him, saying, ‘You have cursed God and the king.’ Then take him out and stone him to death.”	Hoo mwwg ceekol nyima bo nyi vnyiam mvtayin, hoo bulv mwam ceeko mvdwb mvtayin, begamv, No Pwnboam la lvpw atam ceekol doodwn. Ho mwam lvvgwb bootayin hoo mwam lvqc-loosaqb doodwn.
Now therefore do not hold him guiltless, for you are a wise man. You will know what you ought to do to him, and you shall bring his gray head down with blood to Sheol.”	Hoqgab sija mwam nyic-mviya dvb mvma, hoggab no mwwlaqbo nyi ak hvb nyidwn. No mwam hoggv nam nyidwn ham cengtayin, hoo no mwwg vnyiq-vnyiq vnyiq-vnyiq vnyiq lvgab Sux-sviya hoqgv boolin tayin.
And he spread the tent over the tabernacle and put the covering of the tent over it, as the Lord had commanded Moses.	Hoo At Sw Mojesnvn gaml jinam hvb mwv tombu uraho wmnum hoo tombu uraho tombu uraho wmnum.
but when they had eaten them no one would have known that they had eaten them, for they were still as ugly as at the beginning. Then I awoke.	hvbmabde hwdlo bulv hoq tulu ham dvm dvb nyiloqkam bulv hoq tulu ham dvm dvb nyiloqkam nyi akkam cengma, hoggab hoq tulu ham hoqgv otuqb nyinam hvb nyidwn. Ho ngo otuqnum.
And Joseph saw Ephraim’s children of the third generation. The children also of Machir the son of Manasseh were counted as Joseph’s own.	Hoo Josap Iprayimwg ko tuup tulungam nywywngam kaapanum. Manasse gv ko tuup Makirwg ko tuup tulungam Josapg imiq dvb jiknum.
Now when they heard this they were cut to the heart, and said to Peter and the rest of the apostles, “Brothers, what shall we do?”	Kokw so bulv soq sam tapa tvl bulv hang mwwpa kunum, hoo bulv Pitornvn la nyiqry benbo tulungam benum, Nulug vbw-bor tulu, ngulv hoggv nyidwn?
And I heard every creature in heaven and on earth and under the earth and in the sea, and all that is in them, saying, “To him who sits on the throne and to the Lamb be blessing and honor and glory and might forever and ever!”	Hoq ao gvdaho, gvda gvdaho, gvda gvda gvda ho, sa-svlo gvda ho hoo sa-svlo gvdaho, hoo bulug pengko ho doonbo mwlwngv benum, Hiyv lvpw atwg lvpw-haty aoho doonbo hoo Pwnboam lvqc-haty aoho lvqc-haty aoho lvqc-haty aoho lvqc-haty aoho lvq
When we had finished the voyage from Tyre, we arrived at Ptolemais, and we greeted the brothers and stayed with them for one day.	Kokw so ngulv Twr hoqgv doonum, hoq kokw so ngulv Ptolomeis ho haanum, ho ngulv vbw-bor tulungam mwwpa kunum, hoo ngulv bulug lvgab aal loodab doonum.
who has made us sufficient to be ministers of a new covenant, not of the letter but of the Spirit. For the letter kills, but the Spirit gives life.	Hoqgab mwv ngulam pvvb abynam mvdwb nyidwn, hvbmabde Pwnbog Pwnbog Pwnbog Pwnbog Pwnbog Pwnbog Pwnbog Pwnbog Pwnbog Pwnbog Pwnbog Pwnbog Pwnbog Pwnbog Pwnbog Pwnbog Pwnbog Pwnbog Pwnbog Pwnbog Pwnbog Pwnbog Pwnbog Pwnbog Pwnbog Pwnbog Pwnbog Pwnbog Pwnbog Pwnbog Pwnbog Pwnbog Pwnbog Pwnbog
And Joseph gathered up all the money that was found in the land of Egypt and in the land of Canaan, in exchange for the grain that they bought. And Joseph brought the money into Pharaoh’s house.	Hoo Josap Ijipt gvda hoqgv hoo Kanaan gvda hoqgv kaapa kunam tulu ham bulug dvpar hoqgv naareqnum. Hoo Josap hoqgv Parog nammwb haanum.
“Go up through her vine rows and destroy, but make not a full end; strip away her branches, for they are not the Lord ’s.	Mwnwg roo vnyiqkam wtayin hoo nyob pakun, hvbmabde mwlwngam mengma dvn; mwnwg vnyiqkam mengma dvn, hoggab hoq tulu si At Sw gab dooma dvn.
Do you see a man who is hasty in his words? There is more hope for a fool than for him.	Mwwg agam mam vcjaqb mvdwb nyi ak no kaapa dvn? Nulug aoho mwwg aoho mwwdwq dvb mwwdwq dooma dvb dooma dvb dooma dvb dooma dvb dooma dvb dooma dvb dooma dvb dooma dvb dooma dvb dooma dvb dooma dvb dooma dvb dooma dvb dooma dvb dooma dvb dooma dvb dooma dvb dooma dvb dooma dvb dooma dvb dooma dvb dooma dvb
For the enemy has pursued my soul; he has crushed my life to the ground; he has made me sit in darkness like those long dead.	Hoggab nyemaqkv ngoqg swwgam ruqmin gvnum; mwv ngoqg swwgam gvda hoqgv ruqmin gvnum; mwv ngam vcjaqb doodwn bo tulungv hvb vcjaqho dootayin.
“Now this is what you shall do to them to consecrate them, that they may serve me as priests. Take one bull of the herd and two rams without blemish,	Soq sib nulv bulam dvrwq dvb mvtayin, ho bulv ngam nyub tulungv bon nyidwb nyidwb nyidwb nyidwb nyidwb nyidwb nyidwb nyidwb nyidwb nyidwb nyidwb nyidwb nyidwb nyidwb nyidwb nyidwb nyidwb nyidwb nyidwb nyidwb nyidwb nyidwb nyidwb nyidwb nyidwb nyidwb nyidwb nyidwb nyidwb nyidwb nyidwb nyidwb nyid
The soldiers’ plan was to kill the prisoners, lest any should swim away and escape.	Soq sipai tulungv nyera tulungam mengtayin, hvbmabde hiyv hoqgv lvvgwb wmin gvl wmin gvl wmin gvl wmin gvl wmin gvl wmin gvl wmin gvl wmin gvl wmin gvl wmin gvl wmin gvl wmin gvl wmin gvl wmin gvl wmin gvl wmin gvl wmin gvl wmin gvl wmin gvl wmin
So faith comes from hearing, and hearing through the word of Christ.	Hoqgab mwwjwnamv nyidwn hoqgv haatayin, hoo nyidwn hoqgv Kristog gomcwram hoqgv haatayin.
And joy and gladness are taken away from the fruitful field, and in the vineyards no songs are sung, no cheers are raised; no treader treads out wine in the presses; I have put an end to the shouting.	Hoo hemp-hempnam la hemp-hempnamv nyoodum hoqgv naatayin, hoo rooxa-raraho hwnyir-hvmar tayin, hwnyir-hvmar tayin; rooxa-hvmar-hvmar-hvmar-hvmar-hvmar-hvmar-hvmar-hvmar-hvmar-hvmar-hvmar-hvmar-hvmar-hvmar-hvmar-hvmar-hvmar-hvmar-hvmar-hvmar-hvmar-hvmar-hvmar-hvmar-hv
Gilead stayed beyond the Jordan; and Dan, why did he stay with the ships? Asher sat still at the coast of the sea, staying by his landings.	Gilead Jordon gvda ho doonum; hoo Dan, hoggub mwv doonbo tulug lvgab doonum? Aser mwwg gvda ho doonum, sa-svlog lvgab doonum.
that struck the peoples in wrath with unceasing blows, that ruled the nations in anger with unrelenting persecution.	hiyv nyiilu tulungam hang lingtwr-loosaqb vcjaqb mvnum, hiyv nyob tulungam hang lingtwr-loosaqb twryum-twryum-twryum-twryum-twryum-twryum-twryum-twryum-twryum-twryum-twryum-twryum-twryum-twryum-twryum-twryum-twryum-twryum-twryum-twryum-twryum-twryum
“You shall have just balances, a just ephah, and a just bath.	Nulv jvqtw jaqkam, jvqtw jaqkam, hoo jvqtw jaqkam, jvqtw jaqkam, jvqtw jaqkam, jvqtw jaqkam, jvqtw jaqkam, jvqtw jaqkam, jvqtw jaqkam, jvqtw jaqkam, jvqtw jaqkam, jvqtw jaqkam, jvqtw jaqkam, jvqtw jaqkam, jvqtw jaqkam, jvqtw jaqkam, jvqtw jaqkam.
Michael, Ishpah, and Joha were sons of Beriah.	Mikail, Ispa, hoo Joha Beria gv ko tuupv.
“Salt is good, but if salt has lost its taste, how shall its saltiness be restored?	Sulv vcjaqb nyidwn, hvbmabde suulv mwwg vcjaqnam mam naatayin, hoqg vcjaqnamv hoggub nyidwb nyidwb nyidwb nyidwb nyidwb nyidwb nyidwb nyidwb nyidwb nyidwb nyidwb nyidwb nyidwb nyidwb nyidwb nyidwb nyidwb nyidwb nyidwb nyidwb nyidwb nyidwb nyidwb nyidwb nyidwb nyidwb nyidwb nyidwb ny
Shammah of Harod, Elika of Harod,	Harodwg Shamma, Harodwg Elika,
See to it that no one fails to obtain the grace of God; that no “root of bitterness” springs up and causes trouble, and by it many become defiled;	Hoqgab nulv mwwpa dvn, hoggab hiyvkam Pwnbog yuunam mam kaapa dvn, hoggab hiyvkam hiyvkam hiyvkam hiyvkam hiyvkam hiyvkam hiyvkam hiyvkam hiyvkam hiyvkam hiyvkam hiyvkam hiyvkam hiyvkam hiyvkam hiyvkam hiyvkam hiyvkam hiyvkam hiyvkam hiyvkam hiyvkam hiyvkam hiyvkam
So he poured on him the heat of his anger and the might of battle; it set him on fire all around, but he did not understand; it burned him up, but he did not take it to heart.	Hoqgab mwv mwwg hang lingtwrnam mam la nyob patab nyob panum; hoqhv mwwg aoho wm dvb mvnum, hvbmabde mwv cengma dvn; hoqhv mwam wm dvb mvnum, hvbmabde mwv hoqham mwwg hang mwwnum.
the king of Tirzah, one: in all, thirty-one kings.	Tirsa gv lvpw at, otu: mwlwngv lvpw at camnyi go doonum.
Open the gates, that the righteous nation that keeps faith may enter in.	Dvrwqbo nyob tulungv mwwjwnam hvl haatayin, toggoqkam mvtayin, hoqgv dvrwqbo nyob tulungv hoqgv haatayin.
You have fixed all the boundaries of the earth; you have made summer and winter.	No gvda gvda gvda mwlwngam pvvb mvdwb mvdwb mvdwb mvdwb mvdwb mvdwb mvdwb mvdwb mvdwb mvdwb mvdwb mvdwb mvdwb mvdwb mvdwb mvdwb mvdwb mvdwb mvdwb mvdwb mvdwb mvdwb mvdwb mvdwb mvdwb mvdwb mvdwb mvdwb mvdwb mvdwb mvdwb mvdwb mvdwb mvdwb mvdwb mvdwb mv
Elkanah, Isshiah, Azarel, Joezer, and Jashobeam, the Korahites;	Kora hoqgv Elkana, Issiya, Azarel, Joeser, hoo Jasobayim;
The Egyptians were urgent with the people to send them out of the land in haste. For they said, “We shall all be dead.”	Ijipt nyi tulungv nyiilug lvgab ceekol bulam gvda hoqgv ceekol wleq kunum. Hoggab bulv benum, Ngul mwlwngv doodwn.
Therefore thus says the Lord : behold, against this family I am devising disaster, from which you cannot remove your necks, and you shall not walk haughtily, for it will be a time of disaster.	Hoqgab soq sib At Sw bedo: kaato, soq nyob hoqg aoho ngo nyob pakun, hoqgv nulug nywxwngam nulv lengma dvn, hoo nulv mwwjw-mvaqb wmin dvn, hoggab hoqhv nyob pakun.
Paul, a prisoner for Christ Jesus, and Timothy our brother, To Philemon our beloved fellow worker	Ngoqg Pwnbov, Kristog Jisu gab nyiqry bo akv, hoo ngulug vbw Timoti, ngulug pwnbo nyiqry bo Pilemonnvn, ngulug atwg bon nyijongam mvdwb nyidwn, hoqgv nyiqry benbo nyiqry benbo nyiqry benbo nyiqry benbo nyiqry benbo nyiqry benbo nyiqry benbo nyiqry benbo nyiqry benbo nyiqry benbo nyiqry benbo nyiqry benbo nyiqry benbo
Then you will defile your carved idols overlaid with silver and your gold-plated metal images. You will scatter them as unclean things. You will say to them, “Be gone!”	Ho nulv nulug rup hoqg lvqcwngam hoo nulug hun hoqg lvqcwngam naareq tayin. Nulv hoq tulu ham dvrwq maanam hvb mvtayin. No bulam betayin, Wlwqto!
“Go, gather all the Jews to be found in Susa, and hold a fast on my behalf, and do not eat or drink for three days, night or day. I and my young women will also fast as you do. Then I will go to the king, though it is against the law, and if I perish, I perish.”	Wta, Juhudi nyi mwlwngam Susa hoqgv kokw sookumto, hoo ngoqg pagoq gab vcjaqb mvto, hoo aal loum aalho, aalho, aalho, aalho dvma dvma dvma dvma dvma dvma dvma dvma dvma dvma dvma dvma dvma dvma dvma dvma dvma dvma dvma dvma dvma dvma dvma dvma dvma dvma dvma dvma dvma dvma dvma dvma dvma dvma
And Balaam took up his discourse and said, “From Aram Balak has brought me, the king of Moab from the eastern mountains: ‘Come, curse Jacob for me, and come, denounce Israel!’	Hoo Balaam mwwg gomcwram goqnum hoo benum, Aram hoqgv Moabwg lvpw at Balak ngam dou-cagag puutu hoqgv haanum: Haato, ngoqgab Jakubnvn bedwn, hoo haato, Israelnvn bedwn!
they went to Gedaliah at Mizpah— Ishmael the son of Nethaniah, Johanan the son of Kareah, Seraiah the son of Tanhumeth, the sons of Ephai the Netophathite, Jezaniah the son of the Maacathite, they and their men.	bulv Gedaliyag dookub Mijpa ho wnum Netaniyag ko tuup Ismaiyel, Kareyag ko tuup Johanan, Tanumetwg ko tuup Seraiya, Netopat hoqgv Epai gv ko tuup tulungv, Maakat hoqgv Jejania, bulv la bulug nyi tulungv.
Joab said to the man who told him, “What, you saw him! Why then did you not strike him there to the ground? I would have been glad to give you ten pieces of silver and a belt.”	Joab mwam betam bo nyi akvn benum, No mwam kaapanum! Hoqgab hoggub no mwam gvda hoqgv pwqlwq maanum? Ngo nam rupam rupam camleqkam la lvqbwqkam jitayin.
If it gores a man’s son or daughter, he shall be dealt with according to this same rule.	Hiyv nyi akwg ko tuupam ho ko nyem ko-gab mwwpa dvn, mwwg lvgab soq pvvb sam nyidwb nyidwb nyidwb nyidwb nyidwb nyidwb nyidwb nyidwb nyidwb nyidwb nyidwb nyidwb nyidwb nyidwb nyidwb nyidwb nyidwb nyidwb nyidwb nyidwb nyidwb nyidwb nyidwb nyidwb nyidwb nyidwb nyidwb nyidwb nyidwb nyidwb nyidwn.
And you shall set your face toward the siege of Jerusalem, with your arm bared, and you shall prophesy against the city.	Hoo noqg lvgab noqg nyuqm mam Jerusalemwg lvgab mvtayin, hoo no bopam gab nyiqry jaqb nyiqry jaqb nyiqry jaqb nyiqry jaqb nyiqry jaqb nyiqry jaqb nyiqry jaqb nyiqry jaqb nyiqry jaqb nyiqry jaqb nyiqry jaqb nyiqry jaqb nyiqry jaqb nyiqry jaqb nyiqry jaqb nyiqry jaqb nyiqry jaqb nyiqry jaqb nyiqry jaqb nyiqry jaqb
Then the angel of the Lord said to Elijah, “Go down with him; do not be afraid of him.” So he arose and went down with him to the king	Ho At Swg gumtwngv Ilijanvn benum, Mwwg lvgab wnum; mwam bosma. Ho mwv gorabnum hoo mwwg lvgab lvpw atam dookub wnum
So when the Samaritans came to him, they asked him to stay with them, and he stayed there two days.	Hoqgab Samariya nyi tulungv Jisug dookub haanum, bulv mwam bulug lvgab dootayin, hoo mwv hoqho aal loum dvb dooknum.
And the people answered him in the same way, “So shall it be done to the man who kills him.”	Hoo nyiilungv mwam hoqgv birwqnum, Hiyv mwam mengnam nyi ak gab nyidwb nyidwb nyidwb nyidwb nyidwb nyidwb nyidwb nyidwb nyidwb nyidwb nyidwb nyidwb nyidwb nyidwb nyidwb nyidwb nyidwb nyidwb nyidwb nyidwb nyidwb nyidwb nyidwb nyidwb nyidwb nyidwb nyidwb nyidwb nyidwb nyidwn.
The teaching of the wise is a fountain of life, that one may turn away from the snares of death.	Mwwlaqbo nyi tulug tomswrnamv swwgam vcwngv, hvbmabde nyi akv swwg svmcw hoqgv wmin gvdwl wmin gvdwn.
For behold, I am raising up the Chaldeans, that bitter and hasty nation, who march through the breadth of the earth, to seize dwellings not their own.	Hoggab kaato, Kaldiya nyi tulungam, hoqg vcjaqb hoo vcjaqb nyiilungam, hiyv gvda gvda mwlw hoqgv lengdwn, bulug gvda mwlwngam naareq dvb mvdwb ngo mvdwb mvdwb mvdwb mvdwb mvdwb mvdwb mvdwb mvdwb mvdwb mvdwb mvdwb mvdwb mvdwb mvdwb mvdwb mvdwb mvdwb mvdwb mvdwb mvdwb mv
When men in the camp were jealous of Moses and Aaron, the holy one of the Lord ,	Hwdlo nyiilungv Mojes nvla At Swg dvrwqbo Aaronnvn mwwdwq kunum,
May he be like rain that falls on the mown grass, like showers that water the earth!	Mwv hoqg aoho wtw hvb nyidwn, swcwngam iss dvb nyidwn, hoqg aoho wtw hvb nyidwn, hoq hvb nyidwn, hoq hvb nyidwn, hoq hvb nyidwn, hoq hvb nyidwn, hoq hvb nyidwn, hoq hvb nyidwn, hoq hvb nyidwn, hoq hvb nyidwn, hoq hvb nyidwn, hoq hvb nyidwn, hoq hvb nyidwn
He shall arrange the lamps on the lampstand of pure gold before the Lord regularly.	Mwv lampu tulungam atv At Swg agaho twryum-twryum hoqgv lvqcwngam pvx-pvx-pvx-pvx-pvx-pvx-pvx-pvx-pvx-pvx-pvx-pvx-pvx-pvx-pvxa-pvxa-pvxa-pvxa-pvxa-pvxa-pvxa-pvxa-pvxa-pvxa-
You keep him in perfect peace whose mind is stayed on you, because he trusts in you.	Mwwg hangv noqg aoho doogdvn, hoggab mwv nam mwwjw dvn, no mwam swrsongam swrsongam swrsongam doogdvn, hoggab mwv nam mwwjw dvb mwwjw dvb mwwjw dvb mwwjw dvb mwwjw dvb mwwjw dvb mwwjw dvb mwwjw dvb mwwjw dvb mwwjw dvb mwwjw dvb mwwjw dvb mwwjw dvb mwwjw dvb mwwjw dvb mwwjw
And they do not lie with the mighty, the fallen from among the uncircumcised, who went down to Sheol with their weapons of war, whose swords were laid under their heads, and whose iniquities are upon their bones; for the terror of the mighty men was in the land of the living.	Hoo bulv atorbo tulug lvgab dooma dvn, hiyv nyob panbo tulug pengko hoqgv dooma dvn, hiyv bulug nyob pan hoqgv nyob panum, hiyv bulug dumpo hoqgv lyoqr orioq kunum, hoo hiyvg nyixiaqkam bulug lvgab dooma dvn; hoggab atorbo nyi tulug bosnamv swwgwb doonbo gvdaho doonum.
And the priest who is anointed and consecrated as priest in his father’s place shall make atonement, wearing the holy linen garments.	Hoo nyubv mwwg abwg hoqgv xuqlinum hoo nyub tulu gab dvrwq maanum, mwv dvrwqbo lvqcnam vj tulungam vj mvtayin, hoqgab nyubv pvvb bwwlinam mam nyidwb nyidwb nyidwb nyidwb nyidwb nyidwb nyidwb nyidwb nyidwb nyidwb nyidwb nyidwb nyidwb nyidwb nyidwb nyidwb nyidwb nyidwb nyidwb nyidwn.
From twenty years old and upward, all in Israel who are able to go to war, you and Aaron shall list them, company by company.	Israelam vnyw camnyi vnyw hoqgv la hoqgv nyob panbo nyi mwlwngam, no la Aaronnvn bulug lvgab lvgab lvgab lvgab lvgab lvgab lvgab lvgab lvgab lvgab lvgab lvgab lvgab lvgab lvgab lvgab lvgab lvgab lvgab lvgab lvgab lvgab lvgab lvgab lvgab lvgab lvgab lvgab lvgab lvgab
And the Lord said, “Behold, they are one people, and they have all one language, and this is only the beginning of what they will do. And nothing that they propose to do will now be impossible for them.	Hoo At Sw benum, Kaato, bulv nyiilu vigo, hoo bul mwlwngv vigo vigo, hoo soq si bulv hoggv nyidwb nyidwb nyidwb nyidwb nyidwb nyidwb nyidwb nyidwb nyidwb nyidwb nyidwb nyidwb nyidwb nyidwb nyidwb nyidwb nyidwb nyidwb nyidwb nyidwb nyidwb nyidwb nyidwb nyidwb nyidwb nyidwb nyidwb nyidwb nyidwb nyid
then will you delight in right sacrifices, in burnt offerings and whole burnt offerings; then bulls will be offered on your altar.	ho noqg jvqtw boam, boyuqnam aky jinam mam hoo boyuqnam aky jinam mam no hemp tayin; ho noqg yugw ho svdinam aky jinam tayin.
Woe to you who desire the day of the Lord ! Why would you have the day of the Lord ? It is darkness, and not light,	Hoggab nulv At Swg aalho mwwdwq dvn, hoggab nulv At Swg aalho mwwdwq dvn? Hoqhv mwwpa dvn, hoo hoqhv kaaya dvn,
Then Joab went to the king and said, “What have you done? Behold, Abner came to you. Why is it that you have sent him away, so that he is gone?	Ho Joab lvpw atam dookub wnum hoo benum, No hoggv nyinum? Kaato, Abner noqg dookub haanum. Hoggub no mwam wleq kun, ho mwv wleq kun?
The altar also was torn down, and the ashes poured out from the altar, according to the sign that the man of God had given by the word of the Lord .	Pwnbog nyi tulungv At Swg gomcwr hoqgv gaml jinam hvb, yugw hoqgv hoqgv wmnum, hoo yugw hoqgv wmnum.
If his children are multiplied, it is for the sword, and his descendants have not enough bread.	Mwwg ko tuup tulungv vcjaqb nyiloqkam, hoqhv lyoqr orioq gab dootayin, hoo mwwg ko tuup tulungam vcjaq dvb nyima dvn.
Mark the blameless and behold the upright, for there is a future for the man of peace.	Dvrwqbo nyi tulungam mwwpa dvn hoo kaakinbo nyi tulungam kaapa dvn, hoggab swrsongam nyi ak gab swrsongv dookub doodo.
They hold fast to their evil purpose; they talk of laying snares secretly, thinking, “Who can see them?”	Bulv bulug nyic-cwrxaqb nyidwn; bulv hvnyir-hvnyir tulungam mvdwn, Hoggv bulam kaapa tvl? hvl mwwjw-mvaql benam mam bulv betaml bekinl bekinl bekinl bekinl bekinl bekinl bekinl bekinl bekinl bekinl bekinl bekinl bekinl bekinl bekinl bekinl bekinl bekinl bekinl bekinl bekinl
Then they were each given a white robe and told to rest a little longer, until the number of their fellow servants and their brothers should be complete, who were to be killed as they themselves had been.	Kokw so bulv vj vj vj vj vj vj vj vj vj vj vj vj vj vj vj vj vj vj vj vj vj vj vj vj vj vj vj vj vj vj vj vj vj vj vj vj vj vj vj vj vj vj vj vj vj vj vj vj vj vj vj vj vj vj vj vj vj vj vj vj v
From the rising of the sun to its setting, the name of the Lord is to be praised!	Aal hoqgv aalho hoqgv dooiyum hoqgv, At Swg eminam lvqc-loosaqb nyidwb nyidwb nyidwb nyidwb nyidwb nyidwb nyidwb nyidwb nyidwb nyidwb nyidwb nyidwb nyidwb nyidwb nyidwb nyidwb nyidwb nyidwb nyidwb nyidwb nyidwb nyidwb nyidwb nyidwb nyidwb nyidwb nyidwb nyidwb nyidwb nyidwb ny
who sets his heart to seek God, the Lord , the God of his fathers, even though not according to the sanctuary’s rules of cleanness.”	hiyv mwwg hangv Pwnboam, At Swn, mwwg ab tulug Pwnboam meegaq dvn, hvbmabde dvrwqbo dvrwqbo pvvb tulug pvvb bwwl dooma dvn.
Let them bring them, and tell us what is to happen. Tell us the former things, what they are, that we may consider them, that we may know their outcome; or declare to us the things to come.	Bulv bulam boolin gvto, hoo hoggv hoggub nyidwn ham ngulam betamto. Hoggv bulv hoggub nyidwn ham ngulam betamto, ho ngulv hoq tulu ham mwwjw mvtayin, ho ngulv bulug kokwb cengdwn; ho hoggv hoggv hoqgv haatayin ham ngulam betamto.
Pilate said to him, “What is truth?” After he had said this, he went back outside to the Jews and told them, “I find no guilt in him.	Pilat mwam benum, Hoggv jvqtwngv? Mwv soq sam benum, mwv lokta Juhudi tulug dookub wkur kunv bulam benum, Ngo mwam hoggub nyixiaqkam kaapa maanum.
“Therefore thus says the Lord God : Because it towered high and set its top among the clouds, and its heart was proud of its height,	Hoqgab soq sib Pwnbo At Sw bedo: Hoggab hoqhv lvqbwq-loosaqb wnum hoo hoqg aoho hoqg aoho hoqg lvqbwqnam mam jitnum, hoo hoqg hangv hoqg lvqbwqnam hoqgv mwwdwqnum,
does not oppress anyone, exacts no pledge, commits no robbery, but gives his bread to the hungry and covers the naked with a garment,	hiyv hiyv nyi akkam ceekol mvdwb nyima dvn, hiyv jvqtw jaqb nyima dvn, hiyv ceekol mvdwb nyima dvn, hvbmabde mwwg dvparam vcjaqbo nyi tulungam jvqtw dvn, hoo hiyv dvrwqbo nyi tulungam vjam mwwpa dvn,
And as Obadiah was on the way, behold, Elijah met him. And Obadiah recognized him and fell on his face and said, “Is it you, my lord Elijah?”	Hoo hwdlo Obadiya lamtab wknum, kaato, Ilija mwam kanamnum. Hoo Obadiya mwam cengnum hoo mwwg nyuqm-mvaql wnum hoo benum, Ngoqg bir Ilija, no hoggv?
Do not spurn us, for your name’s sake; do not dishonor your glorious throne; remember and do not break your covenant with us.	Noqg eminam gab, ngulam mwwpa maabv; noqg yuunam pvvb bwwl dooma maabv; mwwpa maabv hoo ngulug lvgab noqg pvvb bwwl dooma maabv.
He said to them, “It is written, ‘My house shall be called a house of prayer,’ but you make it a den of robbers.”	Kokw so mwv bulam benum, Ngoqg nammam nyi tulug nammam goqlwq tayin,  hvbmabde nulv ham nyi tulug doogw gob mvdwb mvdwb nyinum. Ngoqg nammam nyi tulug doogw nammam goqlwq tayin, hvbmabde nulv ham nyi tulug doogw gob mvdwb nyidwb nyidwb nyidwb nyidwb nyidwb nyidwb nyidwb nyidwb nyidwn.
Their territory included Helkath, Hali, Beten, Achshaph,	Bulug gvda hoqgv Helkat, Hali, Beten, Aksap,
For I could wish that I myself were accursed and cut off from Christ for the sake of my brothers, my kinsmen according to the flesh.	Ngoqg vbw-bor tulu gab, ngoqg vbw-bor tulu gab, ngoqg vbw-bor tulu gab, ngoqg vbw-bor tulu gab, ngoqg vbw-bor tulu gab, ngoqg vbw-bor tulu gab, ngoqg vbw-bor tulu gab, ngoqg vbw-bor tulu gab, ngoqg vbw-bor tulu gab, ngoqg vbw-bor tulu gab, ngoqg vbw-bor tulu gab, ngoqg vbw-bor tulu gab, ngoqg vbw-
So Saul said to Ahijah, “Bring the ark of God here.” For the ark of God went at that time with the people of Israel.	Ho Soul Ahijanvn benum, Pwnbog pvvb uddum mam soqgv haato. Hoggab hoq moodho Pwnbog pvvb uddum Israel nyiilug lvgab wnum.
Thus you shall say to the prophet, ‘What has the Lord answered you?’ or ‘What has the Lord spoken?’	Hoqgab no nyiqry benboam betayin, At Sw nam hoggub birwqnum? ho At Sw hoggub agam goonum?
I will strike the winter house along with the summer house, and the houses of ivory shall perish, and the great houses shall come to an end,” declares the Lord .	Ngo vnyw hoqg nammam lvgab vnyw nammam mvtayin, hoo svdin nammam mvtayin, hoo vnyw nammam mvtayin, At Sw bibwqdo.
The men of Michmas, 122.	Mikmaswg nyi tulungv 122.
The heart is deceitful above all things, and desperately sick; who can understand it?	Dvrwqbo hangv hog mwlwngam bedwn, hoo vcjaqb vcjaqb mvdwn; hiyv ham cengdwn?
I will put enmity between you and the woman, and between your offspring and her offspring; he shall bruise your head, and you shall bruise his heel.”	Ngo noqg la nywxwngam pengko ho, hoo noqg ko tuupam la mwnwg ko tuupam pengko ho ceekol mvtayin; mwv noqg dumpoam mengtayin, hoo no mwwg lvpiam mengtayin.
when all Israel comes to appear before the Lord your God at the place that he will choose, you shall read this law before all Israel in their hearing.	hwdlo Israel mwlwngv noqg Pwnbo At Swg agaho mwwg doorab doonbo dook ho haatayin, no soq pvvb sam Israel mwlwg agaho bulug agaho tomswr tayin.
Enoch walked with God, and he was not, for God took him.	Henok Pwnbov lvgab wmin gvnum, hoo mwv wmin gvnum, hoggab Pwnbov mwam wmin gvnum.
I am the Lord , and there is no other, besides me there is no God; I equip you, though you do not know me,	Ngo At Swv, hoo hog mwlwngam dooma dvn, ngoqg lvgab Pwnbov dooma dvn; nulv ngam cengma hvb ngo nam mwwpa dvn,
I have more understanding than all my teachers, for your testimonies are my meditation.	Ngoqg tomswrbo mwlwngam ngo cengdwn, hoggab noqg tomswrnam tulungam ngo mwwjw-mwwjw dvn.
Peter said, “Lord, are you telling this parable for us or for all?”	Hvbmabde Pitor benum, At Sw, soq sam ngulam bekin dvn ho nyi mwlwngam bekin dvn?
This man was seized by the Jews and was about to be killed by them when I came upon them with the soldiers and rescued him, having learned that he was a Roman citizen.	Soq nyi akv Juhudi nyi tulug lvgab jidwn hoo bulug lvgab mengnum. Ho ngo nyi tulug lvgab bulug dookub haanum hoo mwam ywwlinum, hoggab ngo mwam Rom nyi tulug nyi ak hvl cengdwn.
Arise, O Lord ! Save me, O my God! For you strike all my enemies on the cheek; you break the teeth of the wicked.	Wtwqto, At Swa! Ngoqg Pwnboa, ngam ywwlinto! Hoggab no ngoqg ceebio mwlwngam ngoqg cwwgwb wmto; no nyic-cwrxa tulug vnyiq-vnyiq dvb mvdwb mvdwb mvdwb mvdwb mvdwb mvdwb mvdwb mvdwb mvdwb mvdwb mvdwb mvdwb mvdwb mvdwb mvdwb mvdwb mvdwb mvdwb mvdwb mvdwb mvdwb mv
Therefore he raised his hand and swore to them that he would make them fall in the wilderness,	Hoqgab mwv mwwg alaqkam naareqnum hoo bulug lvgab swwnum, mwv bulam deexa-raraho mvdwb mvdwb mvdwb mvdwb mvdwb mvdwb mvdwb mvdwb mvdwb mvdwb mvdwb mvdwb mvdwb mvdwb mvdwb mvdwb mvdwb mvdwb mvdwb mvdwb mvdwb mvdwb mvdwb mvdwb mvdwb mvdwb mvdwb mvdwb mvdwb mvdwb mvdwb
I lay down and slept; I woke again, for the Lord sustained me.	Ngo doognum hoo doognum; ngo lokta aaxy kunum, hoggab At Sw ngam pvvb bwwl doognum.
“But even in those days, declares the Lord , I will not make a full end of you.	Hvbmabde hoq aalho, At Sw bibwqdo, ngo nulam mwwpa-mvaqb mvtayin.
He who digs a pit will fall into it, and a serpent will bite him who breaks through a wall.	Hiyv lvqcwngam kaapa boam hoqho wtayin, hoo hiyv lvqcwngam kaapa boam lvqcwngam lvqcwngam mengtayin.
“A single witness shall not suffice against a person for any crime or for any wrong in connection with any offense that he has committed. Only on the evidence of two witnesses or of three witnesses shall a charge be established.	Hiyv nyixiaqkam nyixiaqkam ho nyixiaqkam ho mwv nyixiaqkam nyixiaqkam nyixiaqkam nyixiaqkam nyixiaqkam nyixiaqkam nyixiaqkam nyixiaqkam nyixiaqkam nyixiaqkam nyixiaqkam nyixiaqkam nyixiaqkam nyixiaqkam nyixiaqkam nyixiaqkam nyixiaqkam nyixiaqkam nyixiaqkam nyixiaqkam nyix
So the people were scattered throughout all the land of Egypt to gather stubble for straw.	Hoqgab nyiilungv Ijipt gvda mwlwho twryum-twryumnum hoqgv twryum-twryum mvdwb mvdwb mvdwb mvdwb mvdwb mvdwb mvdwb mvdwb mvdwb mvdwb mvdwb mvdwb mvdwb mvdwb mvdwb mvdwb mvdwb mvdwb mvdwb mvdwb mvdwb mvdwb mvdwb mvdwb mvdwb mvdwb mvdwb mvdwb mvdwb mvdwb mvd
And God was doing extraordinary miracles by the hands of Paul,	Pwnbov Poulwg alaqho vcjaqb nyinam tulungam nyidwn.
for in Christ Jesus you are all sons of God, through faith.	Hoggab nul mwlwngv Kristos Jisu gab Pwnbog ko tuup tulungv mwwjwnam gab Pwnbog ko tuupv.
He was thirty-two years old when he began to reign, and he reigned eight years in Jerusalem. And he departed with no one’s regret. They buried him in the city of David, but not in the tombs of the kings.	Hwdlo mwv pvvb bwwl doognum, mwv vnyw camleq camnyi go doonum, hoo mwv Jerusalemho vnyw nywnyi go pvvb bwwl doognum. Hoo mwv nyi akkam mwwdwq maab wleqnum. Bulv mwam Debidg bopam ho mwumnum, hvbmabde lvpw at tulug dookub mwumnum.
When we heard this, we and the people there urged him not to go up to Jerusalem.	Ngulv soq sam tapa tvl ngulv la doonbo nyi tulungv mwam Jerusalemb wknum hvl benum.
And Elijah said to Elisha, “Please stay here, for the Lord has sent me as far as Bethel.” But Elisha said, “As the Lord lives, and as you yourself live, I will not leave you.” So they went down to Bethel.	Hoo Ilija Ilisanvn benum, Ngoqg lvgab soqgv dootayin, hoggab At Sw ngam Betel gvda hoqgv kanamnum. Hvbmabde Ilisa benum, At Sw swwnam hvb, hoo noqg atv swwnam hvb, ngo nam wleq maabv. Ho bulv Betel dookub wnum.
There was a man of the hill country of Ephraim, whose name was Micah.	Iprayimg puutu gvda hoqgv nyi ak hoqg eminv Mikai hvl doonum.
“But fear not, O Jacob my servant, nor be dismayed, O Israel, for behold, I will save you from far away, and your offspring from the land of their captivity. Jacob shall return and have quiet and ease, and none shall make him afraid.	Hvbmabde bos maabv, ngoqg nyera Jakub, ho bos maabv, Israel, hoggab kaato, ngo nam daqr orioq hoqgv ywwlin tayin, hoo noqg ko tuup tulungam bulug nyera gob gvda hoqgv ywwlin tayin. Jakub hookum tayin hoo swrsongam la swrsongam dootayin, hoo nyi akkam mwam bos maabv.
Its drink offering shall be a quarter of a hin for each lamb. In the Holy Place you shall pour out a drink offering of strong drink to the Lord .	Hoqg iss aky jinamv gvda hoqgv himin dvb mvtayin. Dvrwqbo Dvrwqho no At Swn iss aky jinam aky jinam mam mvtayin.
Being therefore exalted at the right hand of God, and having received from the Father the promise of the Holy Spirit, he has poured out this that you yourselves are seeing and hearing.	Pwnbog lvqbwq lvqbwq lvgab Pwnbog lvqbwq lvqbwq lvqbwq lvqbwq lvqbwq lvqbwq lvqbwq lvqbwq lvqbwq lvqbwq lvqbwq lvqbwq lvqbwq lvqbwq lvqbwq lvqbwq lvqbwq lvqbwq lvqbwq lvqbwq lvqbwq lv
Jesus said to him, “You have seen him, and it is he who is speaking to you.”	Jisu mwam birwqnum, No mwam kaapa ku, hoo noqg lvgab goonamv hiyv.
that you ask, ‘What advantage have I? How am I better off than if I had sinned?’	hvbmabde nulv bedwn, Hoggv ngoqg lvqbwqnamv? Ngo nyic nyiloqkam hoggub ngo hoggub nyixiaqb nyidwb nyidwb nyidwb nyidwb nyidwb nyidwb nyidwb nyidwb nyidwb nyidwb nyidwb nyidwb nyidwb nyidwb nyidwb nyidwb nyidwb nyidwb nyidwb nyidwb nyidwb nyidwb nyidwb nyidwb nyidwb nyidwn?
We who are strong have an obligation to bear with the failings of the weak, and not to please ourselves.	Ngulv atv atv atv atv atv atv atv atv atv atv atv atv atv atv atv atv atv atv atv atv atv atv atv atv atv atv atv atv atv atv atv atv atv atv atv atv atv atv atv atv atv atv atv atv atv atv atv atv atv atv atv atv atv atv atv atv atv atv atv atv atv at
For just as you were at one time disobedient to God but now have received mercy because of their disobedience,	Hoggab otuqho nulv Pwnboam mwwjw maanum, hvbmabde bulug mwwjw maanam gab nulv sija mwwjw maanum, hvbsujaqkam nulv Pwnboam mwwjw maanum, hvbmabde sija Pwnboam mwwjw maanum, hvbsujaqkam nulv Pwnboam mwwjw maanum, hvbsujaqkam nulv Pwnboam mwwjw maanum, hvbsujaqkam nulv Pwnboam mwwjw maanum.
The word of the Lord came to me again:	At Swg gomcwrv ngam lokta haanum:
And Israel said, “It is enough; Joseph my son is still alive. I will go and see him before I die.”	Hoo Israel benum, Soqv hoggv; ngoqg ko tuup Josap hvb nyidwb swwl doodo. Ngoqg swwmab ngo mwam kaapa tayin.
And you and your sons and your servants shall till the land for him and shall bring in the produce, that your master’s grandson may have bread to eat. But Mephibosheth your master’s grandson shall always eat at my table.” Now Ziba had fifteen sons and twenty servants.	Hoo no la noqg ko tuup tulungv hoo noqg nyera tulungv mwwg gvdangam dvb mvtayin hoo hoqg lvqc-loosaqkam haatayin, ho noqg nyiit atwg ko tuupv dvb dvb dvtayin. Hvbmabde noqg nyiit atwg ko tuupv Mepiboset soolo ngoqg dvparho dvb dvtayin. Sibawg ko tuup camleq go hoo nyera camleq go doonum.
And you shall do what is right and good in the sight of the Lord , that it may go well with you, and that you may go in and take possession of the good land that the Lord swore to give to your fathers	Hoo nulv At Swg kaagaho hoggv jvqtw jaqb hoo almadwn ham nyito, hoqgab hoqham nulug lvgab vcjaqb nyiloqkam, hoo nulug ab tulungam jitayin gvda mwlwngam nulv wtayin hoo nulug ab tulungam jvqtw jaqb gvda gvda gvda gvda gvda gvda gvda gvda gvda gvda gvda gvda gvda gvda gvda gvda g
Afterward the children of Israel shall return and seek the Lord their God, and David their king, and they shall come in fear to the Lord and to his goodness in the latter days.	Kokw so Israelwg ko tuup tulungv bulug Pwnbo At Swn, hoo bulug lvpw at Debidnvn meegaq tayin, hoo bulv bos dvb At Swn hoo mwwg swwnam mam lokta bulv haatayin.
But the thing displeased Samuel when they said, “Give us a king to judge us.” And Samuel prayed to the Lord .	Hvbmabde hwdlo bulv benum, Ngulv ngulam pvvb bwwl doogto. Ho Samuyel At Swn swgwb benum.
And he said to him, “Thus says the Lord , ‘Because you have let go out of your hand the man whom I had devoted to destruction, therefore your life shall be for his life, and your people for his people.’”	Hoo mwv mwam benum, Soq sib At Sw bedo, Hoggab no noqg alaq hoqgv ngoqg nyob panam mam mvpaq paku, hoqgab noqg swwgam mwwg swwgam gab, hoo noqg nyiilungv mwwg nyiilungv.
and not holding fast to the Head, from whom the whole body, nourished and knit together through its joints and ligaments, grows with a growth that is from God.	Hvbmabde mwwg hog mwlwngv Pwnbov hog mwlwngv mwlwngv mwlwngv mwlwngv mwlwngv mwlwngv mwlwngv mwlwngv mwlwngv mwlwngv mwlwngv mwlwngv mwlwngv mwlwngv mwlwngv mwlwngv mwlwngv mwlwngv mwlwngv mwlwngv mwlwngv mwlwngv mwlwngv mwlwngv mwlwngv mwlwngv mwlwngv mwl
Herds shall lie down in her midst, all kinds of beasts; even the owl and the hedgehog shall lodge in her capitals; a voice shall hoot in the window; devastation will be on the threshold; for her cedar work will be laid bare.	Dvrwqbo svdin mwlwngv mwnwg pengko ho dootayin; hoqg bopam ho svvnv la svvnv dootayin; hoqg vnyw hoqgv goqr-goqr orioq tayin; mwnwg sidar hoqgv mvdwb mvtayin; mwnwg svdinam mam mvdwb mvtayin; hoggab mwnwg kedar pvvbov mvdwb mvtayin.
because he met her in the open country, and though the betrothed young woman cried for help there was no one to rescue her.	hoggab mwv mwnwn lvpia gvdaho tapa kunum, hoo nywxwqbo nywxwngv tulungv goqr kunam hvbmabde mwnwn ywwlin bo akkam doomanum.
And the priest shall examine him on the seventh day, and if in his eyes the disease is checked and the disease has not spread in the skin, then the priest shall shut him up for another seven days.	Hoo nyubv mwam aal kvn aalho kaakin tayin, hoo mwwg vnyiqkv vnyiqkam vnyiqkam vnyiqkam vnyiqkam vnyiqkam vnyiqkam vnyiqkam vnyiqkam vnyiqkam vnyiqkam vnyiqkam vnyiqkam vnyiqkam vnyiqkam vnyiqkam vnyiqkam vnyiqkam mvtayin.
He will love you, bless you, and multiply you. He will also bless the fruit of your womb and the fruit of your ground, your grain and your wine and your oil, the increase of your herds and the young of your flock, in the land that he swore to your fathers to give you.	Mwv nam pvvb tayin, nam lvqc tayin, hoo nam vcjaq tayin. Mwv noqg ab tulungam jitayin gvdaho noqg vbw-boram la noqg gvdangam, noqg dvnam mam hoo noqg vnyiam hoo noqg lwwlinam mam, noqg svdinam mam hoo noqg svdinam mam, hoo noqg ab tulungam jitayin gvdaho mwv lvqc tayin.
What then? Israel failed to obtain what it was seeking. The elect obtained it, but the rest were hardened,	Hoqgab hoggub nyiloqkam? Israel nyi tulungv hog mwlwngam kaapa maanum. Hvbmabde mwlwngv hog mwlwngam kaapa maanum.
For I rejoiced greatly when the brothers came and testified to your truth, as indeed you are walking in the truth.	Hoggab ngo vbw-bor tulu hoqgv haanum hoo nulv jvqtw ho nulv jvqtw jaqb wknum, ho nulv jvqtw jaqb wknum. Hoqgab nulv jvqtw jaqb wknum.
And when evening came, the boat was out on the sea, and he was alone on the land.	Hwdlo kvvrwq aalho doonbo akv sa-svlog aoho doonum, hoo mwv asaqho doonum.
The lot came out for the clans of the Kohathites. So those Levites who were descendants of Aaron the priest received by lot from the tribes of Judah, Simeon, and Benjamin, thirteen cities.	Kohat nyi tulug nyob hoqgv pwqlwqnum. Hoqgab nyub Aaronwg nyob hoqgv Lebi nyi tulungv Judag nyob hoqgv, Simeon, hoo Benjaminwg nyob hoqgv pwqlwqkv bopam camleq go doonum.
His mother said to the servants, “Do whatever he tells you.”	Mwwg annv nyera tulungam benum, Mwv nulam hog mwlwngam benamto.
Will you keep to the old way that wicked men have trod?	Nulv nyicbo nyi tulungv wmin gvda hoqgv wmin gvda hoqgv wmin gvda hoqgv wmin gvda hoqgv wmin gvda hoqgv wmin gvda hoqgv wmin gvda hoqgv wmin gvda hoqgv wmin gvda hoqgv wmin gvda hoqgv wmin gvda hoqgv wmin gvda hoqgv wmin gvda hoqgv
And David sent and inquired about the woman. And one said, “Is not this Bathsheba, the daughter of Eliam, the wife of Uriah the Hittite?”	Hoo Debid nyi ak gab toxnum. Hoo nyi ak benum, Soq si Hittait hoqgv Uriag nywxwngv, Eliamwg nyem ko Betseba yv?
When Uriah came to him, David asked how Joab was doing and how the people were doing and how the war was going.	Hwdlo Uria mwwg dookub haanum, Debid Joab hoggub nyinum hoo nyiilungv hoggub nyinum hoo nyob panv hoggub nyinum.
to turn aside the needy from justice and to rob the poor of my people of their right, that widows may be their spoil, and that they may make the fatherless their prey!	mwwjwbo nyi tulungam jvqtw hoqgv ruqpaq tayin hoo ngoqg nyiilug mwwjwbo nyi tulungam bulug jvqtw jaqb mvpaq tayin, ho nywxw tulungam bulug svmcw dvb mvtayin, hoo abongam bulv bulug svmcw dvb mvtayin!
So he said, “Go.” Then he sent her away for two months, and she departed, she and her companions, and wept for her virginity on the mountains.	Hoqgab mwv benum, Wto. Ho mwv mwnwn vnyw dvb wleq kunum, hoo mwn mwnwn la mwnwg lvgab nyi tulungam wleq kunum, hoo mwnwg nywxwngam puutu aoho yuupaq kunum.
Because you have raged against me and your complacency has come into my ears, I will put my hook in your nose and my bit in your mouth, and I will turn you back on the way by which you came.	Hoggab no ngam ceeko mvdwb mvdwb hoo noqg mwwlaqnamv ngoqg nywywngam haanum, ngoqg svvnam noqg nywxw hoqgv hoo noqg agam hoqgv ngoqg lvqcnam mam mvtayin, hoo noqg haanbo lamtangam ngo nam ruqpaq tayin.
And he said, “Amos, what do you see?” And I said, “A basket of summer fruit.” Then the Lord said to me, “The end has come upon my people Israel; I will never again pass by them.	Hoo mwv benum, Amos, hoggv no kaapa dvn? Hoo ngo benum, Sum hoqgv vigo vigo vigo vigo. Ho At Sw ngam benum, Ngoqg Israel nyiilu aoho nywywngv haanum; ngo bulug pengko hoqgv lokta wpeq tayin.
And all the army of the Chaldeans, who were with the captain of the guard, broke down all the walls around Jerusalem.	Hoo Kaldiya nyiilu mwlwngv, hiyv rvkybo lvpw atwg lvgab doonbo nyi tulungv Jerusalemwg pengko hoqgv mwlwngam ruqpaqnum.
But if you do not listen to me, to keep the Sabbath day holy, and not to bear a burden and enter by the gates of Jerusalem on the Sabbath day, then I will kindle a fire in its gates, and it shall devour the palaces of Jerusalem and shall not be quenched.’”	Hvbmabde nulv ngam tapanum, Sabbath aalho dvrwq dvb, hoo Jerusalemwg toggoq hoqgv Sabbath aalho hog mwlwngam naareq dvb, ho ngo hoqg toggoq hoqgv wm mvtayin, hoo hoqhv Jerusalemwg lvpw-haty tulungam wm dvb mvtayin hoo hoqhv maatayin.
I mean that the heir, as long as he is a child, is no different from a slave, though he is the owner of everything,	Ngo bedwn, hoqgv mwlwngam hog mwlwngam hog mwlwngam hog mwlwngam hog mwlwngam hog mwlwngam hog mwlwngam hog mwlwngam hog mwlwngam hog mwlwngam hog mwlwngam hog mwlwngam hog mwlwngam hog mwlwngam hog mwlwngam hog mwlwngam hog mwlwngam hog mwlwngam hog mwlwngam hog mwlwngam hog mwlwngam hog mwlwngam hog mwlwngam mwlwngam
Under its brim were gourds, for ten cubits, compassing the sea all around. The gourds were in two rows, cast with it when it was cast.	Hoqg lvqcwngv sa-svlo hoqgv lvqc-loosaqb lvqc-loosaqb lvqc-loosaqb lvqc-loosaqb lvqc-loosaqb lvqc-loosaqb lvqc-loosaqb lvqc-loosaqb lvqc-loosaqb lvqc-loosaqb lvqc-loosaqb lvqc-loosaqb l
“You shall not put the Lord your God to the test, as you tested him at Massah.	Nulv noqg Pwnbo At Swn Masa hoqgv mwam toxnum hvb nyidwb nyidwb nyidwb nyidwb nyidwb nyidwb nyidwb nyidwb nyidwb nyidwb nyidwb nyidwb nyidwb nyidwb nyidwb nyidwb nyidwb nyidwb nyidwb nyidwb nyidwb nyidwb nyidwb nyidwb nyidwb nyidwb nyidwb nyidwb nyidwb nyidwb nyidwb nyidwb nyidwb nyidwb ny
The Jews gathered in their cities throughout all the provinces of King Ahasuerus to lay hands on those who sought their harm. And no one could stand against them, for the fear of them had fallen on all peoples.	Lvpw at Ahasuerusg gvda mwlwho Juhudi tulungv bulug bopam tulug bopam tuluho haanum, ho bulug nyixiaqkam mwwjwbo nyi tulug aoho alaqho daqnum. Hoo hiyv bulam ceekol dootayin maanum, hoggab bulug bosnamv nyiilu mwlwngam haanum.
And God blessed Noah and his sons and said to them, “Be fruitful and multiply and fill the earth.	Hoo Pwnbov Noa nvla mwwg ko tuup tulungam lvqcnum hoo bulam benum, Nulv vcjaql hoo vcjaql hoo swcw nvm dvb mvdwn.
And the Philistines overtook Saul and his sons, and the Philistines struck down Jonathan and Abinadab and Malchi-shua, the sons of Saul.	Hoo Palistan nyi tulungv Soul la mwwg ko tuup tulungam ruqpaqnum, hoo Palistan nyi tulungv Soulwg ko tuup Jonatan nvla Abinadab nvla Malki-suanvn mengnum.
Now the chief priests and the Pharisees had given orders that if anyone knew where he was, he should let them know, so that they might arrest him.	Hoqgab nyub tulungv la Parisi tulungv gaml jinum, hiyv hog mwlwngv Jisug dook hoqgv cengdwn, mwv bulam betayin, ho bulv mwam wlwq paku.
and they departed. When David was told concerning the men, he sent messengers to meet them, for the men were greatly ashamed. And the king said, “Remain at Jericho until your beards have grown and then return.”	hoo bulv wleq kunum. Hwdlo Debid nyi tulug hog mwlwngam betamnum, mwv bulug lvgab nyi tulungam ceeko mvdwb kanamnum, hoggab nyi tulungv vcjaqb nyipa kunum. Hoo lvpw atv benum, Nulug svdinv vigoqkam Jerikho ho dootayin hoo hoq kokwb wkur kunum.
You ascended on high, leading a host of captives in your train and receiving gifts among men, even among the rebellious, that the Lord God may dwell there.	No ao gvdaho wnum, noqg lvgab nyerab nyi tulungam boolinum hoo nyi tulug pengko ho, mwwjwbo nyi tulug pengko hoqgv aky jinum, ho Pwnbo At Sw ho doonum.
But I say to you, Love your enemies and pray for those who persecute you,	Hvbmabde ngo nulam bedwn, nulug ceebio tulungam mwwdwqto hoo nulug nyicbo nyi tulungam mwwdwqto.
So they said again to the blind man, “What do you say about him, since he has opened your eyes?” He said, “He is a prophet.”	Kokw so bulv nyiqry benbo nyi akwn benum, Ngoqg vnyiqkam mwv noqg vnyiqkam jiknum, hoqgab no hoggv bedwn? Mwv birwqnum, Mwv nyiqry benbo akv.
while their inhabitants, shorn of strength, are dismayed and confounded, and have become like plants of the field and like tender grass, like grass on the housetops, blighted before it is grown.	hvbmabde bulug doonbo nyi tulungv, vcjaqb nyima dvn, hvbmabde mwwpa dvn, hoo hoqg hvvb nyidwn, hoqg dvrwqbo svdinam hvb nyidwn, hoqg nam hoqgv svdinam hvb nyidwn, hoqg hvvb nyidwn, hoqg hvvb nyidwn.
they divide my garments among them, and for my clothing they cast lots.	bulv ngoqg vj tulungam bulug pengko hoqgv pvvb mvdwn, hoo ngoqg vj tulungam bulv lvqc-loosaq dvb mvdwn.
For they sow the wind, and they shall reap the whirlwind. The standing grain has no heads; it shall yield no flour; if it were to yield, strangers would devour it.	Hoggab bulv vc loodab mvdwb mvdwb mvtayin, hoo bulv vc loodab vc loodab mvdwb mvdwb mvdwb mvdwb mvdwb mvdwb mvdwb mvdwb mvdwb mvdwb mvdwb mvdwb mvdwb mvdwb mvdwb mvdwb mvdwb mvdwb mvdwb mvdwb mvdwb mvdwb mvdwb mvdwb mvdwb mvdwb mvdwb mvdwb mvdwb mvdwb mvdwb mv
He was twenty-five years old when he began to reign, and he reigned twenty-nine years in Jerusalem. His mother’s name was Jehoaddin of Jerusalem.	Hwdlo mwv pvvb bwwl doognum, mwv vnyw camnyi go vnyw camnyi go doonum, hoo mwv Jerusalemho vnyw camnyi go vnyw camnyi go pvvb bwwl doognum. Mwwg annam eminv Jerusalem hoqgv Jehoaddin.
He shall not make himself unclean as a husband among his people and so profane himself.	Mwwg nyiilug pengko ho nywxw hvb mwv atv dvrwq maanam hoo mwv atv dvrwq maanam.
But he said, “Blessed rather are those who hear the word of God and keep it!”	Hvbmabde mwv birwqnum, Nulv Pwnbog gomcwrnam mam tapa tvl hog mwlwngam hog mwwpa dvn!
Therefore, be very strong to keep and to do all that is written in the Book of the Law of Moses, turning aside from it neither to the right hand nor to the left,	Hoqgab, Mojeswg Pvvb Pvvb hoqgv hog mwlwngam pvvb bwwl hoo nyidwn, hoqgv hoqgv lvqbwq lvgab hoqgv lvqbwq-loosaq lvgab hoqgv hoqgv hoqgv hoqgv hoqgv hoqgv hoqgv hoqgv hoqgv hoqgv hoqgv hoqgv hoqgv hoqgv hoqgv hoq
The land that I gave to Abraham and Isaac I will give to you, and I will give the land to your offspring after you.”	Abraham la Aisaknvn ngoqg gvdangam ngo nam jitayin, hoo noqg kokwb noqg nyob tulu gab ngo gvdangam jitayin.
When he went ashore he saw a great crowd, and he had compassion on them, because they were like sheep without a shepherd. And he began to teach them many things.	Kokw so Jisu lvvgwb wnum hoqgv nyi tulungam kaapa kunum, hoo bulug aoho mwv mwwpa kunum, hoggab bulv sviya bo sviya hvb nyidwn. Ho mwv bulam vcjaqb tomswrnam mam tomswr kunum.
Then all the inhabitants of Egypt shall know that I am the Lord . “Because you have been a staff of reed to the house of Israel,	Ho Ijipt ho doonbo mwlwngv ngo At Swv hvl cengtayin. Hoggab no Israelwg nombu gab twngk hvb nyinum,
therefore thus says the Lord God : Because you make your heart like the heart of a god,	hoqgab soq sib Pwnbo At Sw bedo: Hoggab no noqg hangam pwnbo hangam hvb nyidwn,
There were born to Absalom three sons, and one daughter whose name was Tamar. She was a beautiful woman.	Hoqho Absalom ko tuup tulungv vigo ko tuupv, hoo akwg nyem akv Tamar hvl eminam. Mwnwg nywxw nywxw nywxw nywxw nywxw nywxw nywxw nywxw nywxw nywxw nywxw nywxw nywxw nywxw nywxw nywxw nywxw nywxw nywxw nywxw nywxw nywxw nywxw ny
And as he came out of the temple, one of his disciples said to him, “Look, Teacher, what wonderful stones and what wonderful buildings!”	Kokw so Jisu dvrwq namlo hoqgv wknum, mwwg nyi tulungv mwam benum, Mwwjwngv, kaato, kaato, kaato, kaato, kaato, kaato, kaato, kaato, kaato, kaato, kaato, kaato, kaato, kaato, kaato, kaato, kaato, kaato, kaato, kaato, kaato, kaato, kaato, kaato, kaato, kaato, kaato, kaato, kaato, kaato, ka
And it shall never again be the reliance of the house of Israel, recalling their iniquity, when they turn to them for aid. Then they will know that I am the Lord God .”	Hoo hwdlo bulv bulug dookub wkur tayin, hoqhv Israelwg nombungv bulug nyixiaqkam mwwpa tayin. Ho ngo Pwnbo At Swv hvl bulv cengtayin.
Then he said to them, “Go your way. Eat the fat and drink sweet wine and send portions to anyone who has nothing ready, for this day is holy to our Lord. And do not be grieved, for the joy of the Lord is your strength.”	Ho mwv bulam benum, Nulug lamtangam wgto. Dvrwqbo dvnam mam dvto hoo twwx-twwx-twwx-twwx-twwx-twwx-twwx-twwx-twwx-twwx-twwx-twwx-twwx-twwx-twwx-twwx-twwx-twwx-twwx-twwx-twwx-twwx-twwx-twwx
When Moses heard it, he fell on his face,	Hwdlo Mojes ham tapa yin, mwv mwwg nyuqm-mvaql wnum,
And I will punish him and his offspring and his servants for their iniquity. I will bring upon them and upon the inhabitants of Jerusalem and upon the people of Judah all the disaster that I have pronounced against them, but they would not hear.’”	Hoo ngo mwam la mwwg ko tuup tulungam la mwwg nyera tulungam bulug nyixiaqb bwwlin tayin. Ngo bulam hoo Jerusalemho doonbo tulungam la Judag nyiilu aoho ngo bulam ceekol mwlwngam jitayin, hvbmabde bulv tapa maanum.
Then the eyes of the blind shall be opened, and the ears of the deaf unstopped;	Ho vnyiqkv vnyiqkv vnyiqkv mvtayin, hoo vnyiqkv vnyiqkv vnyiqkv vnyiqkv vnyiqkv mvtayin; Nyiqkv vnyiqkv vnyiqkv vnyiqkv vnyiqkv vnyiqkv vnyiqkv vnyiqkv vnyiqkv vnyiqkv vnyiqkv vnyiqkv vnyiqkv vnyiqkv vnyiqkv vnyiqkv vnyiqkv vnyiqkv vnyiqkv vnyiqkv vnyi
Where shall I go from your Spirit? Or where shall I flee from your presence?	Noqg Dvrwqbo hoqgv ngo hiyv wtayin? Ho noqg aga hoqgv ngo hiyv lengtayin?
walks in my statutes, and keeps my rules by acting faithfully—he is righteous; he shall surely live, declares the Lord God .	hiyv ngoqg pvvb tulungam nyidwn, hoo ngoqg pvvb tulungam jvqtw jaqb nyidwnmwv jvqtwngv; mwv jvqtw jaqb swwtayin, Pwnbo At Sw bibwqdo.
And Moses swore on that day, saying, ‘Surely the land on which your foot has trodden shall be an inheritance for you and your children forever, because you have wholly followed the Lord my God.’	Hoo Mojes hoq aalho dingrnum, Jvqtw jaqb noqg lvpiaqkam noqg la noqg ko tuup tulungam nwrba gob dootayin, hoggab no ngoqg Pwnbo At Swn mwlwngam wmin gvdwn.
As fire consumes the forest, as the flame sets the mountains ablaze,	Dvrwqnamv wmnam hvb, wmnamv puutu-puutu tulungam wmnam hvb nyidwb nyidwb nyidwb nyidwb nyidwb nyidwb nyidwb nyidwb nyidwb nyidwb nyidwb nyidwb nyidwb nyidwb nyidwb nyidwb nyidwb nyidwb nyidwb nyidwb nyidwb nyidwb nyidwb nyidwb nyidwb nyidwb nyidwb nyidwb nyidwb nyidwb nyidwb nyidwb nyid
“Egypt shall become a desolation and Edom a desolate wilderness, for the violence done to the people of Judah, because they have shed innocent blood in their land.	Judah nyiilungam nyiqry benam mam, hoggab bulv bulug gvdaho nyic-cwrxaqb nyiqry benam mam, Ijipt lvkin gob mvtayin hoo Idom lvkin gob mvtayin, hoggab bulv nyic-cwrxaqb nyiqry benam mam mvtayin.
And John bore witness: “I saw the Spirit descend from heaven like a dove, and it remained on him.	Hoqgab Jon nyiqry benum, Ngo Yalv ao gvda hoqgv doogw hvb doogwqnum, hoo hoqgv mwwg aoho doogwqnum.
When they had come to Caesarea and delivered the letter to the governor, they presented Paul also before him.	Kokw so bulv Sisariya ho haanum hoo Pwnbog Pwnbog Pwnbog Pwnbog Pwnbog Pwnbog Pwnbog Pwnbog Pwnbog Pwnbog Pwnbog Pwnbog Pwnbog Pwnbog Pwnbog Pwnbog Pwnbog Pwnbog Pwnbog Pwnbog Pwnbog Pwnbog Pwnbog Pwnbog Pwnbog Pwnbog Pwnbog Pwnbog Pwnbog Pwnbog Pwnbog Pwnbog Pwnbog Pwnbog Pwnbog Pwnbog Pwnbog Pwnbog
Then the king of the south, moved with rage, shall come out and fight against the king of the north. And he shall raise a great multitude, but it shall be given into his hand.	Ho nyoodumg lvpw atv, hang lingtwr hoqgv lengtayin, nyoodug lvpw atwg ceekol nyob patab wtayin. Hoo mwv atwg alaqho hoqham jitayin, hvbmabde hoqhv mwwg alaqho jitayin.
You will not be joined with them in burial, because you have destroyed your land, you have slain your people. “May the offspring of evildoers nevermore be named!	Nulv bulug lvgab kvvrwq tayin, hoggab no noqg gvdangam mvpaq paku, no noqg nyiilungam mengnum. Nulug nyic-nyiyi tulug ko tuupam hvb nyidwb nyidwb nyidwb nyidwb nyidwb nyidwb nyidwb nyidwb nyidwb nyidwb nyidwb nyidwb nyidwb nyidwb nyidwb nyidwb nyidwb nyidwb nyidwb nyidwb nyidwb nyidwb nyidwb nyidwb
These are the priests and the Levites who came up with Zerubbabel the son of Shealtiel, and Jeshua: Seraiah, Jeremiah, Ezra,	Soq tulu si Sealtiyelwg ko tuup Jerubbabel la Jesua lvgab haanum: Seraiya, Jerimiya, Ejra,
Josiah was eight years old when he began to reign, and he reigned thirty-one years in Jerusalem.	Hwdlo Josia pvvb bwwl doognum, mwv vnyw nywnyi go doonum, hoo mwv Jerusalemho vnyw camleq go pvvb bwwl doognum.
and not all are children of Abraham because they are his offspring, but “Through Isaac shall your offspring be named.”	Hvbmabde mwlwngv Abraham gv ko tuupv, hvbmabde mwv mwwg ko tuupv, hvbmabde, Isaq hoqgv noqg ko tuupv hvl benam tayin.
Thus all the days that Adam lived were 930 years, and he died.	Hoqgab Adam vnyw mwlwngam vnyw 930 go swwnum, hoo mwv siknum.
But Jesus, aware of this, said to them, “Why do you trouble the woman? For she has done a beautiful thing to me.	Hvbmabde Jisu mwwpa kunv bulam benum, Hoggub nulv nyem ak gab mwwpa kun? Mwn ngoqg lvgab bon nyinam mam mwv nyidwb nyidwb nyidwb nyidwb nyidwb nyidwb nyidwb nyidwb nyidwb nyidwb nyidwb nyidwb nyidwb nyidwb nyidwb nyidwb nyidwb nyidwb nyidwb nyidwb nyidwb nyidwb nyidwb nyidwb nyidwb nyidwb nyidwn.
What then did you go out to see? A prophet? Yes, I tell you, and more than a prophet.	Hoqgab nulv hoggv kaapa kun? Nyiqry benbo nyi ak kaapa kun? Hvbmabde, ngo nulam bedwn, nyiqry benbo nyi ak hoqgv mwwpa kun.
And if he pushed him out of hatred or hurled something at him, lying in wait, so that he died,	Hoo mwv mwam vcjaqb nyiloqkam ho mwwg aoho hog mwlwngam twryum-twryumnum, ho mwv swwlinum,
And the sons of Perez were: of Hezron, the clan of the Hezronites; of Hamul, the clan of the Hamulites.	Hoo Perez gv ko tuup tulungv: Hesron hoqgv Hesron nyi tulug nyob pan; Hamul hoqgv Hamuli nyi tulug nyob pan.
And also let the gold and silver vessels of the house of God, which Nebuchadnezzar took out of the temple that is in Jerusalem and brought to Babylon, be restored and brought back to the temple that is in Jerusalem, each to its place. You shall put them in the house of God.”	Hoo Pwnbog dvrwq namlo hoqgv Nebukadnejjar Jerusalemwg dvrwq namlo hoqgv hoqgv hoo Bebilonho boolin kunum, hoqgv hunam la rupam vj tulungam Jerusalemwg dvrwq namlo ho lokta boolin mvto. No ham Pwnbog dvrwq namlo ho jitayin.
And next to them repaired Melatiah the Gibeonite and Jadon the Meronothite, the men of Gibeon and of Mizpah, the seat of the governor of the province Beyond the River.	Hoo bulug lvgab Gibeon nyi Melatiya la Meronot nyi Jadon, Gibeonwg nyi tulungv hoo Mispa hoqgv, hoqgv Nulug Orioq hoqgv lvpw-hwwdwb pvvb bwwl doonum.
“If he fathers a son who is violent, a shedder of blood, who does any of these things	Hwdlo mwv vcjaqbo ko tuupam abynamv, hiyv soq tulu sam nyidwb nyiloqkam, hiyv soq tulu sam nyidwb nyidwb nyidwb nyidwb nyidwb nyidwb nyidwb nyidwb nyidwb nyidwb nyidwb nyidwb nyidwb nyidwb nyidwb nyidwb nyidwb nyidwb nyidwb nyidwb nyidwb nyidwb nyidwb nyidwb nyidwb nyidwb nyidwb nyidwn
So the crowd answered him, “We have heard from the Law that the Christ remains forever. How can you say that the Son of Man must be lifted up? Who is this Son of Man?”	Ho nyiilungv mwam birwqnum, Ngulv Pvvb xeqlw hoqgv Kristo nwrba gob dooma dvn, hvbmabde nulv hoggub bedwn, Nyia Ko Tuupv hoggub yuum dvb jitayin? Hiyv nyia Ko Tuupv?
For if I cause you pain, who is there to make me glad but the one whom I have pained?	Hoggab ngo nulam mwwpa dvn, hiyv ngam mwwpa dvn, hvbmabde hiyvkam ngo mwwpa dvn, hiyvkam ngo mwwpa dvn?
The sons of Shimon: Amnon, Rinnah, Ben-hanan, and Tilon. The sons of Ishi: Zoheth and Ben-zoheth.	Simonnwg ko tuup tulungv: Amnon, Rinna, Ben-hanan, hoo Tilon. Issig ko tuup tulungv: Zoet la Ben-zoet.
If you put these things before the brothers, you will be a good servant of Christ Jesus, being trained in the words of the faith and of the good doctrine that you have followed.	Nulv soq tulu sam vbw-bor tulug agaho betayin, hoqgab no Kristog Jisu gab bon nyerab nyidwn, mwwjwnam mam la noqg mwwjwbo tomswrnam mam mwwjw-mvjwnam mam noqg mwwjw-mvjwnam mam mwwjw-mvjwnam mam mwwjw-mvjwnam mam mwwjw-mvjwnam mam mwwjw-mvjwnam mam mwwjw-mvjwnam mam mwwjw
And when Elihu saw that there was no answer in the mouth of these three men, he burned with anger.	Hoo hwdlo Elihu soq nyi tulug agam hoqgv birwq maanam mam kaapanum, mwv hang lengnum.
The years of our life are seventy, or even by reason of strength eighty; yet their span is but toil and trouble; they are soon gone, and we fly away.	Ngulug swwgam vnyw camnyi go, ho vnyw camnyi go, hvbsujaqkam vnyw camnyi go; hvbsujaqkam bulug vnywv nywywngam la nyixiaqkam doodo; hoq tulu si vnywngv wmin gvda, hoo ngulv wmin gvda.
by abolishing the law of commandments expressed in ordinances, that he might create in himself one new man in place of the two, so making peace,	Pwnbov pvvb tulug gaml jinam mam mwv mwwg mwwg hoqgv nyi tulug pengko hoqgv nyi tulungam pvvb mvdwb mvdwb mvdwb mvdwb mvdwb mvdwb mvdwb mvdwb mvdwb mvdwb mvdwb mvdwb mvdwb mvdwb mvdwb mvdwb mvdwb mvdwb mvdwb mvdwb mvdwb mvdwb mvdwb mvdwb mvdwb mvdwb mvdwb mvdwb mvdwb
Then whoever feared the word of the Lord among the servants of Pharaoh hurried his slaves and his livestock into the houses,	Ho hiyv hiyv At Swg gomcwram bosnum Parog nyera tulug pengko hoqgv mwwg nyera tulungam la mwwg sviya tulungam nammwb wleqnum,
There he broke the flashing arrows, the shield, the sword, and the weapons of war. Selah	Hoqho mwv vcjaqb vnyi tulungam, svtam mam, lyoqr orioqnam mam, hoo nyob pan tulungam mvpaqnum.
Thus the sons of Israel came to buy among the others who came, for the famine was in the land of Canaan.	Hoqgab Israelwg ko tuup tulungv hoqgv haanbo nyi tulug pengko ho doonum, hoggab Kanaan gvdaho nyob panum.
for the price of a prostitute is only a loaf of bread, but a married woman hunts down a precious life.	hoggab nyixiaqbo nyem akv vcwngam vcwngam vcwngam dvn, hvbmabde nywxw nyem akv vcwngam vcwngam vcwngam vcwngam vcwngam vcwngam vcwngam dvb mvdwb mvdwb mvdwb mvdwb mvdwb mvdwb mvdwb mvdwb mvdwb mvdwb mvdwb mvdwb mvdwb mvdwb mvdwb mvdwb mvdwb mvdwb mvdwb mvdwb
“On the fourth day ten bulls, two rams, fourteen male lambs a year old without blemish,	Vnyw kvn aalho svv hvvb vnyi go, sviya vnyi go, vnyw vnyw camleq go vnyw hoqgv vnyw hoqgv dvrwq maanam hvvb vnyw camleq go doogwq dvb mvdwb mvdwb mvdwb mvdwb mvdwb mvdwb mvdwb mvdwb mvdwb mvdwb mvdwb mvdwb mvdwb mvdwb mvdwb mvdwb mvdwb mvdwb mv
Woe is me! For I have become as when the summer fruit has been gathered, as when the grapes have been gleaned: there is no cluster to eat, no first-ripe fig that my soul desires.	Ngoqg vigo! Hoggab hwdlo vnyw hoqgv lvqcwngam hoqgv lvqcwngam hoqgv lvqcwngam hoqgv lvqcwngam hoqgv lvqcwngam hoqgv lvqcwngam hoqgv lvqcwngam hoqgv lvqcwngam hoqgv dooma dvn, ngoqg hangv vcwngam vcwngam hoqgv dooma dvn.
Now Sarai was barren; she had no child.	Hwdlo Sarai svdinum; mwnwg ko tuupv dooma dvn. Ngoqg ko tuupv dooma dvn, hvbmabde mwnwg ko tuupv dooma dvn, hvbmabde mwnwg ko tuupv dooma dvn, hvbmabde mwnwg ko tuupv dooma dvn, hvbmabde mwnwg ko tuupv dooma dvn, hvbmabde mwnwg ko tuupv dooma dvn.
Then he brought them up into his house and set food before them. And he rejoiced along with his entire household that he had believed in God.	Kokw so mwv bulam mwwg nammwb wkur kunum hoo bulug agaho dvnam mam jitnum. Mwv Pwnboam mwwjwnum hoo mwwg nammwb mwlwngam hempnum.
And they devoted themselves to the apostles’ teaching and the fellowship, to the breaking of bread and the prayers.	Kokw so bulv nyi tulungv nyi tulug tomswrnam mam hoo bulug lvgab bon nyidwb nyidwb nyidwb nyidwb nyidwb nyidwb nyidwb nyidwb nyidwb nyidwb nyidwb nyidwb nyidwb nyidwb nyidwb nyidwb nyidwb nyidwb nyidwb nyidwb nyidwb nyidwb nyidwb nyidwb nyidwb nyidwb nyidwb nyidwb nyidwb nyidwb nyidwb nyidwb nyidwn.
And he said, “You take my gods that I made and the priest, and go away, and what have I left? How then do you ask me, ‘What is the matter with you?’”	Hoo mwv benum, Ngoqg pwnbo tulungam la nyub tulu ham nulv naatayin, hoo nulv wleq kunum, hoo hoggv ngoqg lvgab dooma dvn? Hoggub no ngam toxdvn, Hoggv noqg lvgab dooma dvn?
“You shall therefore love the Lord your God and keep his charge, his statutes, his rules, and his commandments always.	Hoqgab nulug Pwnbo At Swn mwwdwn hoo mwwg pvvb tulungam, mwwg pvvb tulungam, mwwg pvvb tulungam, hoo mwwg gaml jinam tulungam pvvb mvtayin.
but we will take up arms, ready to go before the people of Israel, until we have brought them to their place. And our little ones shall live in the fortified cities because of the inhabitants of the land.	hvbmabde ngulv Israel nyiilug agaho pvvb mvtayin, ho ngulv bulam bulug pengko ho boolin tayin. Hoo gvda ho doonbo nyi tulug gab ngulug ko tuup tulungam bopam tulungam dootayin.
By this my Father is glorified, that you bear much fruit and so prove to be my disciples.	Hoqgab ngoqg Abv yuunam mam kaakin dvn, ho nulv hog mwlw hoqgv mwwpa dvn hoo nulv ngoqg bvrwqbo tulungv hvl kaakin dvn.
And they took the youth away alive, and were not a little comforted.	Hoo bulv nyega koam swwm dvb wlwqnum, hoo bulv vcjaqkam mwwpa maanum.
My words declare the uprightness of my heart, and what my lips know they speak sincerely.	Ngoqg gomcwrv ngoqg hangv jvqtwngam bekin dvn, hoo ngoqg agamv hoggv cengdwn hoqgv bulv jvqtw jaqb agam goonum.
Give me my wives and my children for whom I have served you, that I may go, for you know the service that I have given you.”	Ngoqg nywxw tulungam la ngoqg ko tuup tulungam ngam jitayin, ho ngo wtayin, hoggab ngo nam hoggub jitayin ham no cengdwn.
And the servant told Isaac all the things that he had done.	Hoo nyera mwwg nyinam mwlwngam Aisaknvn betamnum.
The whole assembly of Judah, and the priests and the Levites, and the whole assembly that came out of Israel, and the sojourners who came out of the land of Israel, and the sojourners who lived in Judah, rejoiced.	Judag nyiilu mwlwngv, hoo nyub tulungv hoo Lebi nyi tulungv, hoo Israel hoqgv haanbo nyiilu mwlwngv, hoo Israel gvda hoqgv haanbo nyiilungv, hoo Juda ho doonbo nyiilungv hempnum.
and from among your own selves will arise men speaking twisted things, to draw away the disciples after them.	Nulug pengko hoqgv nyi tulungv bulug kokwb wkur mvdwb nyidwn, hvbmabde nyi tulungv bulug kokwb wkur mvtayin.
I rejoiced greatly to find some of your children walking in the truth, just as we were commanded by the Father.	Hoggab noqg ko tuup tulungv Pwnbog gaml jinam hvb nyidwn, hoqgv noqg ko tuup tulungv jvqtwngam jvqtw jaqb nyidwn, hoqgab ngo vcjaqb nyipa kun.
Hezro of Carmel, Paarai the Arbite,	Karmel hoqgv Hezro, Arbi nyi Paarai,
“Only in the Lord , it shall be said of me, are righteousness and strength; to him shall come and be ashamed all who were incensed against him.	At Sw hoqgv, hoqhv ngam betayin, jvqtwngv la atorv; mwwg ceekol haatayinbo mwlwngv mwwg dookub haatayin hoo ceekol ceekol ceekol ceekol ceekol ceekol ceekol ceekol ceekol ceekol ceekol ceekol ceekol ceekol ceekol ceekol ceekol ceekol ceekol ceekol ceekol ceekol ceekol ceekol ceekol ceekol ceek
Then Moses wrote this law and gave it to the priests, the sons of Levi, who carried the ark of the covenant of the Lord , and to all the elders of Israel.	Ho Mojes soq pvvbam xeqpnum hoo hoqhv At Swg pvvb pvvb uddum mam nyub tulungam, hoo Lebi gv ko tuup tulungam, hoo Israelwg vbw-bor mwlwngam jinum.
Destroy, O Lord, divide their tongues; for I see violence and strife in the city.	At Swa, bulug agam mam mvdwb mvtayin; hoggab bopam hoqgv nyiqry benam mam la nyiqry benam mam ngo kaapa dvn. Pwnbov, bulug agam mam mvdwb mvdwb mvdwb mvdwb mvdwb mvdwb mvdwb mvdwb mvdwb mvdwb mvdwb mvdwb mvdwb mvdwb mvdwb mvdwb mvdwb mvdwb mvdwb mvdwb mvdwb mvdwb mvdwb mvdwb mvd
Are they servants of Christ? I am a better one—I am talking like a madman—with far greater labors, far more imprisonments, with countless beatings, and often near death.	Soq nyi tulungv Kristog nyerab nyidwn hvl nyidwn? Ngo hoqg nyerab nyidwn hvl bedwn. Ngo bedwn hvl bedwn hvl bedwn hvl bedwn hvl bedwn hvl bedwn hvl bedwn hvl bedwn hvl bedwn hvl bedwn hvl bedwn hvl bedwn hvl bedwn hvl bedwn hvl bedwn hvl bedwn hvl bedwn hvl bedwn hvl bedwn hvl bedwn hvl bedwn hvl bedwn hvl bedwn hv
When God heard, he was full of wrath, and he utterly rejected Israel.	Hwdlo Pwnbov tapanum, mwv hang lingtwrnum, hoo mwv Israelwg mwlwngam haqpaqnum.
But lately my people have risen up as an enemy; you strip the rich robe from those who pass by trustingly with no thought of war.	Hvbmabde nywywngam ngoqg nyiilungv nyob pan hvb nyidwn; no nyob pakun hoqgv mwwjw-mwwjwb wleqbo nyi tulug hoqgv nyob pakun hoqgv nyob pakun hoqgv nyob pakun hoqgv nyob pakun hoqgv nyob pakun hoqgv nyob pakun.
“You shall do no injustice in court. You shall not be partial to the poor or defer to the great, but in righteousness shall you judge your neighbor.	Nulv dvrwq namho nyixiaqkam nyima dvn. Nulv pobu-beparnam mam nyima dvn ho nyiingam mwwpa dvn, hvbmabde noqg nyiilungam no jvqtw jaqb nyidwb nyidwb nyidwb nyidwb nyidwb nyidwb nyidwb nyidwb nyidwb nyidwb nyidwb nyidwb nyidwb nyidwb nyidwb nyidwb nyidwb nyidwb nyidwb nyidwb nyidwb nyid
Heshbon with its pasturelands, Jazer with its pasturelands—four cities in all.	Hesbon lvgab hoqg sviya bo tulungam, Jajer lvgab hoqg sviya bo tulungammwqlwho bopam vpy tulungam.
And they sent their disciples to him, along with the Herodians, saying, “Teacher, we know that you are true and teach the way of God truthfully, and you do not care about anyone’s opinion, for you are not swayed by appearances.	Kokw so bulug tomswr tulungam Herod nyi tulu lvgab Jisug dookub kanamnum. Bulv benum, Mwwjwngv, ngulv cengdwn, no jvqtwngv hoo Pwnbog lamtangam jvqtw jaqb tomswrnam mam tomswrnamv, hoo hiyv nyi akgon mwwpa maabv, hoggab no hiyv-hiyvkam mwwpa maabv, hoggab hiyvkam hiyvkam hiyvkam hiyvkam hiyvkam
And everything on which she lies during her menstrual impurity shall be unclean. Everything also on which she sits shall be unclean.	Hoo mwnwg dvrwq namlo hoqgv hog mwlwngam dootayin ham dvrwq tayin. Mwnwg dootayin hog mwlwngam hoqgv dootayin ham dvrwq tayin.
But that you may know that the Son of Man has authority on earth to forgive sins” —he said to the paralytic—	Hvbmabde nulv cengdwb nyiloqkam, Nyia Ko Tuupv swcw gvda gvda gvdaho nyic nyic nyigam nyic nyigam nyigam nyigam nyigam nyigam nyigam nyigam nyigam nyigam nyigam nyigam nyigam nyigam nyigam nyigam nyigam nyigam nyigam nyigam nyigam nyigam nyigam nyigam nyigam nyigam nyigam nyigam nyigam ny
Moab is destroyed; her little ones have made a cry.	Moabv nyob pakun; mwnwg ko tuup tulungv vcjaqb mvdwb mvdwb mvdwb mvdwb mvdwb mvdwb mvdwb mvdwb mvdwb mvdwb mvdwb mvdwb mvdwb mvdwb mvdwb mvdwb mvdwb mvdwb mvdwb mvdwb mvdwb mvdwb mvdwb mvdwb mvdwb mvdwb mvdwb mvdwb mvdwb mvdwb mvdwb mvdwb mvdwb mvdwb mvdwb mvd
He declared to Arioch, the king’s captain, “Why is the decree of the king so urgent?” Then Arioch made the matter known to Daniel.	Mwv lvpw atwg kepten Arioknvn goqnum, Hoggub lvpw atwg gaml jinamv hoggv dootayin? Ho Ariok soq sam Daniyelnvn betamnum.
Then he returned to the man of God, he and all his company, and he came and stood before him. And he said, “Behold, I know that there is no God in all the earth but in Israel; so accept now a present from your servant.”	Ho mwv Pwnbog nyi akwg dookub wkurnum, mwv la mwwg nyiilu mwlwngam, hoo mwv haanum hoo mwwg agaho daqnum. Hoo mwv benum, Kaato, ngo cengdo Israel hoqgv Pwnbov dooma dvn; hoqgab noqg nyera hoqgv aky jitayin.
“I know that you can do all things, and that no purpose of yours can be thwarted.	Ngo cengdwn no hog mwlwngam nyidwn, hoo noqg mwwlwqkam mwwpa maab nyidwn.
“Her sister Oholibah saw this, and she became more corrupt than her sister in her lust and in her whoring, which was worse than that of her sister.	Mwnwg nywxwngv Oholiba soq sam kaapanum, hoo mwnwg nywxwngam mwnwg nywxwngam la mwnwg nyixiaqnam mam mwnwg nywxwngam mwnwg nywxwngam mwnwg nywxwngam mwnwg nywxwngam mwnwg nywxwngam mwnwg nywxwngam mwnwg nywxwngam mwnwnwqnum.
Their listing according to the number of all the males from a month old and upward was 6,200.	Bulug nywxwngv hoqgv hoqgv vnyw hoqgv hoqgv vnyw hoqgv hoqgv hoqgv hoqgv hoqgv hoqgv hoqgv hoqgv hoqgv hoqgv hoqgv hoqgv hoqgv hoqgv hoqgv hoqgv hoqgv hoqgv hoqgv hoqgv hoqgv hoqgv hoqgv hoqgv ho
It is good that one should wait quietly for the salvation of the Lord .	At Swg ywwlinam mam nyiicwr-cwrxiam hvb nyidwn hoqgv aljaqb nyidwn.
And she went up and laid him on the bed of the man of God and shut the door behind him and went out.	Hoo mwn wknum hoo mwam Pwnbog nyi akwg doogwho goqlwqnum hoo mwwg kokw so toggoqkam ruqlinum hoo wleq kunum.
Fifty men of the sons of the prophets also went and stood at some distance from them, as they both were standing by the Jordan.	Nyiqry benbo ko tuup tulungv camngv bulug dookub wnum, ho bulv Jordon lvgab wnum.
And whoever gives one of these little ones even a cup of cold water because he is a disciple, truly, I say to you, he will by no means lose his reward.”	Hoqgab hiyv hiyv nyiqry benbo nyi tulungam mwwg aky jinam gab twwx-twx-twx-twx-twx-twx-twx-twx-twx-twx-twx-twx-twx-twx-twx-twx-twx-twx-twx-twx-twx-twx-twx-twx-twx-twx-twx-twx-twx-twx-twx-twx-twx-twx-
oil for the light, spices for the anointing oil and for the fragrant incense,	lvqcwngam mwlwngam mwlwngam mwlwngam mwlwngam mwlwngam mwlwngam mwlwngam mwlwngam mwlwngam mwlwngam mwlwngam mwlwngam mwlwngam mwlwngam mwlwngam mwlwngam mwlwngam mwlwngam mwlwngam mwlwngam mwlwngam mwlwngam mwlwngam mwlwngam mwlwngam mwlwngam mwlwngam mwlwngam mwlwngam mwlwngam
Their drink offerings shall be half a hin of wine for a bull, a third of a hin for a ram, and a quarter of a hin for a lamb. This is the burnt offering of each month throughout the months of the year.	Bulug iss aky jinam hvvb nyinum hoqgv twwx-twx-twx-twx-twx-twx-twx-twx-twx-twx-twx-twx-twx-twx-twx-twx-twx-twx-twx-twx-twx-twx-twx-twx-twx-twx-twx-twx-twx-twx-twx-twx-twx-twx-twx-twx-twx
And they could not reply to these things.	Kokw so bulv soq gomcwrnam mam birwq maanum.
Remember that you have made me like clay; and will you return me to the dust?	Hoggab no ngam dvrwqbo hvb nyidwn hvl mwwtayin; hoo no ngam otuqb wkur dvn hvl mwwkur dvn hvl mwwkur dvn hvl mwwkur dvn hvl mwwkur dvn hvl mwwkur dvn hvl mwwkur dvn hvl mwwkur dvn hvl mwwkur dvn hvl mwwkur dvn hvl mwwkur dvn hvl mwwkur dvn hvl mwwkur dvn hvl mwwkur dvn hvl mww
and say to them, Thus says the Lord God : On the day when I chose Israel, I swore to the offspring of the house of Jacob, making myself known to them in the land of Egypt; I swore to them, saying, I am the Lord your God.	hoo bulam beto, soq sib Pwnbo At Sw bedo: Hoq aalho ngo Israel nyi tulungam meegaqnum, ngo Jakubwg nombu hoqgv dingr kunum, Ijipt gvdaho ngoqg atv bulam cengdwn; ngo bulam dingr kunum, ngo nulug Pwnbo At Swv.
For behold, the kings assembled; they came on together.	Hoggab kaato, lvpw at tulungv haakamnum; bulv lvgab haanum.
as the Lord commanded Moses. So he listed them in the wilderness of Sinai.	At Sw Mojesnvn gaml jinum. Hoqgab mwv bulam Sinaig deexa-raraho gvnum.
I will pay my vows to the Lord in the presence of all his people.	Ngo mwwg nyiilu mwlwg agaho At Swn ngoqg dingrnam mam mvtayin.
Then let our appearance and the appearance of the youths who eat the king’s food be observed by you, and deal with your servants according to what you see.”	Ho ngulam la lvpw atwg dvnam mam dvb dvb dvb dvb dvb mvtayin, hoo noqg nyera tulungam noqg kaanam hvb nyidwn hvb nyidwb nyidwb nyidwb nyidwb nyidwb nyidwb nyidwb nyidwb nyidwb nyidwb nyidwb nyidwb nyidwb nyidwb nyidwb nyidwb nyidwb nyidwb nyidwb nyidwb nyidwb nyidwb nyidwb nyidwb nyidwb nyidwn.
“Let Reuben live, and not die, but let his men be few.”	Ruben swwtayin, hoo swwma dvn, hvbmabde mwwg nyi tulungv vcjaqb mvtayin.
And he will show you a large upper room furnished and ready; there prepare for us.”	Mwv nulam otuqho doonbo otuqho doonbo otuqho doonbo otuqho doonbo otuqho doonbo otuqho doonbo otuqho doonbo otuqho doonbo otuqho doonbo otuqho doonbo otuqho doonbo otuqho doonbo otuqho doonbo otuqho doonbo otuqho doonbo otuqho doonbo otuqho doonbo otuqho doonbo otuqho doonbo otuqho doonbo otuqho doonbo otuqho doonbo otuqho doonbo otuqho doonbo otuq
(for you shall worship no other god, for the Lord , whose name is Jealous, is a jealous God),	(hoggab nulv asaq pwnboam nyemabv, hoggab At Sw, hiyvg eminam Jvqtw dvn, Pwnbov Jvqtw dvn),
And Daniel was there until the first year of King Cyrus.	Hoo Lvpw at Sirusg vnyw agaho Daniyel doonum.
Let no one disqualify you, insisting on asceticism and worship of angels, going on in detail about visions, puffed up without reason by his sensuous mind,	Hoqgab nyi akgon nulam mwwpa dvn, hoqgab mwwg mwwjwbo mwwjwbo mwwjwbo mwwjwbo mwwjwbo mwwjwbo mwwjwbo mwwjwbo mwwjwbo mwwjwbo mwwjwbo mwwjwbo mwwjwbo mwwjwbo mwwjwbo mwwjwbo mwwjwbo mwwjwbo mwwjwbo mwwjwbo mwwjwbo mwwjwbo mwwjwbo mwwjwbo mwwjwbo mwwjwbo mwwjw
You who are of purer eyes than to see evil and cannot look at wrong, why do you idly look at traitors and remain silent when the wicked swallows up the man more righteous than he?	Noqg vnyiqkam vnyiqkam vnyiqkam vnyiqkam vnyiqkam vnyiqkam vnyiqkam vnyiqkam vnyiqkam vnyiqkam vnyiqkam vnyiqkam vnyiqkam vnyiqkam vnyiqkam vnyiqkam vnyiqkam vnyiqkam vnyiqkam vnyiqkam vnyiqkam vnyiqkam vnyiqkam vnyiqkam vnyiqkam vnyiqkam vnyiqkam vnyiqkam vnyiqkam vnyiqkam vnyiqkam
The word of the Lord came to me, saying,	At Swg gomcwrv ngam haanum, begamv,
The Lord sits enthroned over the flood; the Lord sits enthroned as king forever.	At Sw lvpw atwg lvpw atwg lvpw atwg lvpw atwg lvpw atwg lvpw atwg lvpw atwg lvpw atwg lvpw atwg lvpw atwg lvpw atwg lvpw atwg lvpw atwg lvpw atwg lvpw atwg lvpw atwg lvpw atwg lvpw atwg lvpw atwg lvpw atwg lvpw
And in the hearing of all the people he said to his disciples,	Kokw so nyi mwlwngv tapa tvl mwwg buu tulungam benum,
One thing have I asked of the Lord , that will I seek after: that I may dwell in the house of the Lord all the days of my life, to gaze upon the beauty of the Lord and to inquire in his temple.	At Sw hoqgv ngo hog ak mwwpa kun, hoqham ngo mwwpa tayin: ngoqg swwgam swwgam swwgam At Swg dvrwq namlo ho dootayin, At Swg yuunam mam kaapa kun hoo mwwg dvrwq namlo ho mwwpa kun.
And some of your own sons, who will come from you, whom you will father, shall be taken away, and they shall be eunuchs in the palace of the king of Babylon.”	Hoo noqg atwg ko tuup tulungv, hiyv noqg hoqgv hoqgv haatayin, hiyvkam noqg abob tayin, hoq tulu ham naatayin, hoo bulv Bebilonwg lvpw atwg lvpw atwg lvpw-haagaho pvvb mvtayin.
(Laban gave his female servant Zilpah to his daughter Leah to be her servant.)	(Laban mwwg nyera nyem Silpahnvn mwwg nyem ko Leyag nyera gab jinum.)
Even those who eat his food shall break him. His army shall be swept away, and many shall fall down slain.	Hwdlo hiyv mwwg dvparam dvtayin hoq tulu ham mwam mvtayin. Mwwg sipai tulungam mvtayin, hoo vbw-bor mvtayin.
But you yourselves wrong and defraud—even your own brothers!	Hvbmabde nulv jvqtw jaqb nyinum hoo nulug atwg vbw-bor tulungam mwwjw-mvjwr-mvjwr-mvjwr-mvjwr-mvjwr-mvjwr-mvjwr-mvjwr-mvjwr-mvjwr-mvjwr-mvjwr-mvjwr-mvjwr-mvjwr-mvjwr-mvjwr-mvjwr-mvjwr-mv
Is the law then contrary to the promises of God? Certainly not! For if a law had been given that could give life, then righteousness would indeed be by the law.	Hoqgab Pvvb gaml apnam mam Pwnbog gaml apnam mam ceekol doodwn hvl Pwnbog gaml apnam mam ceekol doodwn hvl Pwnbog gaml apnam mam ceekol ceekol ceekol ceekol ceekol ceekol ceekol ceekol ceekol ceekol ceekol ceekol ceekol ceekol ceekol ceekol ceekol ceekol ceekol ceekol ceekol ceekol ceekol ceekol ceekol ceek
So all the men of Israel gathered against the city, united as one man.	Hoqgab Israel nyi mwlwngv bopam ceekol dookub haanum, nyi ak hvb nyidwn.
But if the itch spreads in the skin after his cleansing,	Hvbmabde mwwg dvrwqnam mam dvrwqnam mam dvrwqnam hvb nyiloqkam,
To them were given Shechem, the city of refuge for the manslayer, with its pasturelands in the hill country of Ephraim, Gezer with its pasturelands,	Bulug gab Sekem, nyi akwg svmcwbo bopam, Iprayimg puutu gvdaho hoqg svmcw tulungam, Gejer lvgab hoqg svmcw tulungam,
the son of Jacob, the son of Isaac, the son of Abraham, the son of Terah, the son of Nahor,	Jakub gv ko tuupv, Aisak gv ko tuupv, Abraham gv ko tuupv, Tera gv ko tuupv, Nahor gv ko tuupv,
And he strictly charged them to tell no one about him.	Kokw so Jisu bulam birwqnum, mwwg hvbkalam nyi akkam betam tvbmab nyidwb nyidwb nyidwb nyidwb nyidwb nyidwb nyidwb nyidwb nyidwb nyidwb nyidwb nyidwb nyidwb nyidwb nyidwb nyidwb nyidwb nyidwb nyidwb nyidwb nyidwb nyidwb nyidwb nyidwb nyidwb nyidwb nyidwb nyidwb nyidwb nyidwb nyidwb nyidwb nyidwb nyidwb
You have profaned me among my people for handfuls of barley and for pieces of bread, putting to death souls who should not die and keeping alive souls who should not live, by your lying to my people, who listen to lies.	Nulv ngam ngoqg nyiilug pengko ho vnyiq-vnyiq vnyiq-vnyiq dvb hoo vnyiq-vnyiq dvb mvdwb mvdwb mvdwb mvdwb mvdwb mvdwb mvdwb mvdwb mvdwb mvdwb mvdwb mvdwb mvdwb mvdwb mvdwb mvdwb mvdwb mvdwb mvdwb mvdwb mvdwb mvdwb mvdwb mvdwb mvdwb mvdwb mvdwb mvdwb mvdwb
So she set out and came to the man of God at Mount Carmel. When the man of God saw her coming, he said to Gehazi his servant, “Look, there is the Shunammite.	Hoqgab mwn wknum hoo Pwnbog nyiilungam Karmel Puutu ho haanum. Hwdlo Pwnbog nyiilungv mwnwn haanum, mwv mwwg nyera Gehajivn benum, Kaato, Sunam nyi ak hoqgv.
And they set out from Almon-diblathaim and camped in the mountains of Abarim, before Nebo.	Hoo bulv Almon-diblataim hoqgv wnum hoo Abarim puutu aoho Nebo agaho svmcw mvnum.
Then the Lord awoke as from sleep, like a strong man shouting because of wine.	Ho At Sw otuqb wknum, hvbmabde atorbo nyi ak hvvb nyinum hoqgv baqnum.
Peace be to the brothers, and love with faith, from God the Father and the Lord Jesus Christ.	Abv Pwnbov la At Sw Jisu Kristog lvgab vbw-bor tulungam swrsongam la mwwjwnam mam swrsongam haatayin.
Whatever your hand finds to do, do it with your might, for there is no work or thought or knowledge or wisdom in Sheol, to which you are going.	Noqg alaqkam hog mwlwngam nyidwn, noqg atwg ator lvgab hoqham nyidwn, hoggab no Sux-ywlw hoqgv nyinam mam, ho mwwlaqnam mam, ho mwwlaqnam mam, hoqho no wtayin.
This was now the second sign that Jesus did when he had come from Judea to Galilee.	Jisu Juhudi gvda hoqgv Galili gvdab haanum hoqgv nyiqry benam mam hoqgv nyiqry benam mam nyidwn, hoq nyiqry benam mam soq nyiqry benamv nyidwn, hoq nyiqry benamv nyiqry benamv nyiqry benamv nyiqry benamv nyiqry benamv nyiqry benamv nyiqry benamv nyiqry benamv nyiqry benamv nyiqry benamv nyidwn.
“Yet you say, ‘The way of the Lord is not just.’ Hear now, O house of Israel: Is my way not just? Is it not your ways that are not just?	Hvbsujaqkam nulv bedo, At Swg lamtangv jvqtw maabv. Israelwg nombungam, sija tapa to: Ngoqg lamtangv jvqtw maabv? Nulug lamtangv jvqtw maabv?
The time that Jehu reigned over Israel in Samaria was twenty-eight years.	Jehu Israelwg aoho Samariya ho lvpw at gob vnyw camleq nywnyi lvgab pvvb bwwl doognum.
“If the world hates you, know that it has hated me before it hated you.	Nyi mwlwngv nulam ceekol ceekol ceekol ceekol ceekol ceekol ceekol ceekol ceekol ceekol ceekol ceekol ceekol ceekol ceekol ceekol ceekol ceekol ceekol ceekol ceekol ceekol ceekol ceekol ceekol ceekol ceekol ceekol ceekol ceekol ceekol ceekol ceekol ceekol ceekol ceekol ceekol ceekol ceek
In the ninth year, in the tenth month, on the tenth day of the month, the word of the Lord came to me:	Vnyw vnyw otuq hoqgv, hoqg aalho, At Swg gomcwrv ngam haanum:
When the grass is gone and the new growth appears and the vegetation of the mountains is gathered,	Hwdlo nyookv wmin gvdwl hoo nyookv wmin gvdwl hoo puutu hoqg ui-uiyam mvdwb mvdwb mvdwb mvdwb mvdwb mvdwb mvdwb mvdwb mvdwb mvdwb mvdwb mvdwb mvdwb mvdwb mvdwb mvdwb mvdwb mvdwb mvdwb mvdwb mvdwb mvdwb mvdwb mvdwb mvdwb mvdwb mvdwb mvdwb mvdwb mvdwb mvdwb mvdwb
“In those days and in that time, declares the Lord , the people of Israel and the people of Judah shall come together, weeping as they come, and they shall seek the Lord their God.	Hoq aalho la hoq moodho, At Sw bibwqdo, Israelwg nyiilungv la Judag nyiilungv haatayin, bulv haatayin, hoo bulug Pwnbo At Swn bibwq tayin.
Their roaring is like a lion, like young lions they roar; they growl and seize their prey; they carry it off, and none can rescue.	Bulug vcjaqnamv svpur hvb nyidwn, bulv svpur svpur hvb vcjaqnamv; bulv vcjaqnamv hoo bulug pwr-cwrx-cwrx-cwrx-cwrx-cwrx-cwrx-cwrx-cwrx-cwrx-cwrx-cwrx-cwrx-cwrx-cwrx-cwrx-cwrx-cwrx-cwrx-cwrx-cwrx-cwrx-
“Because the poor are plundered, because the needy groan, I will now arise,” says the Lord ; “I will place him in the safety for which he longs.”	Hoggab hiyv pobu tulungv mvdwb mvdwb mvdwb mvdwb mvdwb mvdwb mvdwb mvdwb mvdwb mvdwb mvdwb mvdwb mvdwb mvdwb mvdwb mvdwb mvdwb mvdwb mvdwb mvdwb mvdwb mvdwb mvdwb mvdwb mvdwb mvdwb mvdwb mvdwb mvdwb mvdwb mvdwb mvdwb mvdwb mvdwb mvdwb mvdwb mvdwb mvdwb
It became great, even as great as the Prince of the host. And the regular burnt offering was taken away from him, and the place of his sanctuary was overthrown.	Hoqham nyiitbo Lvpw atwg lvpw atwg hvb nyidwb nyidwb nyidwb nyidwb nyidwb nyidwb nyidwb nyidwb nyidwb nyidwb nyidwb nyidwb nyidwb nyidwb nyidwb nyidwb nyidwb nyidwb nyidwb nyidwb nyidwb nyidwb nyidwb nyidwb nyidwb nyidwb nyidwb nyidwb nyidwb nyidwb nyidwb nyidwb nyidwb nyidwb nyidwb ny
“Assemble, all of you, and listen! Who among them has declared these things? The Lord loves him; he shall perform his purpose on Babylon, and his arm shall be against the Chaldeans.	Nul mwlwngv haakamto, hoo tapa to! Bulug pengko hoq tulu ham hiyv bekin pakun? At Sw mwam mwwdwn; mwwg mwwlwqkv mwv Bebilonwg aoho nyidwb nyitayin, hoo mwwg alaqkv Kaldiya nyi tulungam ceekol dootayin.
And Asa had an army of 300,000 from Judah, armed with large shields and spears, and 280,000 men from Benjamin that carried shields and drew bows. All these were mighty men of valor.	Hoo Juda hoqgv Asangv 300,000 go nyipa ku, hoqgv pvlyw tulungam la vpyw tulungam ceeko dvb mvnum, hoo Benjamin hoqgv pvlyw tulungam hoo pvlyw tulungam 280,000 go nyipa ku. Soq mwlwngv ator bo nyi tulungv.
Lift up your heads, O gates! And be lifted up, O ancient doors, that the King of glory may come in.	Dvrwqbo toggoqkv, nulug dumpo tulungam dvb mvtayin! Hoo dvrwqbo toggoqkv, dvrwqbo Lvpw atv haatayin.
And say to the people of the land, Thus says the Lord God concerning the inhabitants of Jerusalem in the land of Israel: They shall eat their bread with anxiety, and drink water in dismay. In this way her land will be stripped of all it contains, on account of the violence of all those who dwell in it.	Hoo gvda gvdangam beto, Soq sib Pwnbo At Sw Israelwg gvdaho Jerusalemho doonbo nyi tulungam betamv: Bulv bulug dvparam vcjaqb dvb dvtayin, hoo issv vcjaqb dvb dvtayin. Hoqho doonbo nyi mwlwngam nyixiaqb, hoqho doonbo nyi mwlwngv hog mwlwngam mvtayin.
So now it is no longer I who do it, but sin that dwells within me.	Hoqgab sija ngo hoqg nyinam mam nyidwn, hvbmabde ngoqg uraho doonbo nyic nyinamv nyidwn.
Then Joram passed over to Zair with all his chariots and rose by night, and he and his chariot commanders struck the Edomites who had surrounded him, but his army fled home.	Ho Joram mwwg ceriots mwlwng lvgab Zair hoqgv wleq kunum hoo aal loodab wnum, hoo mwv la mwwg ceriot pvvb pvvb mingtwr tulungam mwwg lvgab dooknum hoqgv Edom nyi tulungam mengnum, hvbmabde mwwg sipai tulungv nammwb wleqnum.
So one of the priests whom they had carried away from Samaria came and lived in Bethel and taught them how they should fear the Lord .	Hoqgab bulug nyub tulungv Samariya hoqgv naareqnum hoqgv Bet-el ho doonum hoo bulv At Swn hoggub bosnam mam tomswrnum.
I was naked and you clothed me, I was sick and you visited me, I was in prison and you came to me.’	Ngo dvrwq maanum hoo nulv ngam vjam jitum, ngo vcjaqb nyinum hoo nulv ngoqg dookub wnum, ngo dvpar hoqgv dookub wnum hoo nulv ngoqg dookub haanum.
“Command the people of Israel to give to the Levites some of the inheritance of their possession as cities for them to dwell in. And you shall give to the Levites pasturelands around the cities.	Israel nyiilungam gaml jinam mam Lebi nyi tulungam bulug gvdaho gvda hoqgv bopam tulungam pvvb mvtayin. Hoo Lebi nyi tulungam bopam tulug pengko hoqgv sviya gob pvvb mvtayin.
Little children, yet a little while I am with you. You will seek me, and just as I said to the Jews, so now I also say to you, ‘Where I am going you cannot come.’	Ngoqg ko tuup tulungam, ngo nulug lvgab soolo dootayin. Nulv ngam meegaq tayin, hoo ngo Juhudi tulungam benum hvb ngo nulam bedwn, Ngoqg dookub nulv haamab nyiloqkam, nulv ngoqg dookub haamab nyiloqkam, nulv ngoqg lvgab haamab nyiloqkam, nulv ngoqg lvgab haamab nyiloqkam, nulv ngoqg lvgab haamab nyiloqkam
But he would withdraw to desolate places and pray.	Hvbmabde mwv vcjaqb doonbo nyi tulug pengko ho doonum hoo mwv dooba kunum, hvbmabde mwv nyi tulug pengko ho doonum, mwv nyi tulug pengko ho doonum, mwv nyi tulug pengko ho doonum, mwv nyi tulug pengko ho doonum, mwv nyi tulug pengko ho doonum, mwv nyi tulug pengko ho doonum, mwv nyi tulug pengko ho doonum, mwv nyi tulug pengko ho doonum.
Leah likewise and her children drew near and bowed down. And last Joseph and Rachel drew near, and they bowed down.	Hoq hvbkalam Leya la mwnwg ko tuup tulungv wmin gvnum hoo mwwpa kunum. Hoo lokta Josap la Rakel wmin gvnum, hoo bulv mwwpa kunum.
And people of all nations came to hear the wisdom of Solomon, and from all the kings of the earth, who had heard of his wisdom.	Hoo nyob mwlwngv Solomonwg mwwlaqnam mam tapab haanum, hoo mwwg mwwlaqnam mam tapab swcwg lvpw at mwlwngv haanum.
Recognizing Peter’s voice, in her joy she did not open the gate but ran in and reported that Peter was standing at the gate.	Mwn Pitorg goonam mam cengdwn, hoqgab mwnwg hangv dvrwqbo toggoqnam mam kaapa maanum, hvbmabde Pitor dvrwqbo toggoq ho daqlin gvnum, hvbmabde mwv dvrwqbo toggoqnam mam kaapa maanum, hvbmabde Pitorg dvrwqbo toggoqho daqlin gvqlwqnum.
They are your servants and your people, whom you have redeemed by your great power and by your strong hand.	Bulv noqg nyera tulungv hoo noqg nyiilungv, hiyvkam noqg alaq lvqbwq alaqkv hoo noqg lvqbwq alaqkv no mvdwb mvdwb mvdwb mvdwb mvdwb mvdwb mvdwb mvdwb mvdwb mvdwb mvdwb mvdwb mvdwb mvdwb mvdwb mvdwb mvdwb mvdwb mvdwb mvdwb mvdwb mvdwb mvdwb mvdwb mvdwb mvdwb mvdwb mvd
is it too small a thing for you that the God of Israel has separated you from the congregation of Israel, to bring you near to himself, to do service in the tabernacle of the Lord and to stand before the congregation to minister to them,	Israelwg Pwnbov nam Israelwg dvrwqbo hoqgv dvrwq paku, ho At Swg dvrwq namlo ho bon nyidwb bon nyidwb hoo bon nyidwb bon nyidwb nyidwb nyidwb nyidwb nyidwb nyidwb nyidwb nyidwb nyidwb nyidwb nyidwb nyidwb nyidwb nyidwb nyidwb nyidwb nyidwb nyidwb nyidwb nyidwb nyidwb nyidwb nyidwb nyidwb nyidwb nyid
That same night the Lord said to him, “Arise, go down against the camp, for I have given it into your hand.	Hoq aalho At Sw mwam benum, Wlwqto, nyi tulungam ceekol wtayin, hoggab ngo ham noqg alaqho jilwq pakun.
but when they had grazed, they became full, they were filled, and their heart was lifted up; therefore they forgot me.	hvbmabde hwdlo bulv sviya kunum, bulv vcjaqnum, bulv vcjaqnum, hoo bulug hangv mwwdwqnum; hoqgab bulv ngam mwwpa kunum.
And everyone who speaks a word against the Son of Man will be forgiven, but the one who blasphemes against the Holy Spirit will not be forgiven.	Hiyv nyi akwg Ko Tuupam ceekol benam mam mwwpa tayin, hvbmabde hiyv Yalwg Yalwg ceekol ceekol ceekol ceekol ceekol ceekol ceekol ceekol ceekol ceekol ceekol ceekol ceekol ceekol ceekol ceekol ceekol ceekol ceekol ceekol ceekol ceekol ceekol ceekol ceekol ceekol ceekol ceekol ceekol ceekol ceekol ce
He did what was evil in the sight of the Lord , though not like his father and mother, for he put away the pillar of Baal that his father had made.	Mwv At Swg kaagaho nyic nyinam mam nyinum, hvbsujaqkam mwwg ab la annam hvb nyinum, hoggab mwwg abv Baalwg svdinam mam mwv mvpaqnum.
Only the prince may sit in it to eat bread before the Lord . He shall enter by way of the vestibule of the gate, and shall go out by the same way.”	Lvpw atwg lvpw atv At Swg agaho dvnam dvb hoqho dootayin. Mwv toggoqg toggoq hoqgv haatayin, hoo hoqg lamta hoqgv wleq tayin.
For the sons of Athaliah, that wicked woman, had broken into the house of God, and had also used all the dedicated things of the house of the Lord for the Baals.	Hoggab nyic nywxwngv Atalya ko tuup tulungv Pwnbog dvrwq namlo ho haanum, hoo At Swg dvrwq namlo hoqg dvrwqbo svmcw mwlwngam Baal tulungam mvpaqnum.
and whether the land is rich or poor, and whether there are trees in it or not. Be of good courage and bring some of the fruit of the land.” Now the time was the season of the first ripe grapes.	hoo gvda hoqgv swrdorxeq ma, hoo hoqgv svv lywpa ma, hoo hoqgv svv lywpa ma. Dvrwqbo boam hoo gvda hoqgv hoqgv hoqgv hoqgv hoqgv hoqgv hoqgv hoqgv hoqgv hoqgv hoqgv hoqgv hoqgv hoqgv hoqgv hoqgv hoqgv hoqgv hoqgv
the men who brought up a bad report of the land— died by plague before the Lord .	gvda hoqgv mwlwngam mwwpa ku nyi tulungv At Swg agaho vcjaqb mvnum.
He does not believe that he will return out of darkness, and he is marked for the sword.	Mwv mwwdwq hoqgv hoqgv wkur tayin hvl mwwjw maabv, hoo mwv lyoqr orioq gab mvdwb mvdwb mvdwb mvdwb mvdwb mvdwb mvdwb mvdwb mvdwb mvdwb mvdwb mvdwb mvdwb mvdwb mvdwb mvdwb mvdwb mvdwb mvdwb mvdwb mvdwb mvdwb mvdwb mvdwb mvdwb mvdwb mvdwb mvdwb mvdwb mvdwb
Then 3,000 men of Judah went down to the cleft of the rock of Etam, and said to Samson, “Do you not know that the Philistines are rulers over us? What then is this that you have done to us?” And he said to them, “As they did to me, so have I done to them.”	Ho Juda hoqg 3,000 nyi tulungv Etamg lvgab wnum, hoo Samsonnvn benum, No cengma dvn ham Palistan nyi tulungv ngulam pvvb bwwl doog dvn? Ho soq sam nulv ngulam hoggv nyinum? Hoo mwv bulam benum, Bulv ngam hoggub nyinum, hoqgab ngo bulam hoggub nyinum.
So Peter was kept in prison, but earnest prayer for him was made to God by the church.	Hoqgab Pitornvn lvqc hoqgv doognum, hvbmabde soq nyi tulungam Pwnbog mwwg gab mwwdwq-muwdwql doonum.
Then the Lord said to Moses, “Go in to Pharaoh and say to him, ‘Thus says the Lord , “Let my people go, that they may serve me.	Ho At Sw Mojesnvn benum, Paraonwg dookub haato hoo mwam beto, Soq sib At Sw bedo, Ngoqg nyiilungam wtayin, ho bulv ngam bon nyinum.
O God, when you went out before your people, when you marched through the wilderness, Selah	Pwnboa, hwdlo no noqg nyiilug agaho lengnum, hwdlo no deexa-rara hoqgv lengnum,
If they listen and serve him, they complete their days in prosperity, and their years in pleasantness.	Bulv mwwg agam mam tapanum hoo mwwg bon nyiloqkam, bulv bulug aalv swrsongam, hoo bulug vnyw tulungam swrsongam nyidwb nyidwb nyidwb nyidwb nyidwb nyidwb nyidwb nyidwb nyidwb nyidwb nyidwb nyidwb nyidwb nyidwb nyidwb nyidwb nyidwb nyidwb nyidwb nyidwb nyidwb nyidwb nyidwb nyidwb nyidwb nyidwb nyidwn.
and take your father and your households, and come to me, and I will give you the best of the land of Egypt, and you shall eat the fat of the land.’	hoo noqg abv la noqg imiq tulungam naato, hoo ngoqg dookub haato, hoo Ijipt gvda hoqgv hog mwlwngam ngo nam jitayin, hoo nulv gvda hoqg vjam dvtayin.
And Micah ordained the Levite, and the young man became his priest, and was in the house of Micah.	Hoo Miika Lebi nyi akvn pvvb mvnum, hoo nyega ko tuupv mwwg nyub mvnum, hoo Miikanwg namho doonum.
And you shall consume all the peoples that the Lord your God will give over to you. Your eye shall not pity them, neither shall you serve their gods, for that would be a snare to you.	Hoo noqg Pwnbo At Sw noqg alaqho jitayinbo nyiilu mwlwngam no dvb mvtayin. Noqg vnyiqkv bulam mwwpa tayin, ho bulug pwnbo tulungam no bonam tayin, hoggab hoqhv noqg pagoqkam hvb nyidwb nyidwb nyidwb nyidwb nyidwb nyidwb nyidwb nyidwb nyidwb nyidwb nyidwb nyidwb nyidwb nyidwb nyidwb nyidwb nyidwb nyidwb nyidwb nyid
David commanded to gather together the resident aliens who were in the land of Israel, and he set stonecutters to prepare dressed stones for building the house of God.	Debid Israel gvdaho doonbo nyoodo nyi tulungam goqkur mvdwb gaml jinum, hoo mwv Pwnbog dvrwq namlo namlo hoqgv lvqc-loosaqb lvgab lvqc-loosaqb lvqc-loosaqb lvqc-loosaqb lvqc-loosaqb lvqc-loosaqb lvqc-loosaqb lvqc-loosaqb lvqc-loosaq
either three years of famine, or three months of devastation by your foes while the sword of your enemies overtakes you, or else three days of the sword of the Lord , pestilence on the land, with the angel of the Lord destroying throughout all the territory of Israel.’ Now decide what answer I shall return to him who sent me.”	ho noqg ceebio tulug lyoqr orioqkam, ho noqg ceebio tulug lyoqr orioqkam, ho noqg ceebio tulug lyoqr orioqkam, ho noqg ceebio tulug lyoqr orioqkam, ho At Swg lyoqr orioqkam, gvdaho nyob pakun, ho At Swg gumtwngv Israelwg gvda mwlwngam nyob pakun. Hoqgab sija ngoqg benboam hoggv birwq tayin hvl bedwn.
When the king held out the golden scepter to Esther, Esther rose and stood before the king.	Hwdlo lvpw atv Esternvn hunam pvxwqnam mam lengnum, Ester gorabnum hoo lvpw atwg agaho daqnum.
All Israel has transgressed your law and turned aside, refusing to obey your voice. And the curse and oath that are written in the Law of Moses the servant of God have been poured out upon us, because we have sinned against him.	Israel mwlwngv noqg pvvbam nyixiaq pakun hoo wleq paku, noqg agam mam tapanum. Hoo Pwnbog nyera Mojeswg Pvvb xeqpnam mam xeqp-xeqpnamv ngulug aoho xuqlin pakun, hoggab ngulv mwam ceekol nyic nyinum.
The Lord said to me: “Son of man, will you judge Oholah and Oholibah? Declare to them their abominations.	At Sw ngam benum: Nyia ko tuup, no Oholah la Oholiba gab jvqtw tayin? Bulug vcjaqb nyinam mam bulam betamto.
“Can a man be profitable to God? Surely he who is wise is profitable to himself.	Nyia akv Pwnbo gab nyidwb nyidwb nyidwb nyidwb nyidwb nyidwb nyidwb nyidwb nyidwb nyidwb nyidwb nyidwb nyidwb nyidwb nyidwb nyidwb nyidwb nyidwb nyidwb nyidwb nyidwb nyidwb nyidwb nyidwb nyidwb nyidwb nyidwb nyidwb nyidwb nyidwb nyidwb nyidwb nyidwb nyidwn.
but the person who eats of the flesh of the sacrifice of the Lord ’s peace offerings while an uncleanness is on him, that person shall be cut off from his people.	hvbmabde hiyv hiyv At Swg swrso pwr tulu hoqgv dvrwqbo aky jinamv, hoq nyi akv mwwg nyiilug pengko hoqgv mvpaq tayin.
And I will stir up Egyptians against Egyptians, and they will fight, each against another and each against his neighbor, city against city, kingdom against kingdom;	Hoo ngo Ijipt nyi tulungam Ijipt nyi tulungam ceeko dvb mvtayin, hoo bulv nyiicwr-cwrxiam hoo nyiicwr-cwrxiam mwwg nyiicwr-cwrxiam ceeko dvb nyob pakun, bopam nyiicwr-cwrxiam, lvpw-hatiam lvpw-hatiam ceeko dvb nyob pakun;
And when he saw their faith, he said, “Man, your sins are forgiven you.”	Kokw so Jisu bulug mwwjwnam mam kaapa tvl benum, Nyia ko, noqg nyic nyiv noqg nyic nyiv nyic nyiv nyic nyiv nyic nyiv nyic nyiv nyic nyic nyic nyic nyic nyic nyic nyic nyic nyic nyic nyic nyic nyic nyic nyic nyic nyic nyic nyic nyic nyic nyic nyic nyic nyic nyic nyic nyic nyic nyic nyic nyic nyic nyic nyic ny
and the chief of the eunuchs said to Daniel, “I fear my lord the king, who assigned your food and your drink; for why should he see that you were in worse condition than the youths who are of your own age? So you would endanger my head with the king.”	hoo nyoro bo akv Daniyelnvn benum, Ngoqg nyiit at lvpw atam bos doodo, hiyv noqg dvnam mam la noqg twwnam mam pvvb jinum; hoggab hoggab mwv noqg atwg vnyw hoqgv noqg vnyw bo nyi tulug aoho noqg nyinamv hoggv kaapa yin? Hoqgab no lvpw at lvgab ngoqg dumpo hoqgv mwx-mvaq tayin.
But I will tell you what is inscribed in the book of truth: there is none who contends by my side against these except Michael, your prince.	Hvbmabde jvqtw pvvb hoqgv hoggv xeqlwq pakun ham ngo nam betayin: nulug lvpw at Mikayelnvn hoqgv ngoqg lvgab soq tulu sam ceeko dvb nyi akkam dooma dvn.
and shall lay his hand on the head of the goat and kill it in the place where they kill the burnt offering before the Lord ; it is a sin offering.	hoo mwwg alaqkv svdinwg dumpo hoqgv pvvtayin hoo hoqham bulv At Swg agaho boyuqnam akiam pvvtayin ho pvvtayin; hoqhv nyic akiam pvvtayin.
What I am saying with this boastful confidence, I say not as the Lord would but as a fool.	Ngoqg hog mwwjw-mvaqnam mam ngo hoggub bedwn, ngo At Swg hvb bedwn hvb bedwn, hvbmabde hoggub bedwn hvb bedwn, hvb nyiloqkam ngo hoggub bedwn, hvb nyiloqkam ngo hoggub bedwn, hvb nyiloqkam ngo hoggub bedwn, hvb nyiloqkam ngo hoggub bedwn, hvb nyiloqkam ngo hoggub bedwn, hvb nyiloqkam ngo bedwn, hvb nyiloqkam ngo bedwn.
And he said to them, “Lodge here tonight, and I will bring back word to you, as the Lord speaks to me.” So the princes of Moab stayed with Balaam.	Hoo mwv bulam benum, Soolo soqgv soqgv dootayin, hoo At Sw ngam agam goonam hvb ngo nam gomcwr tayin. Ho Moabg lvpw atwg nyi tulungv Balaam lvgab dooknum.
When therefore I have completed this and have delivered to them what has been collected, I will leave for Spain by way of you.	Hoqgab hwdlo ngo soq mwlwngam nyidwn hoo soq mwlwngam bulug lvgab jitayin, hoqgab ngo nulug lvgab Ispaniya gvda hoqgv wleql wleq tayin, hoqgab ngoqg lvgab bulug lvgab wleql wleql wleql wleql wleql wleql wleql wleql wleql wleql wleql wleql wleql wleql
By their evil they make the king glad, and the princes by their treachery.	Bulug almanam bulv lvpw atam hemp dvn, hoo lvpw at tulungam bulug svdinam mam hemp dvn.
And I commend joy, for man has nothing better under the sun but to eat and drink and be joyful, for this will go with him in his toil through the days of his life that God has given him under the sun.	Hoo ngo hemp hoqgv hemp dvn, hoggab nyia koam soqgv hog mwlwngam hog mwlwngam hog mwlwngam dvma dvn, hvbmabde dvma dvn hoo hemp dvn hoo hemp dvn, hoggab Pwnbov mwwg swwgam swwgam swwgam swwgam swwgam swwgam swwgam swwgam swwgam mwwg lvgab hoqham mwwg lvgab wtayin.
hear in heaven your dwelling place and do according to all for which the foreigner calls to you, in order that all the peoples of the earth may know your name and fear you, as do your people Israel, and that they may know that this house that I have built is called by your name.	noqg doogw namho ao gvdaho tomswrto hoo nyoodo nyi tulungv nam hog mwlwngam hog mwlwngam nyito, ho noqg eminam gvda gvtwg nyiilungv cengtayin hoo noqg Israel nyiilungam bos dvb bos dvb bos dvb, hoo ngoqg dvpar nam so noqg eminam goqnum hvl bulv cengtayin.
Restore us again, O God of our salvation, and put away your indignation toward us!	Ngulug ywwlinam Pwnboa, ngulam lokta wkurto, hoo ngulam noqg hang lingtwrnam mam wkurto!
Bow your heavens, O Lord , and come down! Touch the mountains so that they smoke!	At Swa, noqg ao lvpw-haty aoho mwwdwqto, hoo wtwqto! Puutu tulungam toxto hoqham bulv wm dvb mvtayin hoqham mvdwb mvdwb mvdwb mvdwb mvdwb mvdwb mvdwb mvdwb mvdwb mvdwb mvdwb mvdwb mvdwb mvdwb mvdwb mvdwb mvdwb mvdwb mvdwb mvdwb mvdwb mvdwb mvdwb mvdwb mvdwb mvdwb
and there are varieties of activities, but it is the same God who empowers them all in everyone.	Pwnbov mwlwngam mwlwngam nyidwn, hvbmabde Pwnbov mwlwngam mwlwngam mwlwngam mwlwngam mwlwngam mwlwngam mwlwngam mwlwngam mwlwngam mwlwngam mwlwngam mwlwngam mwlwngam mwlwngam mwlwngam mwlwngam mwlwngam mwlwngam mwlwngam mwlwngam mwlwngam mwlwngam mwlwngam mwlwngam mwlwngam mwl
And the woman conceived, and she sent and told David, “I am pregnant.”	Hoo nyem akv swwmnum, hoo mwn Debidnvn xabnum, Ngo swwmnum.
So Moses made a bronze serpent and set it on a pole. And if a serpent bit anyone, he would look at the bronze serpent and live.	Hoqgab Mojes dupum-dvvrwqbo svvn ak mvnum hoo hoqhv pwnbo aoho goqnum. Hoo hvbmabde dupum-dvvrwqbo nyi akkam mengnum, mwv dupum-dvvrwqbo svvn akam kaapa kun hoo swwmabv.
And when all the congregation saw that Aaron had perished, all the house of Israel wept for Aaron thirty days.	Hoo hwdlo nyiilu mwlwngv Aaronnvn mvdwb kaapanum, Israelwg imiq dvpar mwlwngv Aaron gab aal cammum aal doognum.
If you have been foolish, exalting yourself, or if you have been devising evil, put your hand on your mouth.	Nulv mwwjw-mwlwq maanam mam, noqg atv mwwjw-mwlwq maanam mam, ho noqg alaqkam noqg agam hoqgv jitayin.
And the report was good in the eyes of the people of Israel. And the people of Israel blessed God and spoke no more of making war against them to destroy the land where the people of Reuben and the people of Gad were settled.	Hoo Israel nyiilug vnyiqkv mwwpa kunum. Hoo Israel nyiilungv Pwnboam paqnum hoo Reubenwg nyiilungam la Gadwg nyiilungam doonbo gvdangam mvdwb nyob patab bulug ceekol nyob panam mam lokta agam goonum.
Cush fathered Nimrod. He was the first on earth to be a mighty man.	Kus Nimrodwg abv. Mwv swcw nvg aoho aalv atorbo nyi ak hvnum.
“And there was another great eagle with great wings and much plumage, and behold, this vine bent its roots toward him and shot forth its branches toward him from the bed where it was planted, that he might water it.	Hoo hoqgv nyiqry benbo vnyiqkv hoo vnyiq-vnyiq dvb lengnum, hoo kaato, soq vdinv hoqg roo tulungam mwwg dookub wkurnum hoo hoqg vnyiqkam mwwg dookub wkurnum, hoqho mwv hoqham iss dvb wkurnum, hoqgab mwv hoqham iss dvb wkurnum.
But when I hoped for good, evil came, and when I waited for light, darkness came.	Hvbmabde hwdlo ngo aljaqkam mwwpa kunam mam haanum, hoo hwdlo ngo vcjaqkam mwwpa kunam mam haanum.
And in the thirty-seventh year of the exile of Jehoiachin king of Judah, in the twelfth month, on the twenty-seventh day of the month, Evil-merodach king of Babylon, in the year that he began to reign, graciously freed Jehoiachin king of Judah from prison.	Hoo Judag lvpw at Jehoiakin nyob panum hoqgv vnyw cammum camnyi go vnyw camnyi go vnyw camnyi go vnyw camnyi go vnyw camnyi go vnyw camnyi go, Bebilonwg lvpw at Evil-merodak, mwv pvvb bwwl doogum vnyw ho, Judag lvpw at Jehoiakinam Judag lvpw at hoqgv lvgab mwwpa kunum.
Chaldea shall be plundered; all who plunder her shall be sated, declares the Lord .	Kaldiya vc loodab mvtayin; hiyv mwnwn vc loodab vc loodab mvtayin, At Sw bibwqdo.
those listed of the tribe of Naphtali were 53,400.	Naptali nyob hoqgv pvvb tulungam 53,400 go doonum.
Then King David went in and sat before the Lord and said, “Who am I, O Lord God , and what is my house, that you have brought me thus far?	Ho Lvpw at Debid haanum hoo At Swg agaho doonum hoo benum, At Sw Pwnboa, ngo hiyv, hoo hoggv ngoqg nammam, ho no ngam soq sib boolinv?
As they emptied their sacks, behold, every man’s bundle of money was in his sack. And when they and their father saw their bundles of money, they were afraid.	Hwdlo bulv bulug vj tulungam mvdwb mvnum, kaato, nyiicwr-cwrxiv mwwg vj tulug vj tulug vj tulug vj tulug vj tulug vj tulug vj tulungam kaapanum. Hoo hwdlo bulv la bulug abv bulug vj tulungam kaapanum, bulv bosnum.
but if water is put on the seed and any part of their carcass falls on it, it is unclean to you.	hvbmabde hoqg nyookam issv jitayin hoo hoqg aoho hoqg lvgab hoqg lvgab hoqg lvgab hoqg lvgab dootayin, hoqhv nulgab dvrwq maanamv.
And these are the names of the sons of Gershon by their clans: Libni and Shimei.	Hoo soq tulu si Gershon gv ko tuup tulungv bulug nyob tulu hoqg eminv: Libni la Simei.
he spoke to them according to the counsel of the young men, saying, “My father made your yoke heavy, but I will add to your yoke. My father disciplined you with whips, but I will discipline you with scorpions.”	nyi tulug tomswrnam hvb mwv bulam agam goonum, begamv, Ngoqg abv nulug yornam vcjaqb mvnum, hvbmabde ngo nulug yornam vcjaq tayin. Ngoqg abv nulug lvgab nyinum, hvbmabde ngo nulug lvqbwq lvgab nyinum.
In the day of my trouble I seek the Lord; in the night my hand is stretched out without wearying; my soul refuses to be comforted.	Ngoqg vcjaqnam aalho ngo At Swn meegaq dvn; aalho ngoqg alaqkv mwwdwq-mvaqma dvn; ngoqg hangv mwwjw-mvaqnam mam mwwjw dvn.
The Passover of the Jews was at hand, and Jesus went up to Jerusalem.	Hoqgab Juhudi tulug Dvrwqbo Puiyam kvvrwq namgub haanum. Hoqgab Jisu Jerusalemb wnum.
And David said to Abiathar, “I knew on that day, when Doeg the Edomite was there, that he would surely tell Saul. I have occasioned the death of all the persons of your father’s house.	Hoo Debid Abiyatarnvn benum, Hoq aalho, hwdlo Edom nyi Doeg ho doonum, ngo cengnum, mwv jvqtw jaqb Soulnvn bekin tayin. Ngo noqg abwg imiqg nyi mwlwngam mengnum.
Be not afraid when a man becomes rich, when the glory of his house increases.	Hwdlo nyi akv lvqbwq tayin, hwdlo mwwg nombungam yuunamv vcjaqb nyidwb nyidwb bos maabwqmabv. Hwdlo nyi akv lvqbwq tayin, hwdlo mwwg nammam yuunamv vcjaqb nyidwb nyidwb nyidwb nyidwb nyidwb nyidwb nyidwb nyidwb nyidwb nyidwb nyidwb nyidwb nyidwb nyidwb nyidwb nyidwb nyidwb nyidwb nyidwb ny
And they set out from Kadesh and camped at Mount Hor, on the edge of the land of Edom.	Hoo bulv Kades hoqgv wleq kunv Hor Puutu ho, Edom gvda gvda gvda ho svmcw mvnum.
And they said to him, “We are able.” And Jesus said to them, “The cup that I drink you will drink, and with the baptism with which I am baptized, you will be baptized,	Bulv mwam birwqnum, Ngulv mwwpa dvn. Hoqgab Jisu bulam benum, Ngoqg twwnam hvl nulv twwpa dvn, hoo ngoqg baptism hoqgv nulv baptism tayin,
They were stoned, they were sawn in two, they were killed with the sword. They went about in skins of sheep and goats, destitute, afflicted, mistreated—	Bulv lvqcwngam lvqcwngam lvqcwngam lvqcwngam lvqcwngam lvqcwngam lvqcwngam lvqcwngam lvqcwngam lvqcwngam lvqcwngam lvqcwngam lvqcwngam lvqcwngam lvqcwngam lvqcwngam lvqcwngam lvqcwngam lvqcwngam lvqcwngam lvqc
Now therefore send quickly and tell David, ‘Do not stay tonight at the fords of the wilderness, but by all means pass over, lest the king and all the people who are with him be swallowed up.’”	Hoqgab sija vcjaqb nyiqry benbo hoo Debidnvn betamv, Soolo soqgv deexa-rara toggoqho doogw maabv, hvbmabde hog mwlwngam wleqto, hoggab lvpw at la mwwg lvgab doonbo nyiilu mwlwngv swwtayin.
The Lord your God who goes before you will himself fight for you, just as he did for you in Egypt before your eyes,	Noqg Pwnbo At Sw noqg agaho wpeqkv nulug gab nyob patab, hoggub nyiloqkam mwv nulug agaho Ijipt ho nulug gab nyob patab nyob patab, nulug gab nyob patab nyob patab,
And the people rose all that day and all night and all the next day, and gathered the quail. Those who gathered least gathered ten homers. And they spread them out for themselves all around the camp.	Hoo nyiilungv hoq aalho hoo aalho hoo aalho hoo aalho hoq aalho doogwqnum, hoo vpy-vpy-vpy-vpy-vpy-vpy-vpy-vpy-vpy-vpy-vpy-vpy-vpy-vpy-vpy-vpy-vpy-vpy-vpy-vpy-vpy-vpy-vpy-vpy-vpy-vpy-vpy-vpy-vpy-vpy-vpy-
So the Lord cut off from Israel head and tail, palm branch and reed in one day—	Hoqgab At Sw Israel hoqgv hog mwlwngam hoo svdinam, svdinam hoo svdinam otuq aal hoqgv mvpaqnum
And as for the fact that he raised him from the dead, no more to return to corruption, he has spoken in this way, “‘I will give you the holy and sure blessings of David.’	Kokw so Pwnbov mwam nyi tulug pengko hoqgv wkur kunam mam mwv benum, Debidg dvrwqbo lvqcwngam ngo nulam jitayin.
“The land shall not be sold in perpetuity, for the land is mine. For you are strangers and sojourners with me.	Soq gvdangam nwrba gob mvtayin, hoggab gvdangv ngoqgv. Hoggab nulv ngoqg lvgab nyoodo nyi tulungv hoo nyoodo nyi tulungv.
Now the wife of one of the sons of the prophets cried to Elisha, “Your servant my husband is dead, and you know that your servant feared the Lord , but the creditor has come to take my two children to be his slaves.”	Nyiqry benbo tulug ko tuup akwg nywxwv Ilisanvn goqr kunum, Noqg nyera ngoqg nywxw doodwn, hoo noqg nyera At Swn bosnum hvl no cengdwn, hvbmabde ngoqg ko tuup vnyiam mwwg nyera dvb bwwtayin.
So Hazael went to meet him, and took a present with him, all kinds of goods of Damascus, forty camels’ loads. When he came and stood before him, he said, “Your son Ben-hadad king of Syria has sent me to you, saying, ‘Shall I recover from this sickness?’”	Hoqgab Hajael mwwg dookub wnum, hoo mwwg lvgab Damaskas hoqg vcjaqnam mwlwngam, camleq camnyi vcjaqnum. Hwdlo mwv haanum hoo mwwg agaho daqnum, mwv benum, Noqg ko tuup Ben-hadad Siriyag lvpw atv ngam noqg dookub kanamnum, begamv, Ngo soq nyob hoqgv mwwpa tayin?
Nobles shall come from Egypt; Cush shall hasten to stretch out her hands to God.	Ijipt hoqgv nyiingv haatayin; Kus mwwg alaqkam Pwnboam lengtayin.
This Shelomoth and his brothers were in charge of all the treasuries of the dedicated gifts that David the king and the heads of the fathers’ houses and the officers of the thousands and the hundreds and the commanders of the army had dedicated.	Soq si Selomot la mwwg vbw-bor tulungv lvpw at Debid nvla ab tulug imiq tulug nammwb hoo nyob panbo tulungam hoo nyob panbo tulungam hoo nyob panbo tulungam hoo nyob panbo tulug pwnbo tulug pwnbo tulug pwnbo tulug pwnbo tulug pwnbo tulug pwnbo tulug pwnbo tulug pwnbo tulug pwnbo tulug pwnbo tulug pwnbo tulug pwnbo tulug pwnbo tul
“Observe the month of Abib and keep the Passover to the Lord your God, for in the month of Abib the Lord your God brought you out of Egypt by night.	Abib hoqgv hoo noqg Pwnbo At Swn Pvvb bwwl dootayin, hoggab Abib hoqgv noqg Pwnbo At Sw nam Ijipt hoqgv otuqho boolinum.
The sixth lot came out for the people of Naphtali, for the people of Naphtali, according to their clans.	Naftali nyiilungam, Naftali nyiilungam, bulug nyob tulu hoqgv kvvrwqnum.
Therefore the Lord his God gave him into the hand of the king of Syria, who defeated him and took captive a great number of his people and brought them to Damascus. He was also given into the hand of the king of Israel, who struck him with great force.	Hoqgab mwwg Pwnbo At Sw mwam Siriyag lvpw atwg alaqho jilwqnum, hiyv mwam ceeko mvnum hoo mwwg nyiilungam nyiqry benum hoo bulam Damaskas ho boolinum. Hoqgab mwv Israelwg lvpw atwg alaqho jilwqnum, hoqgab mwv atv atv ator lvgab mengnum.
And I said to the nobles and to the officials and to the rest of the people, “The work is great and widely spread, and we are separated on the wall, far from one another.	Hoo ngo nyigbo tulungam hoo nyigbo tulungam hoo nyiilu mwlwngam benum, Soq bon nyinamv vcjaqb hoo vcjaqb lengdwn, hoo ngulv bulug pengko hoqgv lengdwn, bulug pengko hoqgv lengdwn.
The wolf shall dwell with the lamb, and the leopard shall lie down with the young goat, and the calf and the lion and the fattened calf together; and a little child shall lead them.	Svvnv sviya lvgab dootayin, hoo svpurv sviya lvgab dootayin, hoo svpurv hoo svpurv hoo svpurv hoo svpurv lvgab dootayin; hoo ko tuupv bulam pvvb bwwl dootayin.
Then you shall take the garments, and put on Aaron the coat and the robe of the ephod, and the ephod, and the breastpiece, and gird him with the skillfully woven band of the ephod.	Ho nulv vj tulungam naato, hoo Aaronnvn vjam la vjam, hoo vjam, hoo vjam, hoo vjam, hoo vjam hoqgv mwwg aoho vjam mvtayin.
And Simeon blessed them and said to Mary his mother, “Behold, this child is appointed for the fall and rising of many in Israel, and for a sign that is opposed	Kokw so Simeon bulam lvqcwngam benum hoo mwwg ann Maryam benum, Kaato, soq ko soq ko tuupv Israel hoqgv nyi tulug ruqmin gvdwl hoo ruqmin gvdwl dootayin.
The sons of Shelah the son of Judah: Er the father of Lecah, Laadah the father of Mareshah, and the clans of the house of linen workers at Beth-ashbea;	Judag ko tuup Selag ko tuup tulungv: Er Leka gv abv, Laada Maresa gv abv, hoo Bet-ashbea ho doonbo vnyiqbo namlog nyob pan tulungam;
The sons of Zebulun, according to their clans: of Sered, the clan of the Seredites; of Elon, the clan of the Elonites; of Jahleel, the clan of the Jahleelites.	Zebulun gv ko tuup tulungv bulug nyob pan: Sered hoqgv Sered nyi tulug nyob pan; Elon hoqgv Elon nyi tulug nyob pan; Jahleel hoqgv Jahleeli nyi tulug nyob pan.
He destroyed their vines with hail and their sycamores with frost.	Mwv bulug vnyiqnam mam lvpiaq lvgab hoo bulug sicamor tulungam lvpiaq lvgab mvpaqnum. Dvqlwqkam mwv bulug vnyiqnam mam lvpiaq lvpiaq lvgab mvpaqnum. Dvqlwq lvpiaq lvpiaq lvpiaq lvpiaq lvpiaq lvpiaq lvpiaq lvpiaq lvpiaq lvpiaq lvpiaq lvpiaq l
A rebuke goes deeper into a man of understanding than a hundred blows into a fool.	Dvrwqbo nyi akwg hoqgv vcwr-cwrx-cwrx-cwrx-cwrx-cwrx-cwrx-cwrx-cwrx-cwrx-cwrx-cwrx-cwrx-cwrx-cwrx-cwrx-cwrx-cwrx-cwrx-cwrx-cwrx-cwrx-cwrx-cwrx-cwrx-cwrx-cwrx-cwrx-cwr
You have said, ‘It is vain to serve God. What is the profit of our keeping his charge or of walking as in mourning before the Lord of hosts?	Nulv benum, Pwnboam bon nyinamv hoggub nyima dvn. Hoggub ngulv mwwg pvvb tulungam pvvb mvdwb nyiloqkam ho nyiit At Swg agaho vcjaqb wknamv hoggub nyidwb nyidwb nyidwb nyidwb nyidwb nyidwb nyidwb nyidwb nyidwb nyidwb nyidwb nyidwb nyidwb nyidwb nyidwb nyidwb nyidwb nyidwb nyidwb nyidwb nyidwb ny
These shall be the allotments of the holy portion: the priests shall have an allotment measuring 25,000 cubits on the northern side, 10,000 cubits in breadth on the western side, 10,000 in breadth on the eastern side, and 25,000 in length on the southern side, with the sanctuary of the Lord in the midst of it.	Soq tulu si dvrwqbo gvdangam pvvb mvtayin: nyub tulungv nyoodum hoqgv 25,000 kiubit pvvb mvtayin, dou-haaga hoqgv 10,000 kiubit pvvb mvtayin, dou-cagag hoqgv 10,000 kiubit pvvb mvtayin, hoo nyoodum hoqgv 25,000 kiubit pvvb mvtayin, ho At Swg dvrwq namlo hoqg pengko hoqgv.
As a grain offering he shall provide an ephah with the bull and an ephah with the ram, and with the lambs as much as he is able, together with a hin of oil to each ephah.	Bulug lvgab hoo svvn lvgab, hoo sviya tulug lvgab, hoo sviya tulug lvgab mwv hoggv mwwg hoqgv lvqbwq tayin, hoqgv lwwlin lvgab hoqgv lwwlin lvgab lvgab lvgab lvgab lvgab lvgab lvgab lvgab lvgab lvgab lvgab lvgab lvgab lvgab lvgab lvgab lvgab lvgab lvgab lvgab lv
whoever says he abides in him ought to walk in the same way in which he walked.	Hiyv Pwnbov mwwg lvgab doodwn hvl benamv Pwnbog lvgab doodwn hvl mwv Pwnbog lvgab doodwn hvl mwwg lvgab doodwn hvl mwwg lvgab doodwn hvl mwwg lvgab doodwn hvl mwwg lvgab doodwn hvl mwwg lvgab doodwn hvl mwwg lvgab doodwn hvl mwwg lvgab doodwn hvl mwwg lvgab doodwn hvl mwwg lvgab doodwn.
For God is not unjust so as to overlook your work and the love that you have shown for his name in serving the saints, as you still do.	Hoggab Pwnbov nulug bon nyinam mam la mwwg emin gab nulug pvvb tulungam bon nyidwb nyidwb nyidwb nyidwb nyidwb nyidwb nyidwb nyidwb nyidwb nyidwb nyidwb nyidwb nyidwb nyidwb nyidwb nyidwb nyidwb nyidwb nyidwb nyidwb nyidwb nyidwb nyidwb nyidwb nyidwb nyidwb nyidwb nyidwb nyidwb nyidwb nyidwb nyidwb nyidwb nyid
At last Daniel came in before me—he who was named Belteshazzar after the name of my god, and in whom is the spirit of the holy gods —and I told him the dream, saying,	Hoq kokw so Daniyel ngoqg agaho haanumngam ngoqg pwnbog eminam hvb Beltesajjar hvl eminam jinum, hoo hiyvg dvrwqbo pwnbo tulug hangv hoqgv hoo ngo mwam svmangam betamnum, begamv,
On the eleventh day Pagiel the son of Ochran, the chief of the people of Asher:	Aserwg nyiilug peelo bo Okranwg ko tuup Pagiyel vnyw camleq aalho:
And when the king saw Queen Esther standing in the court, she won favor in his sight, and he held out to Esther the golden scepter that was in his hand. Then Esther approached and touched the tip of the scepter.	Hoo hwdlo lvpw atv Lvpw atv Esternvn dvrwq namlo ho daqtayin hvl kaapanum, mwn mwwg vnyiqkv mwwpa kunum, hoo mwv mwwg alaq hoqgv hun svdinam svdinam mam Estarnvn lengnum. Ho Estarnvn haanum hoo svdinam svdinam mam toxnum.
From there the boundary passes along southward in the direction of Luz, to the shoulder of Luz (that is, Bethel), then the boundary goes down to Ataroth-addar, on the mountain that lies south of Lower Beth-horon.	Hoq hoqgv gvda gvda gvda hoqgv Luz gvda hoqgv, Luz (hoqhv Bet-el), ho gvda gvda hoqgv Atarot-addar hoqgv, Hoqgv Bet-horon gvda gvda hoqgv wmin gvdaho wmin gvda gvda gvdaho wmin gvda gvda gvdaho wmin gvda gvda gvdaho wmin gvda gv
So Solomon came from the high place at Gibeon, from before the tent of meeting, to Jerusalem. And he reigned over Israel.	Hoqgab Solomon Gibeonwg puutu hoqgv, kvvrwq minsko tombu aga hoqgv Jerusalemho haanum. Hoo mwv Israelwg aoho pvvb bwwl doognum.
“And now, O Israel, listen to the statutes and the rules that I am teaching you, and do them, that you may live, and go in and take possession of the land that the Lord , the God of your fathers, is giving you.	Hoo sija, Israel, ngo nam tomswrnam mam la pvvb tulungam tapa tvl hoo bulam bon nyidwn, ho nulv swwtayin, hoo nulug ab tulug Pwnbo At Sw nam jipa gvda hoqgv wlwql hoo gvdangam naareq tayin.
So they made their father drink wine that night also. And the younger arose and lay with him, and he did not know when she lay down or when she arose.	Hoqgab bulv bulug abv hoq aalho vdinam twwlinum. Hoo ko tuupv gorabnum hoo mwwg lvgab dooknum, hoo mwv cengma baloqkam ho hwdlo mwn gorabnum.
And he made fifty clasps of gold, and coupled the curtains one to the other with clasps. So the tabernacle was a single whole.	Hoo mwv hun hoqgv vnyw camng goqnam mam mvnum, hoo vnyiq-vnyiqkv vnyiq-vnyiql vnyiq-vnyiql vnyiq-vnyiql vnyiq-vnyiql vnyiq-vnyiql vnyiql vnyiql vnyiql vnyiql vnyiql vnyiql vnyiql vnyiql vnyiql vnyiql vnyiql vnyiql vnyiql vnyiql v
but he shall bring his compensation to the Lord , to the entrance of the tent of meeting, a ram for a guilt offering.	hvbmabde mwv mwwg nyixiaqkam At Swn, kvvrwq minsko tombu toggoqho, nyixiaqb pwr tayin.
I appeal to you therefore, brothers, by the mercies of God, to present your bodies as a living sacrifice, holy and acceptable to God, which is your spiritual worship.	Hoqgab, vbw-bor tulu, Pwnbog mwwjw-mux-mux-mux-mux-mux-mux-mux-mux-mux-mux-mux-mux-mux-mux-mux-mux-mux-mux-mux-mux-mux-mux-mux-mux-mux-mux-mux-mux-mux-mux-mux-mux-mux-mux-mux-mux-mu
But David answered Rechab and Baanah his brother, the sons of Rimmon the Beerothite, “As the Lord lives, who has redeemed my life out of every adversity,	Hvbmabde Debid Beerot hoqg Rimmonwg ko tuup tulu Rekab nvla mwwg vbw Baanam birwqnum, At Sw swwnam hvb nyidwn, hiyv ngoqg swwgam vcjaqb nyidwn,
But if in his eyes the itch is unchanged and black hair has grown in it, the itch is healed and he is clean, and the priest shall pronounce him clean.	Hvbmabde mwwg vnyiqkv vnyiqkam vnyiqkam vnyiqkam vnyiqkam vnyiqkam vnyiqkam vnyiqkam vnyiqkam vnyiqkam vnyiqkam vnyiqkam vnyiqkam vnyiqkam vnyiqkam vnyiqkam vnyiqkam vnyiqkam vnyiqkam vnyiqkam vnyiqkam vnyiqkam vnyiqkam vnyiqkam vnyiqkam vnyiqkam vnyiqkam vnyiqkam vnyiqkam vnyiqkam
Your father Abraham rejoiced that he would see my day. He saw it and was glad.”	Nulug ab Abraham ngoqg aalv kaapa tayin hvl mwv hempnum. Mwv hoqham kaapa tvl hempnum.
Some of the crowd prompted Alexander, whom the Jews had put forward. And Alexander, motioning with his hand, wanted to make a defense to the crowd.	Hvbmabde Juhudi tulungv Alekzandarnvn nyi tulug pengko hoqgv daqnum. Alekzandarnv nyi tulug pengko hoqgv atv kaakinum.
Hear me, O Lord , and listen to the voice of my adversaries.	At Swa, ngam tapa to, hoo ngoqg ceebio tulug agam mam tapa to.
And he brought him outside and said, “Look toward heaven, and number the stars, if you are able to number them.” Then he said to him, “So shall your offspring be.”	Hoo mwv mwam lvvgwb boolinum hoo benum, Ngoqg hvnyw tulungam naareqto, Soq sib noqg ko tuupv naareqto. Ho mwv mwam benum, Soq sib noqg ko tuupv naareqto.
All your leaders have fled together; without the bow they were captured. All of you who were found were captured, though they had fled far away.	Noqg lvpw atwg nyi tulu mwlwngv lvgab lengdwn; bulv pvlyw hoqgv buqlwq maanum. Bulv aky jaqb lengdwn, hvbsujaqkam noqg nyi mwlwngv buqlwq maanum.
Appoint a wicked man against him; let an accuser stand at his right hand.	Mwwg ceekol nyic nyiv mwwg ceekol mvtayin; mwwg lvqbwq alaqho nyixiaqkv daqma mvma mvtayin. (Svvb nyixiaqb nyixiaqb nyixiaqb nyixiaqb nyixiaqb nyixiaqb nyixiaqb nyixiaqb nyixiaqb nyixiaqb nyixiaqb nyixiaqb nyixiaqb nyixiaqb nyixiaqb nyixiaqb
Then Herod, when he saw that he had been tricked by the wise men, became furious, and he sent and killed all the male children in Bethlehem and in all that region who were two years old or under, according to the time that he had ascertained from the wise men.	Hvbmabde Herod mwwg hang lingtwrbo nyi tulu hoqgv mwwg mwwpa kunam mam kaapa kunum, hoo mwv hang lingtwrbo nyi tulu hoqgv mwwg hang lingtwrbo nyi tulungam betleham la hoqg gvda mwlwngam vnyw vnyw vnyw hoqgv la hoqg pengko hoqgv mwlwngam mengnum.
And on the banks, on both sides of the river, there will grow all kinds of trees for food. Their leaves will not wither, nor their fruit fail, but they will bear fresh fruit every month, because the water for them flows from the sanctuary. Their fruit will be for food, and their leaves for healing.”	Hoo puutu aoho, hoqg lvpiangv, svmcw dvb svmcw dvb mvtayin. Hoqg svmcw svmcw dvb mvtayin, hoqg svmcw svmcw dvb mvtayin, hvbmabde hoqg svmcw svmcw dvb mvtayin, hoggab dvrwqbo dvrwq nam hoqgv bul gab issv twryum tayin. Hoqg svmcw svmcw dvb mvtayin, hoo hoqg svmcw sv
For he will command his angels concerning you to guard you in all your ways.	Hoggab mwwg angel tulungam mwv noqg hog mwlw hoqgv nam pvlyw mvtayin.
Arise, O God, defend your cause; remember how the foolish scoff at you all the day!	Pwnboa, gorabto, noqg pw-hwwnam mam jvqtw dvn; mwwjw-mwwjwbo nyi tulungv nam aal loodab mwwjw dvb mwwjw dvb mwwjw dvb mwwjw dvb mwwjw dvb mwwjw dvb mwwjw dvb mwwjw dvb mwwjw dvb mwwjw dvb mwwjw dvb mwwjw dvb mwwjw dvb mwwjw dvb mwwjw dvb mwwjw dvb mwwjw dvb mw
Why, even the hairs of your head are all numbered. Fear not; you are of more value than many sparrows.	Hoggab nulug dumpo hoqgv mwlwngam mwlwngam nyidwn. Hoggab nulv bos maabv; nulv vcjaqb vcjaqb vcjaqb vcjaqb vcjaqb mvdwb nyidwn, hoggab nulv vcjaqb vcjaqb vcjaqb vcjaqb vcjaqb vcjaqb vcjaqb vcjaqb vcjaqb vcjaqb vcjaqb vcjaqb vcjaqb vcjaqb nyidwn.
Once when the king of Syria was warring against Israel, he took counsel with his servants, saying, “At such and such a place shall be my camp.”	Hwdlo Siriyag lvpw atv Israel nyi tulungam ceekol nyob panum, mwwg nyera tulungam mwv birwqnum, begamv, Soq hoqgv la soq hoqgv ngoqg svmcw mvtayin.
So shall their blood come back on the head of Joab and on the head of his descendants forever. But for David and for his descendants and for his house and for his throne there shall be peace from the Lord forevermore.”	Hoqgab bulug vcwngv Joabnvn hoo mwwg ko tuup tulug dumpo aoho nwrba gob mvtayin. Hvbmabde Debid gab hoo mwwg ko tuup tulungam hoo mwwg nombungam hoo mwwg pwqlwngam At Swg hoqgv nwrba gob swrsongv nwrba gob nyitayin.
they will pick up serpents with their hands; and if they drink any deadly poison, it will not hurt them; they will lay their hands on the sick, and they will recover.”	bulug alaq hoqgv lvpw atwg lvpw atwg lvpw atwg lvpw atwg lvpw atwg lvpw atwg lvpw atwg lvpw atwg lvpw atwg lvpw atwg lvpw atwg lvpw atwg lvpw atwg lvpw atwg lvpw atwg lvpw atwg lvpw atwg lvpw atwg lvpw atwg lvpw
Noah was six hundred years old when the flood of waters came upon the earth.	Noag vnyw 600 go doonum, hwdlo swcwngv swcw aoho haanum.
“And the Lord will give salvation to the tents of Judah first, that the glory of the house of David and the glory of the inhabitants of Jerusalem may not surpass that of Judah.	Hoo At Sw Judag tombu tulungam ywwlin tayin, hoqgab Debidg nombungv hoo Jerusalemho doonbo tulug yuunam mam Judag yuunam mam naareq maabv.
There were window frames in three rows, and window opposite window in three tiers.	Doqrwq namlo hoqgv lvqcwngam lvqcwngam lvqcwngam lvqcwngam lvqcwngam lvqcwngam lvqcwngam lvqcwngam lvqcwngam lvqcwngam lvqcwngam lvqcwngam lvqcwngam lvqcwngam lvqcwngam lvqcwngam lvqcwngam lvqcwngam lvqcwngam l
How can it be quiet when the Lord has given it a charge? Against Ashkelon and against the seashore he has appointed it.”	Hwdlo At Sw hoqham gaml jinam mam pvvb mvdwb nyiloqkam? Askelon hoo sa-svlog lvgab mwv hoqham pvvb mvdwb mvdwb nyidwb nyidwb nyidwb nyidwb nyidwb nyidwb nyidwb nyidwb nyidwb nyidwb nyidwb nyidwb nyidwb nyidwb nyidwb nyidwb nyidwb nyidwb nyidwb nyidwb nyidwb nyidwb nyidwb nyidwb nyidwn.
Yet it was I who taught Ephraim to walk; I took them up by their arms, but they did not know that I healed them.	Hvbsujaqkam ngo Iprayim nyi tulungam wmin gvdwn; ngo bulam bulug alaq hoqgv naareqnum, hvbmabde ngo bulam mwwpa kunam hvl bulv cengma.
since I know that the putting off of my body will be soon, as our Lord Jesus Christ made clear to me.	Ngoqg At Sw Jisu Kristog ngam cengdwn hvb ngo cengdwn, hvbmabde ngoqg gvda mwlwngam nywywngam nywywngam nywywngam nywywngam nywywngam nywywngam nywywngam nywywngam nywywngam nywywngam nywywngam nywywngam nywywngam nywywngam nywywngam nywywngam nywywngam nywywngam nywywngam nywywngam nywywngam nywywngam nywywngam ny
His disciples remembered that it was written, “Zeal for your house will consume me.”	Mwwg buu tulungv Pwnbog Pvvb jiknam mam mwwpa kunum, Noqg nam mam ngoqg mwwdwqnamv ngoqg dvrwqnam mam dvb mvtayin. Ngoqg dvrwqnam mam mwwg nyi tulungv mwwpa kunum, hvbmabde mwwg nyi tulungv Pwnbog Pwnbog Pwnbog Pwnbog Pwnbog Pwnbog Pwnbog Pwnbog Pwnbog Pwnbog Pwnbog Pwnbog Pwnbog Pwnbog
The sons of Asher: Imnah, Ishvah, Ishvi, Beriah, and their sister Serah.	Aser gv ko tuup tulungv: Imna, Isva, Isvi, Beria, hoo bulug nywxw Sera.
These are the clans of the Zebulunites as they were listed, 60,500.	Soq tulu si Zebulun nyi tulug nyob tulu hoqgv bulug lvgab pvvb bwwlwqnum, 60,500.
If anyone is to be taken captive, to captivity he goes; if anyone is to be slain with the sword, with the sword must he be slain. Here is a call for the endurance and faith of the saints.	Hiyv nyiv nyiv nyiv nyiv nyiv nyiv nyiv nyiv nyiv nyiv nyiv nyiv nyiv nyiv nyiv nyiv nyiv nyiv nyiv nyiv nyiv nyiv nyiv nyiv nyiv nyiv nyiv nyiv nyiv nyiv nyiv nyiv nyiv nyiv nyiv nyiv nyiv nyiv nyiv nyiv nyiv nyiv nyiv nyiv nyiv nyiv nyiv nyiv nyiv nyiv nyiv nyiv nyiv nyiv nyiv nyiv nyiv nyiv nyiv nyiv nyiv ny
Then Solomon built a high place for Chemosh the abomination of Moab, and for Molech the abomination of the Ammonites, on the mountain east of Jerusalem.	Ho Solomonnv Moabwg vcjaqbo Kemos gab, hoo Ammon nyi tulug vcjaqbo Molek gab, Jerusalemwg dou-cagag puutu aoho pwqlw gob mvnum.
For I am not aware of anything against myself, but I am not thereby acquitted. It is the Lord who judges me.	Hoggab ngoqg lvgab nyiqry benam mam cengma dvn, hvbmabde hoqgab ngoqg nyixiaqkam nyima dvn. At Sw ngoqg lvgab nyiqry benam mam nyidwb nyidwb nyidwb nyidwb nyidwb nyidwb nyidwb nyidwb nyidwb nyidwb nyidwb nyidwb nyidwb nyidwb nyidwb nyidwb nyidwb nyidwb nyidwb nyidwb nyidwb nyidwb nyidwb nyidwb ny
to the fourteenth, Mattithiah, his sons and his brothers, twelve;	camleq deen hoqgv Mattitiya, mwwg ko tuup tulungv la mwwg vbw-bor vnyw camleq go;
to grant to those who mourn in Zion— to give them a beautiful headdress instead of ashes, the oil of gladness instead of mourning, the garment of praise instead of a faint spirit; that they may be called oaks of righteousness, the planting of the Lord , that he may be glorified.	hoqgab Siyonho vcjaqbo nyi tulungam bulug dumpo hoqgv vj vj vj vj vj vj vj vj vj vj vj vj vj vj vj vj vj vj vj vj vj vj vj vj vj vj vj vj vj vj vj vj vj vj vj vj vj vj vj vj vj vj vj vj vj vj vj vj vj vj vj vj
When she saw that she waited in vain, that her hope was lost, she took another of her cubs and made him a young lion.	Hwdlo mwn mwn mwn mwwdwqnam mam kaapa kunum, mwnwg mwwgwb mwwpa kunum, mwnwg otuqho mwnwg ko tuup tulungam meegaq kunum hoo mwam svdinam mvnum.
And with great power the apostles were giving their testimony to the resurrection of the Lord Jesus, and great grace was upon them all.	Hoqgab nyi tulungv atv atv At Sw Jisug dvvrwqnam mam atv atv atv kaakinum, hoo bulug mwlwngam mwlwngam Pwnbov mwwpa kunum.
and all that he did to the two kings of the Amorites who were beyond the Jordan, to Sihon the king of Heshbon, and to Og king of Bashan, who lived in Ashtaroth.	hoo Jordon gvda ho doonbo Amor nyi tulug lvpw atam, Hesbonwg lvpw at Sihon, hoo Astarot ho doonbo Basanwg lvpw at Ognvn mwv hog mwlwngam nyinum.
On the mountain height of Israel will I plant it, that it may bear branches and produce fruit and become a noble cedar. And under it will dwell every kind of bird; in the shade of its branches birds of every sort will nest.	Israelwg puutu ao puutu aoho ngo ham mvtayin, hoqgab hoqham vnyiq-vnyiq mvtayin hoo vnyiq-vnyiq vnyiq-vnyiq vnyiq-vnyiq vnyiq-vnyiq vnyiq-vnyiqv hoqgv dootayin; hoqg vnyiq-vnyiq vnyiq-vnyiq vnyiq-vnyiqv hoqg vnyiq-vnyiq-vnyiq vnyiq-vnyiq-vnyiq
He has filled them with skill to do every sort of work done by an engraver or by a designer or by an embroiderer in blue and purple and scarlet yarns and fine twined linen, or by a weaver—by any sort of workman or skilled designer.	Mwv bulam mwwjw-mvaqb nyidwn, ho nyidwb nyidwb nyidwb nyidwb nyidwb nyidwb nyidwb nyidwb nyidwb nyidwb nyidwb nyidwb nyidwb nyidwb nyidwb nyidwb nyidwb nyidwb nyidwb nyidwb nyidwb nyidwb nyidwb nyidwb nyidwb nyidwb nyidwb nyidwb nyidwb nyidwb nyidwb nyidwb nyidwb nyidwb nyidwb nyidwb ny
Bind them on your heart always; tie them around your neck.	Hoq tulu ham noqg hang uraho dootayin; hoq tulu ham noqg lwwyw hoqgv dootayin.
“Thus says the Lord of hosts: Ask the priests about the law:	Soq sib nyiit At Sw bedo: Nyub tulungam pvvb pvvb bwwl do:
Many a man proclaims his own steadfast love, but a faithful man who can find?	Nyi vcjaqb nyi akv mwwg mwwlaqnam mwwlaqnam mam bekin dvn, hvbmabde mwwjwnbo nyi akv hiyv tapa dvn?
Hodiah, Hashum, Bezai,	Hodiya, Hashum, Bejai,
You set a boundary that they may not pass, so that they might not again cover the earth.	No bulug gvda mwlw hoqgv gvda mwlwngam mvdwb mvdwb mvdwb mvdwb mvdwb mvdwb mvdwb mvdwb mvdwb mvdwb mvdwb mvdwb mvdwb mvdwb mvdwb mvdwb mvdwb mvdwb mvdwb mvdwb mvdwb mvdwb mvdwb mvdwb mvdwb mvdwb mvdwb mvdwb mvdwb mvdwb mvdwb mvdwb mvdwb mvdwb mvdwb mv
Moreover, he built cities in the hill country of Judah, and forts and towers on the wooded hills.	Hoq aoho, mwv Judag puutu gvdaho bopam tulungam mvnum, hoo lvpw atwg puutu tulug aoho lvpw at tulungam mvnum.
I am speaking in human terms, because of your natural limitations. For just as you once presented your members as slaves to impurity and to lawlessness leading to more lawlessness, so now present your members as slaves to righteousness leading to sanctification.	Ngo nulug gvda mwlwngam mwwpa dvn, hoqgab nulug gvda mwlwngam mwwpa dvn. Hoggab nulug gvda mwlwngam nulug gvda mwlwngam nyera dvn hoo nulug gvda mwlwngam nyera dvn hoo nulug gvda mwlwngam nyera dvn, hoqgab nulug gvda mwlwngam nulug gvda mwlwngam jvqtwngam nyera dvn hoo nulug gvda mwlwng
Everyone who comes to me and hears my words and does them, I will show you what he is like:	Hiyvkam ngoqg dookub haanum hoo ngoqg gomcwr tulungam tapa tvl hog mwlwngam ngo nulam kaakin tayin:
And the Lord said, “I will remove Judah also out of my sight, as I have removed Israel, and I will cast off this city that I have chosen, Jerusalem, and the house of which I said, My name shall be there.”	Hoo At Sw benum, Ngoqg vnyiq hoqgv ngoqg vnyiq hoqgv Juda gvdangam ngoqg vnyiq hoqgv mvtayin, hvbmabde ngoqg dvrwqbo bopam, Jerusalem, hoo ngoqg eminam ho dootayin, hoqho ngoqg dvrwq nammam ngo mvtayin.
But when you give a feast, invite the poor, the crippled, the lame, the blind,	Hvbmabde hwdlo no dvrwqbo nyi tulungam, lvqbwqbo nyi tulungam, lvqbwqbo nyi tulungam, lvqbwqbo nyi tulungam, lvqbwqbo nyi tulungam, lvqbwqbo nyi tulungam, lvqbwqbo nyi tulungam, lvqbwqbo nyi tulungam, lvqbwqbo nyi tulungam, lvqbwqbo nyi tulungam, lvqbwqbo nyi tulungam, lvqbwqbo nyi tulungam,
As for you, you shall go to your fathers in peace; you shall be buried in a good old age.	Noqg gab, no noqg ab tulug dookub swrsongam wtayin; no vcjaqb vnyw hoqgv mvtayin.
And they answered, “We will willingly give them.” And they spread a cloak, and every man threw in it the earrings of his spoil.	Hoo bulv birwqnum, Ngulv bulam mwwjw-mucwr tayin. Hoo bulv vj vj vj vj vj vj vj vj vj vj vj vj vj vj vj vj vj vj vj vj vj vj vj vj vj vj vj vj vj vj vj vj vj vj vj vj vj vj vj vj vj vj vj vj vj vj vj vj vj
I, John, am the one who heard and saw these things. And when I heard and saw them, I fell down to worship at the feet of the angel who showed them to me,	Ngo Jon soq mwlwngam kaapanum hoo kaapanum. Hoo hwdlo ngo soq mwlwngam kaapanum hoo kaapanum, ngo soq mwlwngam kaapanum, hoq mwlwngam ngam kaapanum, hoq mwlwg lvpw atwg lvpw atwg lvpw atwg lvpw atwg lvpiangam mwwpa kunum.
This shall be the punishment to Egypt and the punishment to all the nations that do not go up to keep the Feast of Booths.	Soq si Ijipt gab nyidwb nyidwb nyidwb nyidwb nyidwb nyidwb nyidwb nyidwb nyidwb nyidwb nyidwb nyidwb nyidwb nyidwb nyidwb nyidwb nyidwb nyidwb nyidwb nyidwb nyidwb nyidwb nyidwb nyidwb nyidwb nyidwb nyidwb nyidwb nyidwb nyidwb nyidwb nyidwb nyidwb nyidwb nyidwb nyidwb nyidwb nyidwb nyidwb nyidwb
Bloodthirsty men hate one who is blameless and seek the life of the upright.	Dvrwqbo nyi tulungv mwwpa boam ceekol nyema dvn hoo jvqtw bo tulug swwgam naareq dvn.
And he said, ‘I will do this: I will tear down my barns and build larger ones, and there I will store all my grain and my goods.	Hoo mwv benum, Ngo soq sam nyidwb nyitayin: ngoqg svmcw tulungam mvtayin hoo hog mwlwngam mvtayin, hoo hoqho ngoqg dvparam la ngoqg svmcw tulungam mvtayin.
For he spoke, and it came to be; he commanded, and it stood firm.	Hoggab mwv agam goonum, hoo hoqhv haanum; mwv gaml jinum, hoo hoqhv dootayin.
And again, whom should I serve? Should it not be his son? As I have served your father, so I will serve you.”	Hvbmabde, hiyvkam ngo nyera tayin? Mwwg ko tuupam nyera tayin? Ngo noqg abwg nyerab nyerab nyerab nyerab nyerab nyerab nyerab nyerab nyerab nyerab nyerab nyerab nyerab nyerab nyerab nyerab nyerab nyerab nyerab nyerab nyerab nyerab nyerab nyerab nyerab nyerab nyerab nyerab nyerab nyerab nyerab nyerab ny
At the end of three days the officers went through the camp	Aal aal aal loodab nyera tulungv lvvgwb wleqkv wleqb wleqb wleqb wleqb wleqb wleqb wleqb wleqb wleqb wleqb wleqb wleqb wleqb wleqb wleqb wleqb wleqb wleqb wleqb wleqb wleqb wleqb wleqb wleqb wleqb wleqb w
and they set up false witnesses who said, “This man never ceases to speak words against this holy place and the law,	Bulv nyiqry benum, Soq nyi akv soq dvrwqbo dvrwq namgub la Pvvb pvvb tulungam ceekol agam goonum, hvbmabde bulv nyiqry benum, Soq nyi akv soq dvrwqbo dvrwqbo dvrwqbo dvrwqbo dvrwqbo dvrwqbo dvrwqbo dvrwqbo dvrwqbo dvrwqbo dvrwqbo dvrwqbo dvr
And after the earthquake a fire, but the Lord was not in the fire. And after the fire the sound of a low whisper.	Hoo swcwngam kokwngam wmnum, hvbmabde At Sw wm ho dooma. Hoo wm kokwngam wmnum.
The Lord spoke to Moses after the death of the two sons of Aaron, when they drew near before the Lord and died,	Aaron gv ko tuup tulungv Mojesnvn agam goonum, hwdlo bulv At Swg agaho haanum hoo swwlinum,
And the people of Israel set out and camped in Oboth.	Hoo Israel nyiilungv wnum hoo Obot ho svmcw mvnum.
But though we had already suffered and been shamefully treated at Philippi, as you know, we had boldness in our God to declare to you the gospel of God in the midst of much conflict.	Hvbmabde nulv cengdwn, ngulv hoqgv Philippi hoqgv mwwjw-mvaqb nyinum, hvbmabde ngulug Pwnbov nulug lvgab Pwnbog At Swg xeqnam mam nulug lvgab mwwjw-mvaqb nyidwn, ngulv Pwnbog mwwjw-mux-mvaqnam mam nulug lvgab goqlwq kunum.
whose mouths speak lies and whose right hand is a right hand of falsehood.	hiyvg agamv bedwnam mam bekin dvn hoo hiyvg lvqbwq alaqkv bedwnam alaqkv dvn.
And the waters covered their adversaries; not one of them was left.	Hoo issv bulug ceekol mwwpa kunum; bulug pengko hoqgv akkam doomanum.
Does he not certainly speak for our sake? It was written for our sake, because the plowman should plow in hope and the thresher thresh in hope of sharing in the crop.	Hvbmabde mwv ngulug pagoq gab agam gooma dvn? Soq si ngulug pagoq gab goqnum, hoggab hiyv lvgab lvgab lvgab lvgab lvgab lvgab lvgab lvgab lvgab lvgab lvgab lvgab lvgab lvgab lvgab lvgab lvgab lvgab lvgab lvgab lvgab lvgab lvgab lvgab lvgab lvgab lvgab lvgab lvgab lvgab lv
But the angel of the Lord said to Elijah the Tishbite, “Arise, go up to meet the messengers of the king of Samaria, and say to them, ‘Is it because there is no God in Israel that you are going to inquire of Baal-zebub, the god of Ekron?	Hvbmabde At Swg gumtwngv Tisbe hoqgv Ilijanvn benum, Wlwqto, Samariyag lvpw atwg nyiqry benbo tulungam kaapanum, hoo bulam betamv, Israel ho Pwnbo dooma dvn hoqgab no Ekronwg pwnbo Baal-jebubnvn tapanum?
You shall remember that you were a slave in Egypt; and you shall be careful to observe these statutes.	No Ijipt hoqgv nyiqry benam mam mwwpa tayin; hoo soq pvvb tulungam pvvb mvtayin.
A good name is to be chosen rather than great riches, and favor is better than silver or gold.	Jvqtw tulu hoqgv aljaqkam nyiqry benam mam naalin dvn, hoo rupam la hunam hoqgv aljaqkam aljaqkam aljaqkam aljaqkam naalin dvn. Ngoqg eminv aljaqkam aljaqkam aljaqkam aljaqkam aljaqkam aljaqkam aljaqkam aljaqkam aljaqkam aljaqkam aljaqkam aljaqkam aljaqkam aljaqkam aljaqkam aljaq
It is like the dew of Hermon, which falls on the mountains of Zion! For there the Lord has commanded the blessing, life forevermore.	Hoqham Hermonwg vnyiqnam hvb nyidwn, hoqham Siyon puutu tulug aoho hingdwn! Hoggab hoqho At Sw lvqbwqnam mam gaml jinum, nwrba gob swwgam.
Then Queen Esther answered, “If I have found favor in your sight, O king, and if it please the king, let my life be granted me for my wish, and my people for my request.	Ho Lvpw atv Ester birwqnum, Lvpw at, noqg vnyiqkv ngo mwwpa kun, hoo lvpw atv mwwpa kun, ngoqg mwwlwq gab ngoqg swwgam jitayin, hoo ngoqg nyiilungv ngoqg mwwlwq gab ngoqg swwgam jitayin.
so that by God’s will I may come to you with joy and be refreshed in your company.	Hoqgab Pwnbog mwwlwqkv ngo nulug dookub haanum hoo nulug lvgab doogwql dootayin.
Put not your trust in princes, in a son of man, in whom there is no salvation.	Nulv lvpw at tulungam, nyia ko tuupam mwwpa maabv, hiyvkam ywwlinamv dooma dvn.
so that all the craftsmen who were doing every sort of task on the sanctuary came, each from the task that he was doing,	hoqgab dvrwq namlongam nyinam mwlwngam bon nyinam mwlwngv mwwg nyinam mwlwngam hoqgv haanum,
For the Lord of hosts has a day against all that is proud and lofty, against all that is lifted up—and it shall be brought low;	Hoggab nyiit At Sw hog mwlwngam hoo mwwjw-mvaql doonbo mwlwngam ceekol doodwn, hog mwlwngam mwlwngam ceekol doodwnhoo hoqhv mwlwngam mvtayin;
They have as king over them the angel of the bottomless pit. His name in Hebrew is Abaddon, and in Greek he is called Apollyon.	Bulug lvpw atv bulug aoho gvda gvda hoqgv mwlwngam lvpw at gob nyinum. Mwwg eminv Hibr nyi tulug Abadon hvl benum, hoo mwwg eminv Grig nyi tulug eminv Apollion hvl benum.
But may all who seek you rejoice and be glad in you; may those who love your salvation say continually, “Great is the Lord !”	Hvbmabde hiyv nam meegaqbo mwlwngv hempto hoo nam hempto; hiyv noqg ywwlinam mam pvvbov dooma dvn, At Sw mwlwngv!
But he answered, ‘Truly, I say to you, I do not know you.’	Hvbmabde mwv birwqnum, Ngo nulam bedwn, ngo nulam cengma dvn.
Remember, O Lord, how your servants are mocked, and how I bear in my heart the insults of all the many nations,	At Swa, noqg nyera tulungv hoggub nyinum, hoo hoggub ngoqg hangv nyob tulug nyixiaqnam mam ngoqg hang mwlwho dvb mvdwb nyidwn, hvl mwwpa mvdwb mwwpa mvdwb mwwpa mvdwb mwwpa mvdwb mwwpa mvdwb mwwpa mvdwb mwwpa mvdwb mwwpa mvdwb mwwpa mvdwb mwwpa mvdwb mwwpa mvdwb mwwpa mvdwb mwwpa
He is not God of the dead, but of the living. You are quite wrong.”	Mwv swwnbo tulug Pwnbov dooma dvn, hvbmabde swwnbo tulug Pwnbov dooma dvn. Nulv mwlwngam nyixiaq dvn.
He breaks me down on every side, and I am gone, and my hope has he pulled up like a tree.	Mwv ngam vcjaqb mvdwn, hoo ngo wmin gvdwn, hoo ngoqg mwwpanam mam mwv hvb mvdwn.
He made the storm be still, and the waves of the sea were hushed.	Mwv wm dvb mvdwn, hoo sa-svlog vnyiqkv wm dvb mvdwb mvdwb mvdwb mvdwb mvdwb mvdwb mvdwb mvdwb mvdwb mvdwb mvdwb mvdwb mvdwb mvdwb mvdwb mvdwb mvdwb mvdwb mvdwb mvdwb mvdwb mvdwb mvdwb mvdwb mvdwb mvdwb mvdwb mvdwb mvdwb mvdwb mvdwb mvdwb mvdwb mvdwb mv
Then the boundary went down to the brook Kanah. These cities, to the south of the brook, among the cities of Manasseh, belong to Ephraim. Then the boundary of Manasseh goes on the north side of the brook and ends at the sea,	Ho gvdaho gvda hoqgv Kana hoqgv wleqnum. Soq bopam tulu ham gvda hoqgv, Manasseg bopam tulug pengko ho, Iprayim gvdaho. Ho Manasseg gvdaho gvda hoqgv gvda hoqgv wleqnum hoo sa-svlo hoqgv wleqnum,
Then I said, “Where are you going?” And he said to me, “To measure Jerusalem, to see what is its width and what is its length.”	Ho ngo benum, Hwdlo no wtayin? Hoo mwv ngam benum, Jerusalemnvn meegaq mvdwb, hoqg lvqcwngv hoggv la hoqg lvqcwngv hoggv kaapa mvdwb kaapa mvdwb.
Therefore, when the Lord heard, he was full of wrath; a fire was kindled against Jacob; his anger rose against Israel,	Hoqgab, hwdlo At Sw tapa kunum, mwv hang lingtwrnum; Jakubnvn aoho wmv wmnum; mwwg hang lingtwrv Israelwg ceekol wmnum,
As Paul was about to be brought into the barracks, he said to the tribune, “May I say something to you?” And he said, “Do you know Greek?	Hvbsujaqkam Poul lvpw atwg lvpw atwg lvgab haanum, mwv lvpw atwg lvpw atwg nyi tulungam benum, Ngo nam bedwn? Pwnbov benum, Nulv Grek nyi tulungam cengdwn?
Some of them wanted to arrest him, but no one laid hands on him.	Kokw so bulug pengko hoqgv mwam wlwqnum, hvbmabde hiyvkam mwwg aoho lvqbwq maanum.
therefore thus says the Lord God , “Behold, I am the one who has laid as a foundation in Zion, a stone, a tested stone, a precious cornerstone, of a sure foundation: ‘Whoever believes will not be in haste.’	hoqgab soq sib Pwnbo At Sw bedo, Kaato, ngo hiyv Siyonho pwnboam pwnboam pwnboam pwnboam pwnboam pwnboam pwnboam pwnboam pwnboam pwnboam pwnboam pwnboam pwnboam pwnboam pwnboam pwnboam pwnboam pwnboam pwnboam pwnboam pwnboam pwnboam pwnboam pwnboam pwnboam pwn
I will give you the keys of the kingdom of heaven, and whatever you bind on earth shall be bound in heaven, and whatever you loose on earth shall be loosed in heaven.”	Ngo nulam ao gvda gvda gvda gvda gvtwngam jitayin, hoo no swcw gvda gvdaho hog mwlwngam jitayin, hoo no swcw gvda gvdaho hog mwlwngam jitayin, hoo no swcw gvdaho hog mwlwngam jitayin.
They set out from Midian and came to Paran and took men with them from Paran and came to Egypt, to Pharaoh king of Egypt, who gave him a house and assigned him an allowance of food and gave him land.	Bulv Midian hoqgv wnum hoo Parangam haanum hoo Parang hoqgv nyi tulungv bulug lvgab boolinum hoo Ijiptwg lvpw at Parog dookub haanum, mwv mwam dvrwq namgub jinum hoo mwwg dvparam dvb jinum hoo mwwg gvdangam jinum.
What then has become of your blessedness? For I testify to you that, if possible, you would have gouged out your eyes and given them to me.	Hoqgab noqg lvqbwqnamv hoggub nyipa kun? Hoggab ngo nulam bekin dvn, hvb nyiloqkam no noqg vnyiqkam ngoqg lvqbwqnam mam ngoqg gab jitayin, hvb nyiloqkam no noqg vnyiqkam ngoqg lvgab jitayin, hvb nyiloqkam ngoqg vnyiqkam ngoqg lvgab jitayin, hvb nyiloqkam no noqg vnyiqkam ngoqg lvgab jitayin.
This persuasion is not from him who calls you.	Soq si nulug aoho goqlwqbo Pwnbov nulug mwlwngam mwwpa dvn, hvbmabde nulv hog mwlwngam mwwpa dvn, hoggab nulv hog mwlwngam mwwpa dvn, hoggab nulv hog mwlwngam mwwpa dvn, hoggab nulv hog mwlwngam mwwpa dvn, hoggab nulv hog mwlwngam mwwpa dvn, hoggab nulv hog mwlwngam mwwpa dvn.
but there is a God in heaven who reveals mysteries, and he has made known to King Nebuchadnezzar what will be in the latter days. Your dream and the visions of your head as you lay in bed are these:	hvbmabde ao gvdaho Pwnbov dooma dvn, hoo mwv Lvpw at Nebukadnejjarnvn aalho hoggv dootayin ham mwv cengdwn. Noqg swwmv la noqg dumpo hoqgv noqg dumpo hoqgv kaanamv soq si:
And Samuel said, “As your sword has made women childless, so shall your mother be childless among women.” And Samuel hacked Agag to pieces before the Lord in Gilgal.	Hoo Samuyel benum, Noqg lyoqr orioqkv nywxwngam ko-svrwq maanum, hoqgab noqg annv nywxwngam ko-svrwq maanum. Hoo Samuyel Agagvn Gilgalwg At Swg agaho vcjaqnum.
Mary Magdalene went and announced to the disciples, “I have seen the Lord”—and that he had said these things to her.	Hoqgab Magdalina Marya wknum, Ngo At Swn kaapanum,  hoq tulu sam At Swn benum,  hoqgab At Sw mwnwn benum.
and he said to Korah and all his company, “In the morning the Lord will show who is his, and who is holy, and will bring him near to him. The one whom he chooses he will bring near to him.	hoo mwv Kora nvla mwwg nyiilu mwlwngam benum, Aram At Sw hiyv mwwg hoqgv, hoo hiyv dvrwqbo hvl kaakin tayin, hoo mwam mwwg dookub haatayin. Hiyvkam mwv mwwg dookub haatayin ham mwwg dookub haatayin.
So on that day God subdued Jabin the king of Canaan before the people of Israel.	Hoqgab hoq aalho Pwnbov Kanaanwg lvpw at Jabinnvn Israel nyiilug agaho pvvb bwwlinum.
The lion has roared; who will not fear? The Lord God has spoken; who can but prophesy?”	Nyotv vcjaqb mvdwn; hiyv bos maabv? Pwnbo At Sw agam goonum; hiyv hvbmabde nyiqry benbo nyi ak hvl nyidwb nyidwb nyidwb nyidwb nyidwb nyidwb nyidwb nyidwb nyidwb nyidwb nyidwb nyidwb nyidwb nyidwb nyidwb nyidwb nyidwb nyidwb nyidwb nyidwb nyidwb nyidwb nyidwb nyidwb nyidwb nyidwn?
And he said to him, “Say now to her, ‘See, you have taken all this trouble for us; what is to be done for you? Would you have a word spoken on your behalf to the king or to the commander of the army?’” She answered, “I dwell among my own people.”	Hoo mwv mwam benum, Soq si mwnwn betamto, Kaato, no ngulug gab soq mwlwngam naatayin; nam hoggv nyidwb nyidwn? No noqg gab lvpw atam hoqgv nyob pvtw atwg lvpw atwg lvpw atwg lvgab agam gootayin? Mwn birwqnum, Ngo ngoqg atwg nyiilug pengko ho dooba dvn.
For thus Amos has said, “‘Jeroboam shall die by the sword, and Israel must go into exile away from his land.’”	Hoggab soq sib Amos benum, Jeroboamnv lyoqr orioq lvgab swwtayin, hoo Israelv mwwg gvda hoqgv nyob pakun.
From thirty years old up to fifty years old, you shall list them, everyone who can come on duty, to do the service of the tent of meeting.	Mwwg vnyw cammum hoqgv camngv vnyw hoqgv, nulv soq nyi mwlwngam kvvrwq minsko tombu ho bon nyinam gab haatayin.
select the best and fittest of your master’s sons and set him on his father’s throne and fight for your master’s house.”	noqg nyiit atwg ko tuup tulu hoqgv mwlwngam hoo mwwg abwg pwqlw aoho dvb mvtayin hoo noqg nyiit atwg imiq gab nyob pakun.
You will bring them in and plant them on your own mountain, the place, O Lord , which you have made for your abode, the sanctuary, O Lord, which your hands have established.	At Swa, no bulam noqg atwg puutu aoho, noqg alaqkv noqg doogw gab, noqg dvrwqbo dvrwq namgub mvtayin, At Swa, no bulam noqg atwg puutu aoho mvtayin.
And David sent out the army, one third under the command of Joab, one third under the command of Abishai the son of Zeruiah, Joab’s brother, and one third under the command of Ittai the Gittite. And the king said to the men, “I myself will also go out with you.”	Hoo Debid sipai tulungam Joabg gaml jinam uraho, Joabg vbw Jeruiyag ko tuup Abisaig gaml jinam uraho, hoo Gat hoqgv Ittaig gaml jinam uraho nyi tulungam kanamnum. Hoo lvpw atv nyi tulungam benum, Ngoqg atv kam nulug lvgab wtayin.
And you shall give it to Eleazar the priest, and it shall be taken outside the camp and slaughtered before him.	Hoo no hoqham nyub Eleajarnvn jitayin, hoo hoqham nyiilu hoqgv naatayin hoo mwwg agaho mengtayin.
and you shall kill the ram and shall take its blood and throw it against the sides of the altar.	hoo no sviya dvb mvtayin hoo hoqg lvqcwngam naalayil hoqham yugw hoqg lvgab twryum tayin.
And he brought all the priests out of the cities of Judah, and defiled the high places where the priests had made offerings, from Geba to Beersheba. And he broke down the high places of the gates that were at the entrance of the gate of Joshua the governor of the city, which were on one’s left at the gate of the city.	Hoo mwv nyub tulungam Judag bopam tulug pengko hoqgv boolinum, hoo nyub tulungv aky jinam mam, Geba hoqgv Beerseba hoqgv mvnum. Hoo bopamg lvpw at Josuag toggoqho doonbo toggoq tulungam, bopamg toggoqho doonbo toggoq ho doonbo toggoq tulungam mwv mvnum.
that though the wicked sprout like grass and all evildoers flourish, they are doomed to destruction forever;	ho nyic nyic nyinam hvb nyidwn hoo nyic nyinam mwlwngv nyidwn, hvbmabde bulv nwrba gob nyidwn;
And Jesus went on with his disciples to the villages of Caesarea Philippi. And on the way he asked his disciples, “Who do people say that I am?”	Kokw so Jisu mwwg buu tulug lvgab Pilipia Sesariyag bopam tulungam wknum. Bulug lamtab mwv mwwg buu tulungam birwqnum, Nyi tulungam ngo hiyv hvl bedwn?
Of the sons of Pahath-moab: Adna, Chelal, Benaiah, Maaseiah, Mattaniah, Bezalel, Binnui, and Manasseh.	Pahat-moabwg ko tuup tulungv: Adna, Selal, Benaia, Maaseiya, Mattaniya, Bejalel, Binnui, hoo Manasse.
And Pharisees came up to him and tested him by asking, “Is it lawful to divorce one’s wife for any cause?”	Ho Parisi tulungv Jisug dookub haanum, Hiyvg nywxwngam hog mwlwngam mwwpa kun?
For truly, I say to you, many prophets and righteous people longed to see what you see, and did not see it, and to hear what you hear, and did not hear it.	Ngo nulam jvqtw jaqb bedwn, nyiqry benbo tulungv la jvqtw jaqb nyi tulungv nulug kaakinam kaakinam mam kaakinum, hvbmabde bulv kaakinum, hoo nulv kaakinam mam tapa kunum, hvbmabde bulv kaakinum.
And they set out from Succoth and camped at Etham, which is on the edge of the wilderness.	Hoo bulv Sukot hoqgv wleqnum hoo Etam ho doonum, hoqgv deexa-rara gvdaho doonum.
Can you fill his skin with harpoons or his head with fishing spears?	No mwwg vdinam arpon hoqgv mwwg dumpo ho mwwg dumpo hoqgv svmcw hoqgv lvqbwq dvb mvdwb nyiloqkam nyiloqkam nyiloqkam nyiloqkam nyiloqkam nyiloqkam nyiloqkam nyiloqkam nyiloqkam nyiloqkam nyiloqkam nyiloqkam nyiloqkam nyiloqkam nyiloqkam nyiloqkam nyiloqkam nyiloqkam nyiloqkam nyiloqkam nyiloqkam
So with yourselves, if with your tongue you utter speech that is not intelligible, how will anyone know what is said? For you will be speaking into the air.	Hoqgab nulv nulug atv hoggv mwwjw-mvaqnam mam nulug agam goqlwqkam, hoggub nyiloqkam cengtayin? Hoggab nulv ogum hoqgv agam goqlwq dvn hvl nulv agam goqlwq dvn hvl cengtayin. Nulv hoggv nyiloqkam, hoggub nyiloqkam, hoggub nyiloqkam, hoggub nyiloqkam, hoggub nyiloqkam, hoggub nyiloqkam, hog
Then my enemies will turn back in the day when I call. This I know, that God is for me.	Ho hwdlo ngoqg ceebio tulungv hoq aalho wkur tayin. Soq sib ngo cengdwn, Pwnbov ngoqg lvgab doodo.
The churches of Asia send you greetings. Aquila and Prisca, together with the church in their house, send you hearty greetings in the Lord.	Aasiya gvda tulungv nam salam jitayin. Akila la Priska la bulug namho doonbo nyi tulungam At Swg lvgab nulug swrdorxeql swrdorxeql swrdorxeq dvb swrdorxeq dvb swrdorxeq dvb swrdorxeq dvb swrdorxeq dvb swrdorxeq dvb swrdorxeq dvb swrdorxeq dvb swrdorxeq dvb swrdorxeq dvb swrdorxeq dvb swrd
His offspring shall endure forever, his throne as long as the sun before me.	Mwwg ko tuupv nwrba gob dootayin, mwwg pwqlwngv ngoqg agaho cengnam hvb dootayin.
And you shall not walk in the customs of the nation that I am driving out before you, for they did all these things, and therefore I detested them.	Hoo nulug aga hoqgv ngoqg pengko hoqgv ruqmin gvda hoqg nyi tulug nyinam mam nulv wmin gvtayin, hoggab bulv soq mwlwngam nyinum, hoo hoqgab ngo bulam vcjaqnum.
You shall not see your brother’s donkey or his ox fallen down by the way and ignore them. You shall help him to lift them up again.	Nulv noqg vbwg svdam mam la mwwg svdam lamta hoqgv wmin gvnam mam kaapa maabv hoo hoq tulu ham kaapa maabv. Nulv mwam hoq tulu ham lokta dvb mvdwb nyidwb nyidwb nyidwb nyidwb nyidwb nyidwb nyidwb nyidwb nyidwb nyidwb nyidwb nyidwb nyidwb nyidwb nyidwb nyidwb nyidwb nyidwb nyidwb nyidwb nyidwb nyidwb ny
Truly, I say to you, wherever this gospel is proclaimed in the whole world, what she has done will also be told in memory of her.”	Ngo nulam jvqtw jaqb bedwn, gvda gvda gvda mwlw hoqgv soq Pwnbog mwlwngam pvvb bwwlin tayin hoqgv mwnwg nyinam mam mwnwnwg mwwpa kunam mam pvvb bwwlin tayin.
And while they were striking, and I was left alone, I fell upon my face, and cried, “Ah, Lord God ! Will you destroy all the remnant of Israel in the outpouring of your wrath on Jerusalem?”	Hoo hwdlo bulv nyob panum, hoo ngoqg alaqkam wleq kunum, ngoqg nyuqm-mvaqnam uraho daqnum, hoo yuuqlinum, At Swa, Pwnbo At Swa! Jerusalemho noqg hang lingtwrnam mam noqg hang lingtwrnam mam noqg Israel nyi tulu mwlwngam nywywngam nyidwb nyidwb nyidwb nyidwb nyidwb nyidwb nyidwb nyidwb nyidwb nyidwb nyidwn?
When Moses told these words to all the people of Israel, the people mourned greatly.	Hwdlo Mojes soq gomcwr tulu sam Israel nyiilu mwlwngam betamnum, nyiilungv vcjaqb vcjaqnum.
In the second year of Pekah the son of Remaliah, king of Israel, Jotham the son of Uzziah, king of Judah, began to reign.	Remaliyag ko tuup Peka Israelwg lvpw atam vnyw nywnyi go, Judag lvpw at Ujiya gv ko tuup Jotam pvvb bwwl doognum.
And as soon as he had finished speaking all these words, the ground under them split apart.	Hoo hwdlo mwv soq gomcwr mwlwngam agam goonum, bulug aoho gvdangv vcjaqb mvdwb mvdwb mvdwb mvdwb mvdwb mvdwb mvdwb mvdwb mvdwb mvdwb mvdwb mvdwb mvdwb mvdwb mvdwb mvdwb mvdwb mvdwb mvdwb mvdwb mvdwb mvdwb mvdwb mvdwb mvdwb mvdwb mvdwb mvdwb mvdwb mvdwb mvdwb mvdwb
Let me hear what God the Lord will speak, for he will speak peace to his people, to his saints; but let them not turn back to folly.	Pwnbo At Sw hoggv agam goonam mam ngam tapa to, hoggab mwv mwwg nyiilungam, mwwg dvrwqbo tulungam swrso agam goon tayin; hvbmabde bulv mwwlaqnam mam wkur maabv.
For whoever would save his life will lose it, but whoever loses his life for my sake will save it.	Hoggab hiyv hiyv mwwg swwgam ywwlin tayin ham mwwpa tayin, hvbmabde hiyv hiyv hiyv hiyv hiyv mwwg swwgam ngoqg gab mwwpa tayin ham mwwpa tayin.
But better than both is he who has not yet been and has not seen the evil deeds that are done under the sun.	Hvbmabde hiyv lajaqkam dooma dvn hoo aalwg aoho nyiqry benam nyinam mam kaapa dvn, hiyv vnyig aoho dooma dvn.
And David spoke to the Lord the words of this song on the day when the Lord delivered him from the hand of all his enemies, and from the hand of Saul.	Hoo hwdlo At Sw mwam mwwg ceebio mwlwg alaq hoqgv, hoo Soulwg alaq hoqgv ywwlin pakun, hoqgv Debid At Swn soq lengnam sam agam goonum.
And he said to me, “It is done! I am the Alpha and the Omega, the beginning and the end. To the thirsty I will give from the spring of the water of life without payment.	Mwv ngam benum, Hoggub nyidwn! Ngo Alpa la Omega, hoqgv akwnam mam la hoqgv xumnamv. Hoqgv mwwjwbo nyi tulungam ngo swwgam swwgam swwgam swwgam swwgam swwgam swwgam swwgam swwgam swwgam swwgam swwgam swwgam swwgam swwgam swwgam swwgam swwgam swwgam swwgam swwgam swwgam swwgam swwgam swwgam sw
But Jesus said, “Someone touched me, for I perceive that power has gone out from me.”	Hvbmabde Jisun benum, Hiyv ngam taabnum, hoggab ngoqg hoqgv pw-hwwdwb wleqkam ngo cengdwn.
They departed and went into the hills and remained there three days until the pursuers returned, and the pursuers searched all along the way and found nothing.	Bulv wleqnum hoo puutu aoho wnum hoo hoqho aal loum go doonum, hoqgv ruqminbo tulungv wkur kunum, hoo ruqminbo tulungv lamta mwlwngam meegaq kunum hoo hoqgv hog mwlwngam kaapa kunum.
A new commandment I give to you, that you love one another: just as I have loved you, you also are to love one another.	Ngo nulam gaml jinam mam jipa ku, nulv atv-atv vcjaqb vcjaqb vcjaqb vcjaqb vcjaqb vcjaqb vcjaqb vcjaqb vcjaqb vcjaqb vcjaqb vcjaqb vcjaqb vcjaqb vcjaqb vcjaqb vcjaqb vcjaqb vcjaqb vcjaqb vcjaqb vcjaqb vcjaqb vcjaqb vcjaqb vcjaqb vcjaq
And in your steadfast love you will cut off my enemies, and you will destroy all the adversaries of my soul, for I am your servant.	Hoo noqg vcjaqb abynam mam no ngoqg ceebio tulungam mvtayin, hoo ngoqg almab ceekol nyi mwlwngam no mvtayin, hoggab ngo noqg nyerangv.
And he did valiantly and struck the Amalekites and delivered Israel out of the hands of those who plundered them.	Hoo mwv vcjaqb bon nyinum hoo Amalek nyi tulungam mengnum hoo Israel nyi tulungam naareqbo alaq hoqgv naalinum.
from the Jordan eastward, all the land of Gilead, the Gadites, and the Reubenites, and the Manassites, from Aroer, which is by the Valley of the Arnon, that is, Gilead and Bashan.	Jordonwg dou-cagag gvda hoqgv, Gilead gvda mwlwngam, Gad nyi tulungam, hoo Reuben nyi tulungam, hoo Manasse nyi tulungam, Aroyer hoqgv, hoqgv Arnon Lvpiangam, hoqhv Gilead la Basan gvda hoqgv.
The God and Father of the Lord Jesus, he who is blessed forever, knows that I am not lying.	At Sw Jisug Ab Pwnbov, hiyv nwrba gob nyidwn, ngo bedwnamv cengma dvn, mwv cengma dvn. Mwv nwrba gob nyidwn, mwv nwrba gob nyidwn, mwv cengma dvn, mwv cengma dvn, mwv cengma dvn, mwv cengma dvn, mwv cengma dvn, mwv cengma dvn, mwv cengma dvn, mwv cengma dvn, mwv cengma dvn.
“So shall they put my name upon the people of Israel, and I will bless them.”	Soq sib bulv ngoqg eminam Israelwg nyiilu aoho mvtayin, hoo ngo bulam lvqc tayin.
His eyes are like doves beside streams of water, bathed in milk, sitting beside a full pool.	Mwwg vnyiqkv iss hoqg vnyiq-vnyiq hvb nyidwn, iss hoqg vnyiq-vnyiq dvb vnyiq-vnyiq dvb vnyiq-vnyiq dvb vnyiq-vnyiq dvb vnyiq-vnyiq dvb vnyiq-vnyiq dvb vnyiq-vnyiq dvb vnyiq-vnyiq dvb vnyiq-vnyiq dvb vnyiq-vnyiq dvb vnyiq-vnyiq dvb
They have healed the wound of my people lightly, saying, ‘Peace, peace,’ when there is no peace.	Bulv ngoqg nyiilug lvqcwngam vcjaqb mwwpa kun, Swdo, swdo, hvbmabde swdo dooma dvn.
In the path of your judgments, O Lord , we wait for you; your name and remembrance are the desire of our soul.	At Swa, noqg pvvb tulug lamtangam, ngulv nam mwwpa dvn; noqg eminam la noqg mwwjwnamv ngulug hangv mwwpa dvn.
And the ransomed of the Lord shall return and come to Zion with singing; everlasting joy shall be upon their heads; they shall obtain gladness and joy, and sorrow and sighing shall flee away.	Hoo At Swg xuqlin bo tulungv wkur tayin hoo goonam lvgab Siyonbov haatayin; bulug dumpo aoho swrsongv nwrba gob dootayin; bulv hempnam mam la hempnam mam kaapa tayin, hoo vcjaqnam mam la vcjaqnam mam wleq tayin.
Then the king, when he heard these words, was much distressed and set his mind to deliver Daniel. And he labored till the sun went down to rescue him.	Ho lvpw atv soq gomcwr tulungam tapa tvl mwv vcjaqb vcjaqnum hoo mwwg hangv Daniyelnvn ywwlin tayin. Hoo mwv mwam ywwlin mvdwb nyinum.
He also lived to the east as far as the entrance of the desert this side of the Euphrates, because their livestock had multiplied in the land of Gilead.	Mwv dou-cagag dooxa-rara toggoq hoqgv Euprat gvda ho doonum, hoggab bulug sviyaqkam Gilead gvdaho vcjaqb nyinum.
So they answered that they did not know where it came from.	Hoqgab bulv birwqnum hvl bulv cengma dvn.
Then Job answered and said:	Ho Job birwqnum hoo benum:
But if through my lie God’s truth abounds to his glory, why am I still being condemned as a sinner?	Hvbmabde ngoqg nyiqry benam mam Pwnbog jvqtwngam Pwnbog yuunam mam mwwg yuunam mam kaapa dvn, hoggab ngo nyic nyinam hvb nyidwn ham nyic nyinam hvb nyidwb nyidwb nyidwb nyidwb nyidwb nyidwb nyidwb nyidwb nyidwb nyidwb nyidwb nyidwb nyidwb nyidwb nyidwb nyidwb nyidwb nyidwb nyidwb nyidwb nyidwb nyidwn.
Then Hezekiah turned his face to the wall and prayed to the Lord ,	Ho Hejekiya mwwg nyuqm mam gvda hoqgv wkur kunv At Swn swgwnum,
Then the Lord said to Moses, “Stretch out your hand toward heaven, that there may be darkness over the land of Egypt, a darkness to be felt.”	Ho At Sw Mojesnvn benum, Noqg alaqkam ao gvda hoqgv lengtayin, ho Ijipt gvdaho vc loodab mvtayin, vc loodab vc loodab mvtayin.
“Remember this and stand firm, recall it to mind, you transgressors,	Soq sam mwwpa to hoo dvparto, nyixiaqkv, hoqham mwwpa to, mwwpa to, mwwpa to, mwwpa to, mwwpa to, mwwpa to, mwwpa to, mwwpa to, mwwpa to, mwwpa to, mwwpa to, mwwpa to, mwwpa to, mwwpa to, mwwpa to, mwwpa to, mwwpa to, mwwpa to, mwwpa to, mwwpa to, mwwpa
Behold, I am with you and will keep you wherever you go, and will bring you back to this land. For I will not leave you until I have done what I have promised you.”	Kaato, ngo noqg lvgab dootayin hoo no hog mwlw ho noqg lvgab dootayin, hoo nam soq gvda so boolin tayin. Hoggab ngo nam gaml jinam mam ngo nyidwb nyidwb ngo noqg hoqgv nyidwb nyidwb nyidwb ngo noqg hoqgv wleq maab nyidwb nyidwb nyidwb nyidwb nyidwb nyidwb nyidwb nyidwb nyidwb nyidwb nyidwb nyidwb nyidwb nyidwb ny
They have deeply corrupted themselves as in the days of Gibeah: he will remember their iniquity; he will punish their sins.	Bulam Gibeag aalho hvb bulv atv vcjaqb mvdwn: mwv bulug nyixiaqkam mwwpa tayin; mwv bulug nyicam ceeko tayin.
And he rose and went home.	Kokw so mwv gorabnum hoo mwwg nammwb wknum.
Now the day began to wear away, and the twelve came and said to him, “Send the crowd away to go into the surrounding villages and countryside to find lodging and get provisions, for we are here in a desolate place.”	Dvrwqbo akv Jisun benum, Soq nyi tulungam wleqto, hoqg pengko hoqg bopam tulungam daqm-daqm dvb mvtayin, hoggab ngulv soq nyook nyook nyook hoqgv hoqgv hoqgv hoqgv hoqgv hoqgv hoqgv hoqgv hoqgv dvrwq namgub mvtayin.
Now Samuel had died, and all Israel had mourned for him and buried him in Ramah, his own city. And Saul had put the mediums and the necromancers out of the land.	Samuyelnvn swwlinum, hoo Israel mwlwngv mwwg gab vcjaqnum hoo mwam mwwg atwg bopam Rama ho mwv mvnum. Hoo Soul svdinbo tulungam la svdinbo tulungam gvda hoqgv ruqpaqnum.
“Sing, O barren one, who did not bear; break forth into singing and cry aloud, you who have not been in labor! For the children of the desolate one will be more than the children of her who is married,” says the Lord .	Ngoqg nywxwngv, ko tuup maabv, hempto; hempto hoo hempto, no hempto! Hoggab nywxwngv nywxwngv ko tuup tulungv mwnwg ko tuup tulug aoho dootayin, At Sw bibwqdo.
And you, O son of man, behold, cords will be placed upon you, and you shall be bound with them, so that you cannot go out among the people.	Hoo no, nyia ko tuup, kaato, noqg aoho svdinam mam mvtayin, hoo no hoq tulu lvgab mvtayin, hoqgab no nyiilug pengko ho wm maabv.
and brought the head of Ish-bosheth to David at Hebron. And they said to the king, “Here is the head of Ish-bosheth, the son of Saul, your enemy, who sought your life. The Lord has avenged my lord the king this day on Saul and on his offspring.”	hoo Is-bosetwg dumpoam Debid dook Hebron ho boolin kunum. Hoo bulv lvpw atam benum, Soq si noqg ceebio, Soulwg ko tuup Is-bosetwg dumpo, hiyv noqg swwgam meegaq kunum. Soq aal so ngoqg nyiit at lvpw atam Soul la mwwg ko tuup tulug aoho At Sw ceekol ceekol ceekol mvdwb nyinum.
“In this year of jubilee each of you shall return to his property.	Soq vnyw hoqgv yubile ho nulv nyiicwr-cwrxiv mwwg gvdaho wkur tayin.
They swore an oath to the Lord with a loud voice and with shouting and with trumpets and with horns.	Bulv At Swn lvqc-loosaq lvgab lvqc-loosaq lvgab lvqc-loosaq lvgab lvqc-loosaq lvgab lvqc-loosaq lvgab lvqc-loosaq lvgab lvqc-loosaq lvgab lvqc-loosaq lvgab lvqc-loosaq lvgab lvqc-loosaq lvgab lvqc-loosaq lvgab
Isaac loved Esau because he ate of his game, but Rebekah loved Jacob.	Aisak Esunvn abynum, hoggab mwv mwwg svdam mam dvdwn, hvbmabde Rebeka Jakubnvn abynum.
“You shall therefore keep the whole commandment that I command you today, that you may be strong, and go in and take possession of the land that you are going over to possess,	Hoqgab nulv soolo ngo nam gaml jinam gaml jinam mam pvvb mvtayin, ho nulv ator boam kaapa tayin, hoo nulv gvda hoqgv lvvgwb wtayin hoo gvda hoqgv mwlwngam pvvb mvtayin,
Hear, O our God, for we are despised. Turn back their taunt on their own heads and give them up to be plundered in a land where they are captives.	Dvrwqto, ngulug Pwnboa, hoggab ngulv haqpaq paku. Bulug nyixiaqnam mam bulug atwg dumpo aoho ruqpaql hoo bulug nyera bo gvdaho bulam naareq mvdwb mvdwb mvdwb mvdwb mvdwb mvdwb mvdwb mvdwb mvdwb mvdwb mvdwb mvdwb mvdwb mvdwb mvdwb mvdwb mvdwb mvdwb mvdwb mvdwb mvdwb mvdwb mvdwb mvd
For the Lord has chosen Jacob for himself, Israel as his own possession.	Hoggab At Sw Jakubnvn mwwg mwwg gab, Israelnvn mwwg atwg gumn gob mvpaq pakun.
and the one sea, and the twelve oxen underneath the sea.	hoo sa-svlo hoqgv, hoo sa-svlo hoqgv doonbo camleq dvb svdin tulungam.
So Hanun took David’s servants and shaved off half the beard of each and cut off their garments in the middle, at their hips, and sent them away.	Hoqgab Hanun Debidg nyera tulungam wlwqnum hoo nyiicwr-cwrxiam bulug svdinam meegaqnum hoo bulug vjam uraho, bulug lvqc-loosaq hoqgv mengnum, hoo bulam wleq kunum.
as he does in all his letters when he speaks in them of these matters. There are some things in them that are hard to understand, which the ignorant and unstable twist to their own destruction, as they do the other Scriptures.	Hoqgab mwv hog mwlwngam hog mwlwngam mwv hog mwlwngam gomcwrwql benam hvl mwv hvl benam hvl benam hvl benam hvl benam hvl benam hvl benam hvl benam hvl benam hvl benam hvl benam hvl benam hvl benam hvl benam hvl benam hvl benam hvl benam hvl benam hvl benam hvl benam hvl benam hvl benam hvl benam hvl benam
And they sat with him on the ground seven days and seven nights, and no one spoke a word to him, for they saw that his suffering was very great.	Hoo bulv mwwg lvgab aalho aalho aalho aalho doonum, hoo hiyv mwam gomcwr goonum, hoggab bulv mwwg vcjaqnamv vcjaqb vcjaqb kaakinum.
And if a son of peace is there, your peace will rest upon him. But if not, it will return to you.	Hoqho swrso ko tuupv doodo, nulug swrso ko tuupv mwwg aoho dootayin. Hvbmabde hoqhvb nyiloqkam, hoqhv nulug dookub wkur tayin.
not that anyone has seen the Father except he who is from God; he has seen the Father.	Pwnbog hoqgv haanbo nyi akv Abam kaapanum, hvbmabde hiyv Abam kaapanum.
because they have done an outrageous thing in Israel, they have committed adultery with their neighbors’ wives, and they have spoken in my name lying words that I did not command them. I am the one who knows, and I am witness, declares the Lord .’”	hoggab bulv Israel ho nyixiaqb nyinam mam nyinum, bulv bulug nyiilungam nywxw tulu lvgab nyixiaqb nyinum, hoo bulv ngoqg eminam hoqgv bedwnam gomcwr tulungam agam goonum, ho ngo bulam gaml jinum. Ngo cengdwn, hoo ngo nyiqry benamv, At Sw bibwqdo.
“Say to the people of Israel, ‘Appoint the cities of refuge, of which I spoke to you through Moses,	Israel nyiilungam beto, Ngo nulam Mojeswg lvgab agam goonum, hoqg pengko bopam tulungam mvtayin,
For thus says the Lord : “You were sold for nothing, and you shall be redeemed without money.”	Hoggab soq sib At Sw bedo: Nulv hog mwlw-mvaq lvgab jinum, hoo nulv rupam hoqgv naalin tayin.
Now when David and his men came to Ziklag on the third day, the Amalekites had made a raid against the Negeb and against Ziklag. They had overcome Ziklag and burned it with fire	Hwdlo Debid la mwwg nyi tulungv aal loum aalho Ziklag ho haanum, Amalek nyi tulungv Negeb gv la Ziklagwg ceekol nyob panum. Bulv Ziklagam mengnum hoo hoqham wm dvb wmnum
Then Joshua returned, and all Israel with him, to the camp at Gilgal.	Ho Josua, hoo Israel mwlwngv mwwg lvgab Gilgalwg svmcw dookub wkurnum.
And when he had seized him, he put him in prison, delivering him over to four squads of soldiers to guard him, intending after the Passover to bring him out to the people.	Kokw so mwv Pitornvn wlwqnum, hoq kokw so Pitornvn nyi tulug dookub wkur kunum. Pitornvn Pitornvn Pitornvn Pitornvn Pitornvn Pitornvn Pitornvn Pitornvn Pitornvn Pitornvn Pitornvn Pitornvn Pitornvn Pitornvn Pitornvn Pitornvn Pitornvn Pitornvn Pitornvn Pitornvn Pitornvn Pitornvn Pitornvn P
Why did you say, ‘She is my sister,’ so that I took her for my wife? Now then, here is your wife; take her, and go.”	Hoggab no benum, Mwn ngoqg vbw-bor hvb nyinum, ho ngo mwnwn ngoqg nywxwngam naatayin? Hoqgab sija, soq si noqg nywxwngv; mwnwn naato, hoo wtayin.
There will be enough goats’ milk for your food, for the food of your household and maintenance for your girls.	Noqg dvnam gab, noqg imiq dvnam gab hoo noqg nyem ko tulungam dvnam gab svdinam mam svdinam mam vcjaqb nyidwb nyidwb nyidwb nyidwb nyidwb nyidwb nyidwb nyidwb nyidwb nyidwb nyidwb nyidwb nyidwb nyidwb nyidwb nyidwb nyidwb nyidwb nyidwb nyidwb nyidwb nyidwb nyidwb nyidwb nyidwb nyidwb nyidwb nyidwb nyidwb nyidwb ny
May their camp be a desolation; let no one dwell in their tents.	Bulug svmcw dvb mvdwb mvdwb mvto; bulug tombu ho hiyv dooma dvb mvto. Hoggab bulug svmcw dvb mvdwb mvdwb mvdwb mvdwb mvdwb mvdwb mvdwb mvdwb mvdwb mvdwb mvdwb mvdwb mvdwb mvdwb mvdwb mvdwb mvdwb mvdwb mvdwb mvdwb mvdwb mvdwb mvdwb mvdwb mvdwb mvdwb mvdwb mvd
And the Lord said to Moses, “How long will this people despise me? And how long will they not believe in me, in spite of all the signs that I have done among them?	Hoo At Sw Mojesnvn benum, Soolo soq nyiilungv ngam haqpaq tayin? Hoo soolo ngo bulug pengko hoqgv bon nyinam mwlwngam, bulv ngam mwwjw maabv?
Worship the Lord in the splendor of holiness; tremble before him, all the earth!	Dvrwqbo lvqcwngv At Swn mwwdwq dvn; swcw mwlwngv, mwwg agaho kac-cagaq dvn!
Shallum fathered Hilkiah, Hilkiah fathered Azariah,	Salum Hilkiya gv abv, Hilkiya Azarya gv abv,
(It is also counted as a land of Rephaim. Rephaim formerly lived there—but the Ammonites call them Zamzummim—	(Hoqhv Repaim gvda hoqgv hoqgv hoqgv doonum. Repaim otuqho doonumhvbmabde Ammon nyi tulungv bulam Zamjummim hvl goqnum
And whoever will not listen to my words that he shall speak in my name, I myself will require it of him.	Hoo hiyv hiyv ngoqg emin hoqgv agam goonam mam tapa dvn, ngo mwwg hoqgv ham ngoqg atv meegaq tayin.
He shall build a house for my name. He shall be my son, and I will be his father, and I will establish his royal throne in Israel forever.’	Mwv ngoqg eminam gab nam mam mvtayin. Mwv ngoqg ko tuupv tayin, hoo ngo mwwg abv tayin, hoo mwwg lvpw atwg pwqlwngam Israel ho nwrba gob mvtayin.
And there went up also to Jerusalem, in the seventh year of Artaxerxes the king, some of the people of Israel, and some of the priests and Levites, the singers and gatekeepers, and the temple servants.	Hoo lvpw at Artaserses vnyw vnyw kvn go Jerusalemho Israel nyiilungam, hoo nyub tulungv la Lebi nyi tulug pengko ho, hwnyir tulungam la toggoqbo tulungam, hoo dvrwq namlog nyera tulungv lengnum.
Give your servant a pledge of good; let not the insolent oppress me.	Noqg nyerangam vcjaqb nyidwn; mwwjwbo nyi tulungv ngam ceekol mvma mvma mvma mvma mvma mvma mvma mvma mvma mvma mvma mvma mvma mvma mvma mvma mvma mvma mvma mvma mvma mvma mvma mvma mvma mvma mvma mvma mvma mvma mvma mvma mvma mvma mvma mvma mvma mvma mvma mvma mvma mvma mvma mvma mvma mvma mvma mvma mvma mvma mvma
The king said to him, “Where is he?” And Ziba said to the king, “He is in the house of Machir the son of Ammiel, at Lo-debar.”	Lvpw atv mwam benum, Mwv hognv? Hoo Siba lvpw atam benum, Mwv Ammiyelwg ko tuup Makirwg namho, Lo-debar ho doodo.
also their grain offering of fine flour mixed with oil, three tenths of an ephah for the bull, two tenths for the ram,	hoqgab bulug dvparam tulu lvgab mvdwb mvdwb mvdwb mvdwb mvdwb mvdwb mvdwb mvdwb mvdwb mvdwb mvdwb mvdwb mvdwb mvdwb mvdwb mvdwb mvdwb mvdwb mvdwb mvdwb mvdwb mvdwb mvdwb mvdwb mvdwb mvdwb mvdwb mvdwb mvdwb mvdwb mvdwb mvdwb mvdwb mvdwb mvdwb mvdwb mvdwb mvdwb
But now I am coming to you, and these things I speak in the world, that they may have my joy fulfilled in themselves.	Hvbmabde sija ngo noqg dookub haanum, hoo soq gomcwr tulu sam ngo swcw gvda gvdaho benamv, ho ngoqg lvgab bulv ngoqg lvgab lvgab hemp dvb mvdwb mvdwb nyidwb nyidwb nyidwb nyidwb nyidwb nyidwb nyidwb nyidwb nyidwb nyidwb nyidwb nyidwb nyidwb nyidwb nyidwb nyidwb nyidwb nyidwb nyidwb nyidwn.
Have nothing to do with irreverent, silly myths. Rather train yourself for godliness;	Nulv hog mwwjw-mwwjwbo nyiqry benam mam mwwjw maabv. Hvbmabde noqg mwwjwnam mam mwwjwnam mam mwwjwnam mam mwwjwnam mam mwwjwnam mam mwwjwnam mam mwwjwnam mam mwwjwnam mam mwwjwnam mam mwwjwnam mam mwwjwnam mam mwwjwnam mam mwwjwnam mam mwwjwnam mam mwwjwnam mam mwwjwnam
Every grain offering of a priest shall be wholly burned. It shall not be eaten.”	Nyub tulu hoqgv vdinam aky jinam mwlwngam wm dvb mvtayin. Hoqham dvmabv.
Tell all the congregation of Israel that on the tenth day of this month every man shall take a lamb according to their fathers’ houses, a lamb for a household.	Israelwg nyiilu mwlwngam betamto, soq aal camleq aalho nyiicwr-cwrxiv bulug ab tulug nombu hoqgv, hoqg imiq hoqgv, hoqgv hoqgv hoqgv hoqgv hoqgv hoqgv hoqgv hoqgv hoqgv hoqgv hoqgv hoqgv hoqgv hoqgv hoqgv hoqgv hoqgv hoqgv hoqgv
I have received full payment, and more. I am well supplied, having received from Epaphroditus the gifts you sent, a fragrant offering, a sacrifice acceptable and pleasing to God.	Nulv Epaproditus hoqgv nulug aky jinam mam naatayin, hoqgv ngoqg hog mwlwngam nyidwn, hoqgv Pwnboam mwwpa dvn, hoqgab Pwnboam mwwpa dvn. Hoqgab Pwnboam mwwpa dvn, hoqgab Pwnboam mwwpa dvn, hoqgab Pwnboam mwwpa dvn. Hoqgab Pwnboam mwwpa dvn, hoqgab Pwnboam mwwpa
You have an abundance of workmen: stonecutters, masons, carpenters, and all kinds of craftsmen without number, skilled in working	Nulug pengko hoqgv bon nyijwqbo nyi tulungv mvdwb nyidwb nyidwb nyidwb nyidwb nyidwb nyidwb nyidwb nyidwb nyidwb nyidwb nyidwb nyidwb nyidwb nyidwb nyidwb nyidwb nyidwb nyidwb nyidwb nyidwb nyidwb nyidwb nyidwb nyidwb nyidwb nyidwb nyidwb nyidwb nyidwb nyidwb nyidwb nyidwb nyidwb nyidwb nyidwb
They set the altar in its place, for fear was on them because of the peoples of the lands, and they offered burnt offerings on it to the Lord , burnt offerings morning and evening.	Bulv dvrwqbo yugwngam hoqgv daqnum, hoggab gvda hoqg nyiilu gab bulug aoho bosnum, hoo bulv hoqho At Swn boyuqnam aky jinum, aal-aiyam boyuqnam aky jinum.
“Go in, tell Pharaoh king of Egypt to let the people of Israel go out of his land.”	Wto, Ijiptwg lvpw at Paro hoqgv Israel nyiilungam mwwg gvda hoqgv wleq mvdwb betamto.
And Benjamin returned at that time. And they gave them the women whom they had saved alive of the women of Jabesh-gilead, but they were not enough for them.	Hoo Benjamin hoq moodho wkurnum. Hoo bulv Jabes-gileadwg nywxw hoqgv bulv swwnam mam bulv bulam jinum, hvbmabde bulv bulug gab dookram.
Therefore thus says the Lord concerning Jehoiakim king of Judah: He shall have none to sit on the throne of David, and his dead body shall be cast out to the heat by day and the frost by night.	Hoqgab soq sib Judag lvpw at Jehoiakim gab At Sw bedo: Mwv Debidg pvvb bwwl doogw ho dootayin bo nyi akkam dootayin, hoo mwwg mvdwb mwv aal hoqgv wm mvtayin hoo aal hoqgv wm mvtayin.
Remember them, O my God, because they have desecrated the priesthood and the covenant of the priesthood and the Levites.	Ngoqg Pwnboa, bulam mwwpa to, hoggab bulv nyub tulungv hoo nyub tulungv hoo Lebi nyi tulug pvvbov dvrwq maanum.
Do not slander a servant to his master, lest he curse you, and you be held guilty.	Nyera akwn mwwg nyiit akwn mwwpa mvma, mwv nam mwwpa mvma, hoo nulv nyixiaqkam kaapa mvdwb nyidwn. Ngoqg nyera akwn mwwg nyiit akwn mwwpa mvma, hoqgab mwv nam mwwpa mvma, hoo nulv nyixiaqkam kaapa mvdwb nyidwb nyidwb nyidwb nyidwb nyidwb nyidwb nyidwb nyidwb nyidwb nyidwb nyidwb nyidwb ny
All in vain have I kept my heart clean and washed my hands in innocence.	Hog mwlwngam ngoqg hangv dvrwq maanum hoo ngoqg alaqkv nyic-cwrxaqnam hvb mvdwb mvdwb mvdwb mvdwb mvdwb mvdwb mvdwb mvdwb mvdwb mvdwb mvdwb mvdwb mvdwb mvdwb mvdwb mvdwb mvdwb mvdwb mvdwb mvdwb mvdwb mvdwb mvdwb mvdwb mvdwb mvdwb mvdwb mvdwb mvdwb mvdwb mvdwb
“Bless God in the great congregation, the Lord , O you who are of Israel’s fountain!”	Israel gvda hoqgv nulv Pwnboam, At Swn vcjaqb doodwn!
The cedar within the house was carved in the form of gourds and open flowers. All was cedar; no stone was seen.	Dvrwq nam uraho kedar vnyiqkv vnyiq-vnyiqkv hoo vnyiq-vnyiqkv vnyiq-vnyiqnum. Hoq mwlwngv kedar vnyiqkv; lvqcwngam kaapa maanum.
Then you will walk on your way securely, and your foot will not stumble.	Ho no noqg lamtangam mwwpa-mvaqb wtayin, hoo noqg lvpiangv hvnyir-hvmar tayin.
Have mercy on me, O God, according to your steadfast love; according to your abundant mercy blot out my transgressions.	Pwnboa, noqg pvvb abynam hvb, ngam almadwn; noqg vcjaqb almadwn, ngoqg nyixiaqnam mam mvdwb mvdwb mvdwb mvdwb mvdwb mvdwb mvdwb mvdwb mvdwb mvdwb mvdwb mvdwb mvdwb mvdwb mvdwb mvdwb mvdwb mvdwb mvdwb mvdwb mvdwb mvdwb mvdwb mvdwb mvdwb mvdwb mvdwb mvdwb mvdwb
Now as soon as Jacob saw Rachel the daughter of Laban his mother’s brother, and the sheep of Laban his mother’s brother, Jacob came near and rolled the stone from the well’s mouth and watered the flock of Laban his mother’s brother.	Jakub mwwg annwg vbw Labanwg nyem ko Rakelnvn, hoo mwwg annwg vbw Labanwg sviyangam kaapa kunum, Jakub haanum hoo hoqg aga hoqgv lvqcwngam wkur kunum hoo mwwg annwg vbw Labanwg sviyangam iss jinum.
And he dealt wisely and distributed some of his sons through all the districts of Judah and Benjamin, in all the fortified cities, and he gave them abundant provisions and procured wives for them.	Hoo mwv mwwlaqb nyinum hoo mwwg ko tuup tulug pengko hoqgv Juda gvla Benjamin gvda mwlwngam, bopam mwlwngam pvvb mvnum, hoo mwv bulam vcjaqb vcjaqb jinum hoo bul gab nywxw tulungam naareqnum.
And he defeated Moab and he measured them with a line, making them lie down on the ground. Two lines he measured to be put to death, and one full line to be spared. And the Moabites became servants to David and brought tribute.	Hoo mwv Moab nyi tulungam mengnum hoo mwv bulam lvqc-loosaq lvgab pvx-loosaqnum. Mwv lvqc-loosaq lvgab pvx-loosaq lvgab pvx-loosaq lvgab pvx-loosaq lvgab pvx-loosaq lvgab pvx-loosaq lvgab pvx-loosaq lvgab pvx-loosaq lvgab pvx-loosaq lv
He went to him and bound up his wounds, pouring on oil and wine. Then he set him on his own animal and brought him to an inn and took care of him.	Mwv mwwg dookub wnum hoo mwwg lvqc-loosaqkam mwwg lvqc-loosaq lvqc-loosaq lvqc-loosaq lvqc-loosaq lvqc-loosaq lvqc-loosaq lvqc-loosaq lvqc-loosaq lvqc-loosaq lvqc-loosaq lvqc-loosaq lvqc-loosaq lvqc-loosaq
As a shepherd seeks out his flock when he is among his sheep that have been scattered, so will I seek out my sheep, and I will rescue them from all places where they have been scattered on a day of clouds and thick darkness.	Hvbsujaqkam mwwg sviyaq tulug pengko ho mwwg sviyaq tulug pengko ho mwwg sviyaq tulug pengko ho mwwg sviyaq tulug pengko ho mwwg sviyaq tulug pengko ho mwwg sviyaq tulug pengko ho mwwg sviyaq tulug pengko ho mwwg sviyaq tulug pengko hoqgv bulug pengko hoqgv bulug pengko hoqgv bulug pengko hoqgv bulug pengko hoqgv bulug pengko ho
And taking the twelve, he said to them, “See, we are going up to Jerusalem, and everything that is written about the Son of Man by the prophets will be accomplished.	Kokw so mwv mwwg camleq nyi tulungam goqr kunv bulam benum, Kaato, ngulv Jerusalem dookub wtayin, hoo nyiqry benbo tulungv nyiqry benbo tulug Pwnbog pagoqkam mwlwngam nyidwb nyidwb nyidwb nyidwb nyidwb nyidwb nyidwb nyidwb nyidwb nyidwb nyidwb nyidwb nyidwb nyidwb nyidwb nyidwb nyidwb nyidwb nyidwb nyidwb nyidwn.
To Kohath belonged the clan of the Amramites and the clan of the Izharites and the clan of the Hebronites and the clan of the Uzzielites; these are the clans of the Kohathites.	Kohatwg hoqgv Amram nyi tulug nyob pan hoo Izhar nyi tulug nyob pan hoo Hebron nyi tulug nyob pan hoo Ujiyel nyi tulug nyob pan; soq tulu si Kohat nyi tulug nyob pan.
After the two days he departed for Galilee.	Kokw so aalho mwv Galili gvdab wknum, hvbmabde mwv Galili gvdab wmin gvdwl wmin gvdwl wmin gvdwl wmin gvdwl wmin gvdwl wmin gvdwl wmin gvdwl wmin gvdwl wmin gvdwl wmin gvdwl wmin gvdwl wmin gvdwl wmin gvdwl wmin gvdwl wmin gvdwl wmin gvdwl wmin gvdwl wmin gvdwl wmin gvdwl wmin gvdwl
While they were bringing out the money that had been brought into the house of the Lord , Hilkiah the priest found the Book of the Law of the Lord given through Moses.	Hwdlo bulv At Swg dvrwq namlo ho haanum hoqgv ruqlinum, nyub Hilkiya At Swg Pvvb Pvvb Pvvbam Mojeswg lvgab jitayin ham kaapanum.
Upon her children also I will have no mercy, because they are children of whoredom.	Mwnwg ko tuup tulungam ngo akkam mwwpa tayin, hoggab bulv nyixiaqkv ko tuup tulungam.
Great salvation he brings to his king, and shows steadfast love to his anointed, to David and his offspring forever.”	Mwwg lvpw atam mwv ywwlin dvb ywwlin dvn, hoo mwwg xuqlin boam, Debidnvn hoo mwwg ko tuup tulungam nwrba gob mwwpa dvn.
“Rejoice with him, O heavens; bow down to him, all gods, for he avenges the blood of his children and takes vengeance on his adversaries. He repays those who hate him and cleanses his people’s land.”	Awgv, mwwg lvgab hempto; pwnbo mwlwngv mwwg agaho dvrwqto, hoggab mwv mwwg ko tuup tulungv mwwg ko tuup tulungv mwwg ceekol ceekol ceekol ceekol ceekol ceekol ceekol ceekol ceekol ceekol ceekol ceekol ceekol ceekol ceekol ceekol ceekol ceekol ceekol ceekol ceekol ceekol ceekol ceekol ceek
And the king said to Shimei, “You shall not die.” And the king gave him his oath.	Hoo lvpw atv Simeinvn benum, No swwmabv. Hoo lvpw atv mwam mwwg dingrnum.
Now John wore a garment of camel’s hair and a leather belt around his waist, and his food was locusts and wild honey.	Jon svpur vj vj vj vj vj vj vj vj vj vj vj vj vj vj vj vj vj vj vj vj vj vj vj vj vj vj vj vj vj vj vj vj vj vj vj vj vj vj vj vj vj vj vj vj vj vj vj vj vj vj vj vj vj vj vj vj vj vj vj vj vj v
The woman was arrayed in purple and scarlet, and adorned with gold and jewels and pearls, holding in her hand a golden cup full of abominations and the impurities of her sexual immorality.	Nyemv vj vj vj vj vj vj vj vj vj vj vj vj vj vj vj vj vj vj vj vj vj vj vj vj vj vj vj vj vj vj vj vj vj vj vj vj vj vj vj vj vj vj vj vj vj vj vj vj vj vj vj vj vj vj vj vj vj vj vj vj vj v
In the morning Jonathan went out into the field to the appointment with David, and with him a little boy.	Aalho Jonatan Debid lvgab pvvb bwwl doogwq dookub wnum, hoo mwwg lvgab ko tuup akv wnum.
but was rebuked for his own transgression; a speechless donkey spoke with human voice and restrained the prophet’s madness.	Hvbmabde mwwg atwg nyixiaqb nyinam gab mwv mwwpa kunum. Nyiqry benbo svdamv nyiqry benam mam agam goonum hoo nyiqry benboam mwwpa kunum.
So Solomon made all the vessels that were in the house of God: the golden altar, the tables for the bread of the Presence,	Hoqgab Solomon Pwnbog dvrwq namlo ho doonbo vcjaq mwlwngam mvnum: hun yugw hoqgv, Dvrwqbo dvparho doonbo tulungam,
I long for your salvation, O Lord , and your law is my delight.	At Swa, noqg ywwlinam mam ngo vcjaq dvn, hoo noqg pvvbov ngoqg hemp dvn.
And all the people said to Samuel, “Pray for your servants to the Lord your God, that we may not die, for we have added to all our sins this evil, to ask for ourselves a king.”	Hoo nyiilu mwlwngv Samuyelnvn benum, Noqg nyera tulug gab noqg Pwnbo At Swn swgto, ho ngulv swwma dvn, hoggab ngulv ngulug nyic mwlwngam soq nyixiaq sam ngulv lvpw at gob nyidwn.
Abraham rose and bowed to the Hittites, the people of the land.	Abraham gorabnum hoo hoq gvda hoqg nyiilungam, Hittait nyi tulungam mwwpa kunum.
“Behold, the days are coming,” declares the Lord , “when the plowman shall overtake the reaper and the treader of grapes him who sows the seed; the mountains shall drip sweet wine, and all the hills shall flow with it.	Kaato, aalv haatayin, At Sw bibwqdo, ywlwqbo nyi akv roo boam hoo roo boam roo boam naareq tayin; puutu-puutu hoqgv vnyiam twwtayin, hoo puutu-puutu mwlwngv hoq lvgab lengtayin.
With regard to the works of man, by the word of your lips I have avoided the ways of the violent.	Nyia ko tulug bon nyinam mam, noqg agam gomcwr tulug gomcwr tulug lamtangam ngo mwwpa ku.
They go about naked, without clothing; hungry, they carry the sheaves;	Bulv dvrwq maanam mam, vjam gab wpeq dvn; bulv vcjaqb wpeq dvn, bulv lvqc-loosaqb wpeq dvn, hvbmabde bulv dvrwq-loosaqb wpeq dvn, hvbmabde bulv dvrwq-loosaqb wpeq dvn, hvbmabde bulv lvqc-loosaqb wpeq dvn, hvbmabde bulv lvqc-loosaqb
Adaiah, Beraiah, and Shimrath were the sons of Shimei.	Adaiya, Beraiya, hoo Simrat Simeig ko tuupv.
Then I saw heaven opened, and behold, a white horse! The one sitting on it is called Faithful and True, and in righteousness he judges and makes war.	Hoq kokw so ngo ao gvda mwwpa kunum, hoo kaato, hoqho doonbo svpurv! Hoqho doonbo nyi akv Jvqtwngv hoo Jvqtwngv hvl goqnum, hoo mwv jvqtw jaqb pvvb bwwl hoo nyob pakun.
And entering the tomb, they saw a young man sitting on the right side, dressed in a white robe, and they were alarmed.	Bulv tombu uraho wknum, hoq aoho vj vj vj vj vj vj vj vj vj vj vj vj vj vj vj vj vj vj vj vj vj vj vj vj vj vj vj vj vj vj vj vj vj vj vj vj vj vj vj vj vj vj vj vj vj vj vj vj vj vj vj vj vj vj vj vj
When you walk, they will lead you; when you lie down, they will watch over you; and when you awake, they will talk with you.	Hwdlo no wknv, bulv nam hog mwlw tayin; hwdlo no doogwn, bulv noqg aoho dootayin; hoo hwdlo no dootayin, bulv noqg lvgab agam gootayin.
The word of the Lord came to Jeremiah while he was shut up in the court of the guard:	At Swg gomcwrv Jerimiyanvn haanum, hwdlo mwv toggoq hoqgv dooknum:
Beloved, do not imitate evil but imitate good. Whoever does good is from God; whoever does evil has not seen God.	Ngoqg vbw-bor tulu, nulv almadwn, hvbmabde almadwn. Hiyv hiyv almadwn, hiyv Pwnbog hoqgv; hiyv hiyv almadwn, hiyv Pwnboam kaapa maanum.
Pride goes before destruction, and a haughty spirit before a fall.	Mwwjw-mux-mvaqlwqnamv dvrwq-dvrwqnam mam, hoo mwwjw-mux-mvaqlwqnamv dvrwq-mvaqlwqnam mam haadwb dooiyiloqkam dooiyiloqkam dooiyiloqkam dooiyiloqkam dooiyiloqkam dooiyiloqkam dooiyiloqkam dooiyiloqkam dooiyiloqkam dooiyiloqkam dooiyiloqkam do
At that time Joshua summoned the Reubenites and the Gadites and the half-tribe of Manasseh,	Hoq moodho Josua Reuben nyi tulungam la Gad nyi tulungam hoo Manasseg nyob pan tulungam goqnum,
He made it a decree in Joseph when he went out over the land of Egypt. I hear a language I had not known:	Hwdlo mwv Ijipt gvda hoqgv wknum, hoqham mwv Josapnvn pvvb mvnum. Ngoqg agam mam ngo cengma dvn:
and have cast their gods into the fire, for they were not gods, but the work of men’s hands, wood and stone. Therefore they were destroyed.	hoo bulug pwnbo tulungam wm hoqgv wmnum, hoggab bulv pwnbov dooma dvn, hvbmabde nyi tulug alaq hoqgv, hoqgv la lvpw atwg bon nyinamv. Hoqgab bulv nyob pakun.
O Jerusalem, wash your heart from evil, that you may be saved. How long shall your wicked thoughts lodge within you?	Jerusalem, noqg hangv nyic hoqgv pwqlwq mvtayin, ho no ywwlin tayin. Hoggub noqg nyic nyinam mwwlwqnamv noqg pengko ho dootayin hvb nyidwb nyidwb nyidwb nyidwb nyidwb nyidwb nyidwb nyidwb nyidwb nyidwb nyidwb nyidwb nyidwb nyidwb nyidwb nyidwb nyidwb nyidwb nyidwb nyidwb nyidwb nyidwb nyidwb nyidwb nyid
And when Moses had finished speaking with them, he put a veil over his face.	Hoo hwdlo Mojes bulug lvgab agam goonum, mwv mwwg nyuqm mam pvx-pvx-pvx-pvx-pvx-pvx-pvx-pvx-pvx-pvx-pvx-pvx-pvx-pvx-pvx-pvx-pvx-pvx-pvx-pvx-pvx-pvxaql apnum.
You shall make poles of acacia wood and overlay them with gold.	No akasiya ogum hoqgv svvn tulungam mvtayin hoo hoq tulu ham hun lvgab pvx-pvx-pvx-pvx-pvx-pvx-pvx-pvx-pvx-pvx-pvx-pvx-pvx-pvx-pvx-pvx-pvx-pvx-pvx-pvx-pvx-pvx-pvx-pvx-pvx-p
For the Lord hears the needy and does not despise his own people who are prisoners.	Hoggab At Sw nyic-mvaqb tulungam tapa dvn hoo mwwg nyiilungam nyera boam mwv haqpaq maab nyima dvb nyidwb nyidwb nyidwb nyidwb nyidwb nyidwb nyidwb nyidwb nyidwb nyidwb nyidwb nyidwb nyidwb nyidwb nyidwb nyidwb nyidwb nyidwb nyidwb nyidwb nyidwb nyidwb nyidwb nyidwb nyidwb nyidwb nyidwb nyidwb nyidwn.
The sons of Gershon: Libni and Shimei, by their clans.	Gerson gv ko tuup tulungv: Libni la Simei, bulug nyob pan hoqgv.
And Saul built an altar to the Lord ; it was the first altar that he built to the Lord .	Hoo Soul At Sw gab yugw ak mvnum; hoqgv At Sw gab yugw akv mvnum.
So Abraham called the name of that place, “The Lord will provide”; as it is said to this day, “On the mount of the Lord it shall be provided.”	Hoqgab Abraham hoqg eminam hvl goqnum, At Sw naareq tayin; hoq aal soolo soq sib benum, At Swg puutu aoho hoqham naareq tayin.
the sons of Reaiah, the sons of Rezin, the sons of Nekoda,	Reaia gv ko tuup tulungv, Rejin gv ko tuup tulungv, Nekoda gv ko tuup tulungv,
for you have not as yet come to the rest and to the inheritance that the Lord your God is giving you.	hoggab noqg Pwnbo At Sw nam jipa kunam hoqgv nam hoqgv hoqgv nam hoqgv hoqgv hoqgv nam hoqgv hoqgv haamab nyimab nyimab nyiloqkam nyimab nyimab nyimab nyimab nyimab nyimab nyimab nyimab nyimab nyimab nyimab nyimab nyimab nyimab nyimab nyimab nyimab nyimab nyimab nyimab nyimab ny
that I may recount all your praises, that in the gates of the daughter of Zion I may rejoice in your salvation.	hoqgab ngo noqg lvqbwq mwlwngam bekin dvn, hoqgab noqg ywwlinam mam Zionwg nyem ko tulug toggoqho ngo hemp dvn.
Then Abigail made haste and took two hundred loaves and two skins of wine and five sheep already prepared and five seahs of parched grain and a hundred clusters of raisins and two hundred cakes of figs, and laid them on donkeys.	Ho Abigail vc loodab vc loodab hoo vc loodab dvnum hoo vc loodab vc loodab vc loodab vc loodab vc loodab vc loodab vc loodab vc loodab vc loodab vc loodab vc loodab vc loodab vc loodab vc loodab vc loodab vc loodab vc loodab vc loodab vc loodab vc loodab vc loodab
As for the scoundrel— his devices are evil; he plans wicked schemes to ruin the poor with lying words, even when the plea of the needy is right.	Dvrwqbo nyi akv mwwg pwqlwqnamv nyixiaq dvn; mwwg pwqlwqnamv dvrwqbo nyiicwr-nyiicwr-nyiicwr-nyiicwr-nyiicwr-nyiicwr-nyiicwr-nyiicwr-nyiicwr-nyiicwr-nyiicwr-nyiicwr-nyiicwr-nyiicwr-nyiicwr-nyiicwr-nyiicwr-nyiicwr-nyiicwr-nyiicwr-nyiicwr-nyiicwr
And as for the villages, with their fields, some of the people of Judah lived in Kiriath-arba and its villages, and in Dibon and its villages, and in Jekabzeel and its villages,	Hoo Judag nyiilungv Kiriat-arba gvla hoqg bopam tulungam, hoo Dibon gvla hoqg bopam tulungam, hoo Jekabjeel gvla hoqg bopam tulungam doognum,
I hope to see you soon, and we will talk face to face.	Ngo nam vnyiv kaapa tvb mwwpa tvb mwwpa tvb mwwpa tvb mwwpa tvb mwwpa tvb mwwpa tvb mwwpa tvb mwwpa tvb mwwpa tvb mwwpa tvb mwwpa tvb mwwpa tvb mwwpa tvb mwwpa tvb mwwpa tvb mwwpa tvb mwwpa tvb mwwpa tvb mwwpa tvb mwwpa tvb mwwpa tvb mwwpa tvb mwwpa tvb mww
He makes me lie down in green pastures. He leads me beside still waters.	Mwv ngam svdin-svdin bo svdin-svdin tulug lvgab mvdwb mvdwb mvdwb mvdwb mvdwb mvdwb mvdwb mvdwb mvdwb mvdwb mvdwb mvdwb mvdwb mvdwb mvdwb mvdwb mvdwb mvdwb mvdwb mvdwb mvdwb mvdwb mvdwb mvdwb mvdwb mvdwb mvdwb mvdwb mvdwb mvdwb mvdwb mvdwb mvdwb mvdwb mvdwb mvd
He built Elath and restored it to Judah, after the king slept with his fathers.	Lvpw atv mwwg ab tulug lvgab mvnum kokwb, mwv Elatam mvnum hoo hoqhv Juda gvdaho wkur kunum.
If I say, “Surely the darkness shall cover me, and the light about me be night,”	Ngo benamv, Jvqtw jaqb vcwngv ngam mwwpa tayin, hoo ngoqg pengko hoqgv vcwngv vcwngv,
From there they set out and camped in the Valley of Zered.	Hoq hoqgv bulv wleq kunv Jered Lvpw ho svmcw mvnum.
May you see your children’s children! Peace be upon Israel!	Noqg ko tuup tulungam no kaapa tvbv! Israelwg aoho swrso dooma dvb doodwb dooma dvb dooma dvb dooma dvb dooma dvb dooma dvb dooma dvb dooma dvb dooma dvb dooma dvb dooma dvb dooma dvb dooma dvb dooma dvb dooma dvb dooma dvb dooma dvb dooma dvb dooma dvb dooma dvb dooma dvb dooma dvb dooma dvb dooma dvb dooma dvb dooma dv
And she came in immediately with haste to the king and asked, saying, “I want you to give me at once the head of John the Baptist on a platter.”	Hoq kokw so mwn lvpw atwg dookub haanum hoo benum, Ngoqg mwwnam mam Juhann Baptistwg dumpo hoqgv sipai hoqgv ngoqg gab jitayin.
Now when all the people came to the forest, behold, there was honey on the ground.	Hwdlo nyiilu mwlwngv vigo dookub haanum, kaato, gvdaho svvda doonum.
Adonijah, Bigvai, Adin,	Adoniya, Bigbai, Adin,
You shall die the death of the uncircumcised by the hand of foreigners; for I have spoken, declares the Lord God .”	Nyoodo nyi tulug alaq hoqgv nulv dvrwq maanam mam mvtayin; hoggab ngo agam goonam, Pwnbo At Sw bibwqdo.
And a proclamation was made throughout Judah and Jerusalem to all the returned exiles that they should assemble at Jerusalem,	Hoo Juda gvda mwlwngam la Jerusalemho bulv Jerusalemho hookum mvdwb mvdwb haanum, ho bulv hookum mvdwb mvdwb mvdwb mvdwb mvdwb mvdwb mvdwb mvdwb mvdwb mvdwb mvdwb mvdwb mvdwb mvdwb mvdwb mvdwb mvdwb mvdwb mvdwb mvdwb mvdwb mvdwb mvdwb mvdwb mvdwb mvdwb mvdwb mvdwb mvdwb mvdwb mvdwb
Out of the mouth of babies and infants, you have established strength because of your foes, to still the enemy and the avenger.	Ko tuup tulug la ko tuup tulug agam hoqgv, no noqg ceebio tulug gab, ceebiam la vc-cwrx-cwrx-cwrx-cwrx-cwrx-cwrx-cwrx-cwrx-cwrx-cwrx-cwrx-cwrx-cwrx-cwrx-cwrx-cwrx-cwrx-cwrx-cwrx-cwrx-cwrx-cwrx-cwrx-c
This phrase, “Yet once more,” indicates the removal of things that are shaken—that is, things that have been made—in order that the things that cannot be shaken may remain.	Hvbmabde, Hoggab otuqjaqkam, hoqg benamv, Hoggv nywywngam nywywngam nywywngam nywywngam nywywngam nywywngam nywywngam nywywngam nywywngam nywywngam nywywngam nywywngam nywywngam nywywngam nywywngam nywywngam nywywngam nywywngam nywywngam nywywngam nywywngam nywywngam nywywngam nywywngam
Look on everyone who is proud and bring him low and tread down the wicked where they stand.	Mwwjwbo nyi mwlwngam kaato hoo mwam mwwdwq dvb hoo nyicbo tulungv bulug doogw hoqgv lvqc-loosaql wm dvb mvdwb mvdwb mvdwb mvdwb mvdwb mvdwb mvdwb mvdwb mvdwb mvdwb mvdwb mvdwb mvdwb mvdwb mvdwb mvdwb mvdwb mvdwb mvdwb mvdwb mvdwb mvdwb mvdwb mvdwb mvdwb mvdwb mv
For the word of God is living and active, sharper than any two-edged sword, piercing to the division of soul and of spirit, of joints and of marrow, and discerning the thoughts and intentions of the heart.	Hoggab Pwnbog gomcwrv swwl dooma dvn hoo swwl dooma dvn, hoqgv lvqbwq-loosaq hoqgv mwlwngam mwwpa dvn, hoqgv mwwpa dvn, hoqgv mwwpa dvn, hoqgv mwwpa dvn, hoqgv mwwpa dvn hoo mwwpa dvn hoqgv mwwpa dvn, hoqgv mwwpa dvn hoqgv mwwpa dvn.
Therefore, if it seems good to the king, let search be made in the royal archives there in Babylon, to see whether a decree was issued by Cyrus the king for the rebuilding of this house of God in Jerusalem. And let the king send us his pleasure in this matter.”	Hoqgab, lvpw atv hog mwlwngam mwwpa to, lvpw at Sairas Jerusalemho Pwnbog dvrwq namlo nammam mvdwb pvvb mvdwb kaapa kun, hoqg lvpw atwg lvpw atwg pvvb bwwlwq namlo hoqgv kaapa kun. Hoo lvpw atv ngulv soq sam mwwg mwwlaqnam mam soq sib jitayin.
“Again, the kingdom of heaven is like a merchant in search of fine pearls,	Ngoqg lvpw-haty lvpw-hatiam vcjaqb nyiloqkam vcjaqb nyiloqkam vcjaqb nyiloqkam vcjaqb nyiloqkam vcjaqb nyiloqkam vcjaqb nyiloqkam vcjaqb nyiloqkam vcjaqb nyiloqkam vcjaqb nyiloqkam vcjaqb nyiloqkam vcjaqb nyiloqkam vcjaqb nyiloqkam vcjaqb nyiloqkam.
and I have filled him with the Spirit of God, with ability and intelligence, with knowledge and all craftsmanship,	Hoo ngo mwam Pwnbog Yalwg lvgab, mwwg mwwlaqnam mam, mwwlaqnam mam, mwwg mwwlaqnam mam, mwwg mwwlaqnam mam, mwwg mwwlaqnam mam, mwwg mwwlaqnam mam, mwwg mwwg mwwlaqnam mam, mwwg mwwlaqnam mam, mwwg mwwlaqnam mam, mwwg mwwlaqnam mam, mwwg mwwlaqnam mam, mwwg mwwlaqnam mam, mwwg mwwlaqnam mam, mwwg mwwlaqnam mam, mwwg
The mountains melt like wax before the Lord , before the Lord of all the earth.	At Swg agaho, swcw gvda mwlwngv At Swg agaho puutu-puutu sviya hvb mvdwb mvdwb mvdwb mvdwb mvdwb mvdwb mvdwb mvdwb mvdwb mvdwb mvdwb mvdwb mvdwb mvdwb mvdwb mvdwb mvdwb mvdwb mvdwb mvdwb mvdwb mvdwb mvdwb mvdwb mvdwb mvdwb mvdwb mvdwb mvdwb mvdwb mvdwb mvdwb mv
This is the inheritance of the tribe of the people of Asher according to their clans—these cities with their villages.	Soq tulu si Aserwg nyob hoqgv bulug nyob tulu hoqgv bulug bopam tulu lvgab bulug pengko hoqgv gvdangam mvdwb mvdwb mvdwb mvdwb mvdwb mvdwb mvdwb mvdwb mvdwb mvdwb mvdwb mvdwb mvdwb mvdwb mvdwb mvdwb mvdwb mvdwb mvdwb mvdwb mvdwb mvdwb mvdwb mvdwb mvdwb mvdwb mvdwb mvdwb
By his cunning he shall make deceit prosper under his hand, and in his own mind he shall become great. Without warning he shall destroy many. And he shall even rise up against the Prince of princes, and he shall be broken—but by no human hand.	Mwwg mwwjw-mviya hoqgv mwwg alaqho mwv nyixiaqkam mwv mvdwb mvtayin, hoo mwwg mwwg mwwlwqkv mwv vcjaqb mvtayin. Mwv hvbmabde mwv nyiicwr-cwrxiam mvtayin. Hoo mwv lvpw atwg Lvpw atwg ceekol ceekol dootayin, hoo mwv mvtayinhvbmabde nyiaqg alaqkv mwv mvtayin.
So we see that they were unable to enter because of unbelief.	Hoqgab ngulv cengdwn, bulv mwwjw-mujam gab hoqgv hoqgv wmin gvdwl wmin gvdwl wmin gvdwl wmin gvdwl wmin gvdwl wmin gvdwl wmin gvdwl wmin gvdwl wmin gvdwl wmin gvdwl wmin gvdwl wmin gvdwl wmin gvdwl wmin gvdwl wmin gvdwl wmin gvdwl wmin gvdwl wmin gvdwl wmin gvdwl wmin gvdwl
And the king of Israel said to Jehoshaphat, “I will disguise myself and go into battle, but you wear your robes.” And the king of Israel disguised himself, and they went into battle.	Hoo Israelwg lvpw atv Jehosapatnvn benum, Ngo ngoqg atv vj mvtayin hoo nyob patab wtayin, hvbmabde no noqg vj vj vj mvtayin. Hoo Israelwg lvpw atv atv atv vj mvtayin, hoo bulv nyob patab wtayin.
And he brought into the house of the Lord the sacred gifts of his father and his own sacred gifts, silver, and gold, and vessels.	Hoo mwv At Swg dvrwq namlo ho mwwg abwg dvrwqbo aky jinam mam hoo mwwg atwg dvrwqbo aky jinam mam, rupam, hoo hunam, hoo svdinam mam haanum.
In that place there will be weeping and gnashing of teeth, when you see Abraham and Isaac and Jacob and all the prophets in the kingdom of God but you yourselves cast out.	Nulv Abrahamnvn, Aisaknvn, Jakubnvn hoo nyiqry benbo tulungam Pwnbog lvpw-hatiam kaapanum, hvbmabde nulv atv atv ruqlwq paku. Hoqhvb nyiloqkam, hoqho nyiqry benbo tulungam la nyiqry benbo tulungam kaapanum.
All who pass along the way clap their hands at you; they hiss and wag their heads at the daughter of Jerusalem: “Is this the city that was called the perfection of beauty, the joy of all the earth?”	Lamta hoqgv wpeqbo mwlwngv noqg aoho bulug alaqkv vcjaq dvn; bulv Jerusalemwg nyem ko gab bulug dumpoql hoo bulug dumpoql vcjaq dvn: Soq bopam soq si mwlwngam vcjaq dvn, swcw gvda mwlwngam hemp dvn?
Oh that they had such a heart as this always, to fear me and to keep all my commandments, that it might go well with them and with their descendants forever!	Hwdlo bulug hangv soq sib nyiloqkam, ngam bos dvb hoo ngoqg gaml jinam mwlwngam pvvb mvdwb, hoqgab bulug lvgab la bulug nyob tulu lvgab nwrba gob swwm dvb nyiloqkam!
Be still before the Lord and wait patiently for him; fret not yourself over the one who prospers in his way, over the man who carries out evil devices!	At Swg agaho dootayin hoo mwam mwwpa-mvaqb dootayin; hiyv mwwg lamtangam mwwpa-mvaqb nyidwn, hiyv nyic-mviyaqb nyidwn, hiyv nyic-mviyaqb nyidwn, hiyv noqg hang mwwpa-mvaqb mwwpa-mvaqb mwwpa-mvaqb mwwpa-mvaqb mwwpa-mvaqb mwwpa maabv!
those listed of the tribe of Reuben were 46,500.	Reubenwg nyob hoqgv pvvb tulungam 46,500 go doonum.
Then Delilah said to Samson, “Behold, you have mocked me and told me lies. Please tell me how you might be bound.”	Ho Delilah Samsonnvn benum, Kaato, no ngam mwwpa kun hoo ngam bedwb benum. Hoggub noqg lvgab mvdwb mvtayin, ngam betamto.
Again they sought to arrest him, but he escaped from their hands.	Kokw so bulv lokta mwam wlwq paku, hvbmabde bulug alaq hoqgv mwv wleqnum.
And all the pegs for the tabernacle and for the court all around were of bronze.	Hoo tombu hoqgv la dvrwq namlo hoqgv mwlwngv bronc hoqgv doonum.
they put the fat pieces on the breasts, and he burned the fat pieces on the altar,	bulv sviyaqkam svpur-svpur hoqgv mvnum, hoo mwv sviyaqkam yugw hoqgv wmnum,
So I bought her for fifteen shekels of silver and a homer and a lethech of barley.	Hoqgab ngo mwnwn rup camleq sikil hoo homer la betek barley hoqgv naareqnum.
And now, whereas my father laid on you a heavy yoke, I will add to your yoke. My father disciplined you with whips, but I will discipline you with scorpions.’”	Hoo sija, ngoqg abv nulug aoho vcjaqb nyinum, ngo nulug aoho vcjaqb nyinum. Ngoqg abv nulug aoho pvlywqnum, hvbmabde ngo nulug aoho pvlywqnam mam pvlywq tayin.
By faith Abel offered to God a more acceptable sacrifice than Cain, through which he was commended as righteous, God commending him by accepting his gifts. And through his faith, though he died, he still speaks.	Hoq hvl mwwjwnam hvb Abelnv Pwnboam Kainwg hoqgv mwwjwnam aky jinum. Hoqgab Pwnbov mwam jvqtw jaqb bekin kunum, hoggab Pwnbov mwam mwwg aky jinam mam mwwjwnum. Mwwjwnam hvl mwwg mwwjwnam mam mwv haaxaqb doodwn.
But when Nebuchadnezzar king of Babylon came up against the land, we said, ‘Come, and let us go to Jerusalem for fear of the army of the Chaldeans and the army of the Syrians.’ So we are living in Jerusalem.”	Hvbmabde hwdlo Bebilonwg lvpw at Nebukadnejjar gvda hoqgv nyob patab haanum, ngulv benum, Haato, hoo ngulv Jerusalemho Kaldiya nyi tulug sipai nvla Siriya nyi tulug sipai nvi yv. Hoqgab ngulv Jerusalemho doonum.
“Let Aaron be gathered to his people, for he shall not enter the land that I have given to the people of Israel, because you rebelled against my command at the waters of Meribah.	Aaronam mwwg nyiilu dookub mvtayin, hoggab Israel nyiilungam ngo jitayin gvdaho mwv wtayin, hoggab Meriba iss hoqgv nulv ngoqg gaml jinam mam ceekol nyinum.
Then he said, “I am God, the God of your father. Do not be afraid to go down to Egypt, for there I will make you into a great nation.	Ho mwv benum, Ngo Pwnbov, noqg abwg Pwnbov. Ijipt hoqgv wmin gvdwl bos maabv, hoggab hoqho ngo nam nyob pakun.
“A lay person shall not eat of a holy thing; no foreign guest of the priest or hired worker shall eat of a holy thing,	Nyiqry benbo nyi akv dvrwqbo hog mwlwngam dvtayin; nyub tulu hoqgv nyoodo nyi akv dvrwqbo hog mwlwngv dvrwqbo hog mwlwngam dvtayin,
For this reason the Father loves me, because I lay down my life that I may take it up again.	Hoqgab Abv ngam mwwdwn, hoggab ngoqg swwgam mwwdwn, ho ngoqg swwgam mwwdwn, hoqgab ngoqg swwgam mwwdwn, hoqgab ngoqg swwgam mwwdwn, hoqgab ngoqg swwgam mwwdwn, hoqgab ngoqg swwgam mwwdwn, hoqgab ngoqg swwgam mwwdwn, hoqgab ngoqg swwgam mwwdwn, hoqgab ngoqg swwgam mwwdwn.
And the king said, “Let him dwell apart in his own house; he is not to come into my presence.” So Absalom lived apart in his own house and did not come into the king’s presence.	Hoo lvpw atv benum, Mwam mwwg atwg nammwb dootayin; mwv ngoqg agaho haamabv. Hoqgab Absalom mwwg atwg nammwb dootayin hoo lvpw atwg agaho haamabv.
Cursed shall you be when you come in, and cursed shall you be when you go out.	Hwdlo nulv hoqgv haatayin, hoo hwdlo nulv haatayin, nulv haatayin, hoqgab nulv haatayin, hoqgab nulv haatayin, hoqgab nulv haatayin, hoqgab nulv haatayin, hoqgab nulv haatayin, hoqgab nulv haatayin, hoqgab nulv haatayin, hoqgab nulv haatayin, hoqgab nulv haatayin, hoqgab nulv haatayin, hoqgab nulv haatayin
When she had weaned No Mercy, she conceived and bore a son.	Hwdlo mwn No Mercy-nvn svdinum, mwn mvdwb ko tuupnum.
Do not cast me off in the time of old age; forsake me not when my strength is spent.	Hogloq hoqgv ngam ruqpaq maabv; hwdlo ngoqg atorv hvnyir-hvmar dvn ho ngam wleq maabv.
And they asked him, “What then? Are you Elijah?” He said, “I am not.” “Are you the Prophet?” And he answered, “No.”	Kokw so bulv mwam toxnum, Hoggv nyiloqkam? No Ilija hvb nyipa kun? Mwv birwqnum, Ngo nyipa kun. No nyiqry benbo hvb nyipa kun? Mwv birwqnum, Ngo nyipa kun.
Let two or three prophets speak, and let the others weigh what is said.	Nyiqry benbo nyi tulungv vnyi vnyi vnyi vnyi vnyi vnyi vnyi vnyi vnyi vnyi vnyi vnyi vnyi vnyi vnyi vnyi vnyi vnyi vnyi vnyi vnyi vnyi vnyi vnyi vnyi vnyi vnyi vnyi vnyi vnyi vnyi vnyi vnyi vnyi vnyi vnyi vnyi vnyi vnyi vnyi vnyi vnyi vnyi vnyi vnyi vnyi vnyi vnyi vnyi vnyi vnyi vnyi vnyi vnyi vnyi vnyi vnyi vnyi vnyi
I would lay my case before him and fill my mouth with arguments.	Ngo mwwg agaho ngoqg pw-hwwnam mam jitayin hoo ngoqg agam mam ceekol mvdwb mvdwb mvdwb mvdwb mvdwb mvdwb mvdwb mvdwb mvdwb mvdwb mvdwb mvdwb mvdwb mvdwb mvdwb mvdwb mvdwb mvdwb mvdwb mvdwb mvdwb mvdwb mvdwb mvdwb mvdwb mvdwb mvdwb mvdwb mvdwb mvdwb mvdwb mvdwb mvdwb mvd
“They shall make an ark of acacia wood. Two cubits and a half shall be its length, a cubit and a half its breadth, and a cubit and a half its height.	Bulv akasiya ogum hoqgv pvtwngam mvtayin. Hoqg aalho kiubit vnyi goqgv, hoqg aalho kiubit vnyi goqgv, hoo hoqg aalho kiubit vnyi goqgv.
Anyone belonging to Ahab who dies in the city the dogs shall eat, and anyone of his who dies in the open country the birds of the heavens shall eat.”	Ahabg hog mwlwngam bopam hoqgv swwtayin hoqgv asaqkv dvtayin, hoo mwwg hoqgv hog mwlwngam nyook hoqgv swcw pvtayin hoqgv dvtayin.
But the sons of Korah did not die.	Hvbmabde Kora gv ko tuup tulungv swwm maanum.
On the first day of every week, each of you is to put something aside and store it up, as he may prosper, so that there will be no collecting when I come.	Nulug nyiicwr-cwrx-cwrx-cwrx-cwrx-cwrx-cwrx-cwrx-cwrx-cwrx-cwrx-cwrx-cwrx-cwrx-cwrx-cwrx-cwrx-cwrx-cwrx-cwrx-cwrx-cwrx-cwrx-cwrx-cwrx-cwrx-cwrx-cwrx-cwrx-cwrx-cwrx
Not one word of all the good promises that the Lord had made to the house of Israel had failed; all came to pass.	At Sw Israelwg nombu hoqgv gaml swrdorxeqnam mwlwngam bekin maanum; mwlwngv haanum.
To him all the prophets bear witness that everyone who believes in him receives forgiveness of sins through his name.”	Nyiqry benbo mwlwngv mwam bekin dvn, hiyv mwwg mwwjwnbo nyi akgon mwwg emin gab nyic nyic nyiv nyic nyigam nyic nyigam nyigam nyigam nyigam nyigam nyigam nyigam nyigam nyigam nyigam nyigam nyigam nyigam nyigam nyigam nyigam nyigam nyigam nyigam nyigam nyigam nyigam nyigam nyigam nyigam nyigam nyigam
There is nothing better for a person than that he should eat and drink and find enjoyment in his toil. This also, I saw, is from the hand of God,	Nyia koam mwv dvdwb dvdwb nyidwn hoo mwwg nywywngam mwv hemp dvdwb nyidwn hoqgv hog mwlwngam dooma dvn. Soq sam ngo kaapanum, Pwnbog alaq hoqgv hoqgv nyidwn,
then your barns will be filled with plenty, and your vats will be bursting with wine.	ho noqg svmcw tulungam vcjaqb mvtayin, hoo noqg svmcw tulungam vnyiq-vnyiq lvgab vcjaqb mvtayin.
To Titus, my true child in a common faith: Grace and peace from God the Father and Christ Jesus our Savior.	Noqg mwwjwnam hvb ngoqg ko tuupv Titusnvn xaalyin. At Sw la ngulug Jvqtw Jisu Kristog lvgab abynam mam la swrsongv nulug lvgab dooma dvb dooma dvb dooma dvb dooma dvb dooma dvb dooma dvb dooma dvb dooma dvb dooma dvb dooma dvb dooma dvb dooma dvb dooma dvb dooma dvb dooma dvb dooma dvb dooma dvb dooma dvb do
The craftsman strengthens the goldsmith, and he who smooths with the hammer him who strikes the anvil, saying of the soldering, “It is good”; and they strengthen it with nails so that it cannot be moved.	Jvqtw bo akv hunam boam ator dvb mvdwn, hoo hiyv lvpiaq lvpiaq lvpiaq lvpiaq lvpiaq lvpiaq lvpiaq lvpiaq lvpiaq lvpiaq lvpiaq lvpiaq lvpiaq lvpiaq lvpiaq lvpiaq lvpiaq lvpiaq lvpiaq lvpiaq lvpiaq lvpiaq lvpiaq lvpiaq lvpiaq lvpiaq
And he brought out the people who were in it and set them to labor with saws and iron picks and iron axes and made them toil at the brick kilns. And thus he did to all the cities of the Ammonites. Then David and all the people returned to Jerusalem.	Hoo mwv hoqho doonbo nyiilungam hoqgv lengnum hoo bulam sa-saqlwqlwqlwq lvgab hoo lwwxwqlwqlwq lvgab hoo lwwxwqlwqlwqlwqlwqlwqlwq lvgab hoo bulam twryum-twryum-twryum-twryum-twryum-twryum-twryum-twryum-twryum-twryum-twryum-tw
and the stars of the sky fell to the earth as the fig tree sheds its winter fruit when shaken by a gale.	Ao gvda hoqg hvvcwngv swcw nvg hoqgv wmnum, hvbsujaqkam hoqgv hoqgv hoqgv hoqgv hoqgv hoqgv hoqgv hoqgv hoqgv hoqgv hoqgv hoqgv hoqgv hoqgv hoqgv hoqgv hoqgv hoqgv hoqgv hoqgv hoqgv hoqgv hoqgv hoqgv
Your heart will muse on the terror: “Where is he who counted, where is he who weighed the tribute? Where is he who counted the towers?”	Noqg hangv bosnam mam mwwpa tayin: Hiyv hiyv hiyv hiyv hiyv hiyv hiyv hiyv hiyv hiyv hiyv hiyv hiyv hiyv hiyv hiyv hiyv hiyv hiyv hiyv hiyv hiyv hiyv hiyv hiyv hiyv hiyv hiyv hiyv hiyv hiyv hiyv hiyv hiyv hiyv hiyv hiyv hi
As you sent me into the world, so I have sent them into the world.	No ngam gvda gvda gvda gvda gvda gvda gvda gvda gvda gvda gvda gvda gvda gvda gvda gvda gvda gvda gvda gvda gvda gvda gvda gvda gvda gvda gvda gvda gvda gvda gvda gvda gvda gvda gvda gvda gvda gvda gvda gvda gvda g
For everything there is a season, and a time for every matter under heaven:	Hoggab hog mwlwngam hoq moodv, hoo ao gvda gvla hog mwlwngam hoq moodv:
But passing through their midst, he went away.	Hvbmabde mwv bulug pengko hoqgv wmin gvl wmin gvl wmin gvl wmin gvl wmin gvl wmin gvl wmin gvl wmin gvl wmin gvl wmin gvl wmin gvl wmin gvl wmin gvl wmin gvl wmin gvl wmin gvl wmin gvl wmin gvl wmin gvl wmin gvl wmin gvl wmin gvl wmin
Lift up your hands to the holy place and bless the Lord !	Noqg alaqkam dvrwq namloqkam dvb mvto hoo At Swn paqto!
I compare you, my love, to a mare among Pharaoh’s chariots.	Ngoqg abynam, ngo nam Parog ceriot tulug pengko ho svdinam hvb mvdwb mvdwb mvdwb mvdwb mvdwb mvdwb mvdwb mvdwb mvdwb mvdwb mvdwb mvdwb mvdwb mvdwb mvdwb mvdwb mvdwb mvdwb mvdwb mvdwb mvdwb mvdwb mvdwb mvdwb mvdwb mvdwb mvdwb mvdwb mvdwb mvdwb mvdwb mvdwb mvdwb mvdwb
Thus says the Lord of hosts: Behold, I will save my people from the east country and from the west country,	Soq sib nyiit At Sw bedo: Kaato, ngoqg nyiilungam dou-caga gvda hoqgv hoo dou-haaga gvda hoqgv ngo ywwlin tayin,
Jesus therefore no longer walked openly among the Jews, but went from there to the region near the wilderness, to a town called Ephraim, and there he stayed with the disciples.	Hoqgab Jisu Juhudi nyi tulug pengko ho bulug pengko ho daqnum, hvbmabde hoqgv Eprayim hvl bopam hoqgv deexa-rara gvda hoqgv wnum, hoo mwv nyi tulug lvgab doonum.
Now the rest of the acts of Azariah, and all that he did, are they not written in the Book of the Chronicles of the Kings of Judah?	Ajariyag nyinam mwlwngam hoo mwwg hog mwlwngam mwv Judag Lvpw at tulug Nyinam Pvvb xeqlwqho xeqlwq maanum?
the high places of Isaac shall be made desolate, and the sanctuaries of Israel shall be laid waste, and I will rise against the house of Jeroboam with the sword.”	Aisakwg aoho doonbo nyi tulungam mvdwb mvtayin, hoo Israelwg dvrwqbo dvrwq namlo tulungam mvdwb mvtayin, hoo ngo Jeroboamwg nombungam lyoqr orioq lvgab wtayin.
“For they are a nation void of counsel, and there is no understanding in them.	Hoggab bulv pw-hwwnam mam nyiilungv, hoo bulug pengko ho mwwlaq maanamv.
Then the satraps, the prefects, and the governors, the counselors, the treasurers, the justices, the magistrates, and all the officials of the provinces gathered for the dedication of the image that King Nebuchadnezzar had set up. And they stood before the image that Nebuchadnezzar had set up.	Ho satrap tulungam, lvpw atwg nyigbo tulungam, hoo lvpw atwg nyigbo tulungam, lvpw atwg nyigbo tulungam, lvpw atwg nyigbo tulungam, lvpw atwg nyigbo tulungam, lvpw atwg nyigbo tulungam, lvpw atwg nyigbo tulungam, lvpw atwg nyigbo tulungam, lvpw atwg nyigbo tulungam, lvpw atwg nyigbo tulungam
How can my lord’s servant talk with my lord? For now no strength remains in me, and no breath is left in me.”	Ngoqg nyiit atwg nyera hoggub ngoqg atwg lvgab agam gootayin? Hoggab sija ngoqg hoqgv atorv dooma dvn, hoo ngoqg hoqgv dooma dvn.
And his master said to him, “We will not turn aside into the city of foreigners, who do not belong to the people of Israel, but we will pass on to Gibeah.”	Hoo mwwg nyiit atv mwam benum, Ngulv Israel nyiilug pengko hoqgv nyiilungam bopam hoqgv wkur maabv, hvbmabde ngulv Gibea hoqgv wleq tayin.
We do not boast beyond limit in the labors of others. But our hope is that as your faith increases, our area of influence among you may be greatly enlarged,	Ngulv nyi tulug bon nyijongam mwwjw-mvaqkam mwwjw maabv. Hvbmabde nulug mwwjwnamv mwwjw-mvaqkam, nulug pengko ho ngulv mwwjw-mvaqkam mwwjw-mvaqkam, nulug pengko ho ngulv mwwjw-mvaqkam, mwwjw-mvaqkam, mwwjw-mvaqkam, mwwjw-mvaqkam, mwwjw-mvaqkam, mwwjw
These are those who were listed, whom Moses and Aaron listed with the help of the chiefs of Israel, twelve men, each representing his fathers’ house.	Soq tulu si Mojes la Aaron Israelwg lvpw atwg nyi tulug lvgab, mwwg abwg imiq dvpar hoqgv mwlwngv camleq nyi vnyw hoqgv lvgab lvgab lvgab lvgab lvgab lvgab lvgab lvgab lvgab lvgab lvgab lvgab lvgab lvgab lvgab lvgab lvgab lvgab lvgab lvgab lvgab lvgab lvgab lvgab lvgab l
Therefore the wicked will not stand in the judgment, nor sinners in the congregation of the righteous;	Hoqgab nyic nyiv pwqlw ho dootayin, ho nyic nyic nyiv jvqtw bo tulungv dootayin;
Of the sons of Zerah: Jeuel and their kinsmen, 690.	Jera gv ko tuup tulu hoqgv: Jeuel la bulug vbw-bor tulungam 690 go.
The disciples of John reported all these things to him. And John,	Soq mwlwngam Jonwg buu tulungv mwam betamnum.
Then children were brought to him that he might lay his hands on them and pray. The disciples rebuked the people,	Kokw so nyi tulungam Jisug dookub haanum, mwv bulug aoho alaq lvqc tvl mwwg aoho goqlwqnum. Kokw so bulv nyi tulungam birwqnum.
Immediately he made the disciples get into the boat and go before him to the other side, while he dismissed the crowds.	Hoq kokw so Jisu mwwg buu tulungam doonum hoqgv mwwg agaho doonum, ho mwv nyi tulungam wleq dvb wleq kunum, ho mwv nyi tulungam wleq kunv wleq kunv wleq kunum, hvbmabde mwv nyi tulungam wleq kunv wleq kunv wleq kunv wleq kunv wleq kunv wleq kunv wleq kunv wleq kunv wleq kunv wleq kunum.
When all the captains of the forces in the open country and their men heard that the king of Babylon had appointed Gedaliah the son of Ahikam governor in the land and had committed to him men, women, and children, those of the poorest of the land who had not been taken into exile to Babylon,	Bebilonwg lvpw atv Ahikamwg ko tuup Gedaliyanvn gvda hoqgv pvvb bwwl doognum hoo hoqg gvda hoqg vnyiq-vnyiq boam, nyem tulungam, hoo ko tulungam, hoqgv Bebilon hoqgv nyob panum, hoqgv mwwg dookub jinum, ho bulug nyi tulungv tapa kunum,
And certain of the elders of the land arose and spoke to all the assembled people, saying,	Hoo gvda hoqg nyiixa tulug pengko hoqgv gorabnum hoo soq nyiilu mwlwngam agam goonum,
and watch. If it goes up on the way to its own land, to Beth-shemesh, then it is he who has done us this great harm, but if not, then we shall know that it is not his hand that struck us; it happened to us by coincidence.”	hoo kaato. Hwdlo hoqhv mwwg gvdangam Bet-semesg lamtab wknum, ho hiyv ngulam soq mwlwngam nyixiaq dvb nyinum, hvbmabde hiyv nyixiaqkam, ho ngulv cengtayin hvb nyiloqkam mwwg alaqkv ngulam nyixiaq maanum; hoqhv ngulug lvgab haanum.
He trusts in God; let God deliver him now, if he desires him. For he said, ‘I am the Son of God.’”	Mwv Pwnboam mwwjwnum. Pwnbov mwam mwwjwnam hvl mwv mwam ywwlin gvdwn. Hoggab mwv benum, Ngo Pwnbog Ko Tuupv.
“My transgressions were bound into a yoke; by his hand they were fastened together; they were set upon my neck; he caused my strength to fail; the Lord gave me into the hands of those whom I cannot withstand.	Ngoqg nyixiaqb nyixiaqkv yukun hvb mvnum; mwwg alaq hoq tulu ham lvkin gob mvnum; hoq tulu ham ngoqg nywxw aoho mvnum; mwv ngoqg atoram mvpaqnum; At Sw ngam hiyvg alaqho ngoqg lvkin gob jitayin.
Among the smooth stones of the valley is your portion; they, they, are your lot; to them you have poured out a drink offering, you have brought a grain offering. Shall I relent for these things?	Dvrwqbo svdin tulug pengko hoqgv noqg pvvbv; bulv, bulv, noqg pvvbv; hoq tuluho no twwlinam aky jinum, no dvpar aky jinum. Soq tulu gab ngo mwwpa tayin?
And the people of Israel again did what was evil in the sight of the Lord , and the Lord strengthened Eglon the king of Moab against Israel, because they had done what was evil in the sight of the Lord .	Hoo Israel nyiilungv lokta At Swg kaagaho nyic nyinam mam nyinum, hoo At Sw Moabg lvpw at Eglonnvn Israelwg ceekol ator mvnum, hoggab bulv At Swg agaho nyic nyinam mam nyinum.
My eye wastes away because of grief; it grows weak because of all my foes.	Ngoqg vnyiqkv vcjaqb nyidwn; ngoqg ceebio mwlwngv hoqgv hoqgv hoqgv vcjaqb nyidwb nyidwb nyidwb nyidwb nyidwb nyidwb nyidwb nyidwb nyidwb nyidwb nyidwb nyidwb nyidwb nyidwb nyidwb nyidwb nyidwb nyidwb nyidwb nyidwb nyidwb nyidwb nyidwb nyidwb nyidwb nyidwb nyidwb nyidwn.
And Saul inquired of God, “Shall I go down after the Philistines? Will you give them into the hand of Israel?” But he did not answer him that day.	Hoo Soul Pwnboam toxnum, Ngo Palistan nyi tulug kokwb wnum? No bulam Israelwg alaqho jilwq tayin? Hvbmabde mwv hoq aalam mwam birwq maanum.
Then Ehud went out into the porch and closed the doors of the roof chamber behind him and locked them.	Ho Ehud lvvgwb wknum hoo mwwg kokw so gvda toggoqg toggoqg toggoqkam wmnum hoo hoq tulu ham wmnum.
then the valuation of a male from twenty years old up to sixty years old shall be fifty shekels of silver, according to the shekel of the sanctuary.	ho vnyw camnyi vnyw hoqgv vnyw camngam vnyw camnyi vnyw hoqgv rup sikil camngv, dvrwq namlog sikil hoqgv.
For because of the anger of the Lord it came to the point in Jerusalem and Judah that he cast them out from his presence. And Zedekiah rebelled against the king of Babylon.	Hoggab At Swg hang lingtwrnam mam Jerusalem la Juda hoqgv mwv bulam mwwg aga hoqgv ruqpaqnum. Hoo Jedekiya Bebilonwg lvpw atam ceeko mvnum.
But for this purpose I have raised you up, to show you my power, so that my name may be proclaimed in all the earth.	Hvbmabde soq gab ngo nam dvb mvnum, hoqgab ngoqg atoram nam kaakin tayin, ho ngoqg eminam swcw gvda mwlwho goqlwq mvdwb mvdwb mvdwb mvdwb mvdwb mvdwb mvdwb mvdwb mvdwb mvdwb mvdwb mvdwb mvdwb mvdwb mvdwb mvdwb mvdwb mvdwb mvdwb mvdwb mvdwb mvdwb mvdwb mvdwb mvdwb mvdwb mvd
And Balaam said to Balak, “Build for me here seven altars and prepare for me here seven bulls and seven rams.”	Hoo Balaam Balaknvn benum, Ngoqgab soq hoqho vnyi go pvtayin hoo soq hoqho ngoqgab vnyi go pvtayin hoo vnyi go sviya go pvtayin.
And they laughed at him. But he put them all outside and took the child’s father and mother and those who were with him and went in where the child was.	Kokw so bulv mwam bosnum. Hvbmabde mwv bulam mwlwngam lvvgwb wpeqnum. Kokw so ko tuupam la annam la mwwg lvgab doonbo tulungv mwwg lvgab haanum.
and seeing Peter warming himself, she looked at him and said, “You also were with the Nazarene, Jesus.”	Hoqgab mwn Pitornvn vc loodab kaapa kunv mwam kaapa kunv benum, No ham Nazaret nyi Jisu lvgab doonum.
After this Jesus went about in Galilee. He would not go about in Judea, because the Jews were seeking to kill him.	Hoq kokw so Jisu Galili gvdaho wnum. Mwv Juhudi gvdaho wnum, hoggab Juhudi nyi tulungv mwam mengnum.
You sweep them away as with a flood; they are like a dream, like grass that is renewed in the morning:	No bulam lvqcwngam hvb mvdwb mvdwb mvdwb mvdwb mvdwb mvdwb mvdwb mvdwb mvdwb mvdwb mvdwb mvdwb mvdwb mvdwb mvdwb mvdwb mvdwb mvdwb mvdwb mvdwb mvdwb mvdwb mvdwb mvdwb mvdwb mvdwb mvdwb mvdwb mvdwb mvdwb mvdwb mvdwb mvdwb mvdwb mvdwb mvdwb mvdwb mvdwb mv
The Jews answered him, “It is not for a good work that we are going to stone you but for blasphemy, because you, being a man, make yourself God.”	Hvbmabde Juhudi tulungv mwam birwqnum, Ngulv noqg bon nyinam gab ngulam lvqbwq maanamv, hvbmabde noqg nyi mwlwngv Pwnboam mwwpa kun.
If the years are many, you shall increase the price, and if the years are few, you shall reduce the price, for it is the number of the crops that he is selling to you.	Vnyw nywywngam vnyw nywywngam, no vnyw nywywngam dvb mvtayin, hoo vnyw nywywngam vnyw nywywngam, no vnyw nywywngam dvb mvtayin, hoggab hoqhv noqg aoho mwv jito.
To all those in Rome who are loved by God and called to be saints: Grace to you and peace from God our Father and the Lord Jesus Christ.	Pwnbov mwlwngam abynam mam, Pwnbov bulug lvgab Pwnbov bulug lvgab dvrwqbo nyi tulungam. Ngulug ab Pwnbov la At Sw Jisu Kristog swrsongv nulug lvgab swrsongam la swrsongam gab dooma dvn.
The queen of the South will rise up at the judgment with the men of this generation and condemn them, for she came from the ends of the earth to hear the wisdom of Solomon, and behold, something greater than Solomon is here.	Soolo soq nyi tulug lvgab Doonu gvda lvpw atwg lvpw atwg nyi tulug lvgab gorab dootayin hoo bulam nyixiaq tayin, hoggab mwn Solomonnwg mwwlaqnam mam tapanam gab swcw dook hoqgv haanum, hoo kaato, Solomonnvn hoqgv hoqgv hoqgv hoqgv hoqgv hoqgv hoqgv hoqgv hoqgv hoqgv hoqgv ho
Abdon, Zichri, Hanan,	Abdon, Jikri, Hanan,
You made my enemies turn their backs to me, and those who hated me I destroyed.	No ngoqg ceebio tulungam ngoqg dookub wkur kunum, hoo hiyv ngam ceebiam nyi tulungam ngo mvpaq kunum.
And on the seven days of the festival he shall provide as a burnt offering to the Lord seven young bulls and seven rams without blemish, on each of the seven days; and a male goat daily for a sin offering.	Hoo pvvb hoqg aalho mwv At Swn boyuqnam akiam hoo vnyiq-vnyiq dvb sviyangam pvvb mvdwb pvvb mvtayin; hoo aalho nyic akiam nyic akiam pvvb akiam pvvb mvtayin.
As Jesus passed on from there, he saw a man called Matthew sitting at the tax booth, and he said to him, “Follow me.” And he rose and followed him.	Kokw so Jisu hoqgv wmin gvnum, hoqgv Matiyu hvl nyi akv mvdwb doonum, hoo mwv mwam benum, Ngoqg lvgab wto. Ho mwv wmin gvnum hoo mwam wmin gvnum.
I struck you and all the products of your toil with blight and with mildew and with hail, yet you did not turn to me, declares the Lord .	Ngo nam la noqg nywywngam mwlwngam vcjaql hoo vlyw hoqgv hoo vlyw hoqgv mengnum, hvbsujaqkam nulv ngam wkur maabv, At Sw bibwqdo.
And the Lord said to him, “Call his name Jezreel, for in just a little while I will punish the house of Jehu for the blood of Jezreel, and I will put an end to the kingdom of the house of Israel.	Hoo At Sw mwam benum, Mwnwg eminam Jezreel hvl goqto, hoggab nootul dooiyam ngo Jehuwg imiq dvparam Jezreelwg vdinam gab pwqlwq tayin, hoo Israelwg imiq dvparam ngo mvpaq tayin.
Therefore he said he would destroy them— had not Moses, his chosen one, stood in the breach before him, to turn away his wrath from destroying them.	Hoqgab mwv benum, mwv bulam nyob patab tayin mwwg xuqlinbo Mojes mwwg agaho doognum, ho mwwg hang lingtwrnamv bulam nyob patab wkurnum.
Hodiah, Bani, Beninu.	Hodiya, Bani, Beninu.
Therefore he shall give them up until the time when she who is in labor has given birth; then the rest of his brothers shall return to the people of Israel.	Hoqgab hoq nyi akv ko-gab ko-gab ko-gab ko-gab ko-gab nyinum; ho mwwg vbw-bor mwlwngv Israel nyiilug dookub wkur tayin.
She has sent out her young women to call from the highest places in the town,	Mwnwg nywxwngam bopam hoqg yuunam hoqgv hoqgv goqnum,
and he said to me, “Son of man, this is the place of my throne and the place of the soles of my feet, where I will dwell in the midst of the people of Israel forever. And the house of Israel shall no more defile my holy name, neither they, nor their kings, by their whoring and by the dead bodies of their kings at their high places,	hoo mwv ngam benum, Nyia ko tuup, soq si ngoqg dvrwq namlo hoqgv hoo ngoqg lvpiangv lvpiangv, ho ngo Israel nyiilug pengko ho nwrba gob dootayin. Hoo Israelwg nombungv ngoqg dvrwqbo eminam bulv la bulug lvpw at tulungam bulug nyixiaqkam hoo bulug lvpw at tulug lvpw at tulungam bulug dvrwq namlo hoqgv
Now the rest of the acts of Jotham and all that he did, are they not written in the Book of the Chronicles of the Kings of Judah?	Jotamg nyinam mwlwngam hoo mwwg bon nyinam mwlwngam Judag Lvpw at tulug Nyinam Pvvb ho xeqlwq maanum?
You shall be blessed above all peoples. There shall not be male or female barren among you or among your livestock.	Nulv nyiilu mwlw hoqgv lvqbwq tayin. Nulug pengko ho noqg svdin tulug pengko ho nywxwngam dooma dvn.
But rise and enter the city, and you will be told what you are to do.”	Hvbmabde nulv gorabl bopam uraho haanum, hoo hoggv nulv nyidwn ham nulv betayin.
When her days to give birth were completed, behold, there were twins in her womb.	Hwdlo mwnwg vnyw ko-gab doom dvb nyidwn, kaato, mwnwg imiqho twwx-twx-twx-twx-twx-twx-twx-twx-twx-twx-twx-twx-twx-twx-twx-twx-twx-twx-twx-twx-twx-twx-twx-twx-twx-twx-twx-twx-twx-twx-twx-twx-tw
When you depart from me today, you will meet two men by Rachel’s tomb in the territory of Benjamin at Zelzah, and they will say to you, ‘The donkeys that you went to seek are found, and now your father has ceased to care about the donkeys and is anxious about you, saying, “What shall I do about my son?”’	Hwdlo no soolo ngoqg hoqgv wleqto, no Benjamin gvdaho Zelja ho Rakelwg tombu hoqgv nyi vnyi go tapa tayin, hoo bulv nam betayin, No doonbo svdam mam kaapa ku, hoo sija noqg abv svdam mam mwwpa ku hoo noqg gab mwwpa ku, begamv, Ngoqg ko tuupam hoggub nyidwn?
But who are you, O man, to answer back to God? Will what is molded say to its molder, “Why have you made me like this?”	Hvbmabde nulv hiyv, nyia ko, Pwnboam birwq dvb nyidwn? Hwdlo hiyv-hwdlo hiyv-hwdlo hiyv-hwdlo hiyv-hwdlo hiyv-hwdlo hiyv-hwdlo hiyv-hwdlo hiyv-hwdlo hiyv-hwdlo hiyv-hwdlo hiyv-hwdlo hiyv-hwdlo hiyv-hwdlo hiyv-h
On the ninth day of the fourth month the famine was so severe in the city that there was no food for the people of the land.	Aal hoqgv kvvrwq aal loq aalho wmv bopam hoqgv vcjaqb doonum hoo gvda hoqg nyiilungam vcjaq maanum.
He took them and sent them across the stream, and everything else that he had.	Mwv bulam wlwqnum hoo bulug pengko hoqgv, hoo mwwg hoqgv hog mwlwngam wleq kunum.
And they shall put it with all its utensils in a covering of goatskin and put it on the carrying frame.	Hoo bulv hoq tulu ham la hoqg vcjaq mwlwngam sviya vdin hoqgv mvtayin hoo hoq tulu ham lvgab mvtayin.
About 40,000 ready for war passed over before the Lord for battle, to the plains of Jericho.	Lvpw atwg agaho nyob panbo nyiilungv 40,000 go lvgab nyob panbo nyiilungv nyob panbo nyiilungv Jerikog lamtangam wleq kunum, hoq nyiilungv nyob panbo nyiilungv nyob panbo nyiilungv nyob panbo nyiilungv nyob panbo nyiilungv nyob panbo nyiilungv nyob panbo nyiilungv nyob panbo nyiilungv nyob panbo nyiilungv nyob panbo nyiilungv nyob panbo nyiilungv nyob panbo nyi
Jesus said to him, “Friend, do what you came to do.” Then they came up and laid hands on Jesus and seized him.	Jisu mwam birwqnum, Ngoqg abynam, hoggv no hoggv haanum, hoggv no hoggv haanum. Ho bulv haanum hoo Jisu aoho alaqkv ipoqnum hoo mwam wlwqnum.
“Nevertheless, they were disobedient and rebelled against you and cast your law behind their back and killed your prophets, who had warned them in order to turn them back to you, and they committed great blasphemies.	Hvbsujaqkam bulv nam ceekol nyimaqnum hoo nam ceekol ceekol ceekol ceekol ceekol ceekol ceekol ceekol ceekol ceekol ceekol ceekol ceekol ceekol ceekol ceekol ceekol ceekol ceekol ceekol ceekol ceekol ceekol ceekol ceekol ceekol ceekol ceekol ceekol ceekol ceekol ceekol ceekol ceekol ceekol ce
Now in the twelfth month, which is the month of Adar, on the thirteenth day of the same, when the king’s command and edict were about to be carried out, on the very day when the enemies of the Jews hoped to gain the mastery over them, the reverse occurred: the Jews gained mastery over those who hated them.	Adar nyob hoqgv vnyw camleq pool camleq aalho, hwdlo lvpw atwg gaml jinam mam la gaml jinam mam nyidwn, ho Juhudi nyi tulug ceebio tulungv bulug aoho pvvb bwwl doonum, hoq aalho Juhudi nyi tulungv bulug aoho pvvb bwwl doonum, hoqhvb nyidwn: Juhudi tulungv bulug aoho pvvb bwwl doonum.
“I will make with them a covenant of peace and banish wild beasts from the land, so that they may dwell securely in the wilderness and sleep in the woods.	Ngo bulug lvgab swrso pvvb mvtayin hoo gvda hoqgv svdin svdin svdin tulungam mvpaq tayin, ho bulv deexa-raraho swrsongam dootayin hoo hoqgv dooiyam dootayin.
I am a brother of jackals and a companion of ostriches.	Ngo svdin tulug vbw-bor ak hvb hoo svdin tulug lvgab dooiyv.
He killed James the brother of John with the sword,	Mwv Jonwg bor Jakubnvn lyoqr orioq lvgab mengnum.
Nathanael said to him, “Can anything good come out of Nazareth?” Philip said to him, “Come and see.”	Natanayel mwam benum, Najaret hoqgv hog mwlwngam hoqgv haatayin? Pilip mwam benum, Haato hoo kaato.
And to the descendants of Aaron the priest they gave Hebron, the city of refuge for the manslayer, with its pasturelands, Libnah with its pasturelands,	Hoo nyub Aaron gv ko tuup tulungam bulv Hebronnvn, nyiicwr-cwrx-cwrx-cwrx-cwrx-cwrx-cwrx-cwrx-cwrx-cwrx-cwrx-cwrx-cwrx-cwrx-cwrx-cwrx-cwrx-cwrx-cwrx-cwrx-cwrx-cwrx-cwrx-cwrx-cwrx-cwrx-cwrx-c
To Timothy, my beloved child: Grace, mercy, and peace from God the Father and Christ Jesus our Lord.	Ngoqg ko tuup mwwdwqbo ko tuup Timoteusnvn: At Sw la ngulug At Sw Jisu Kristog lvgab abynamv, almadwn hoo swrsongv.
And as they were eating, he said, “Truly, I say to you, one of you will betray me.”	Kokw so bulv dvtayin, Jisu benum, Ngo nulam jvqtw jaqb bedwn, nulug pengko hoqgv ngam ceekol ceekol ceekol ceekol ceekol ceekol ceekol ceekol ceekol ceekol ceekol ceekol ceekol ceekol ceekol ceekol ceekol ceekol ceekol ceekol ceekol ceekol ceekol ceekol ceekol ceekol ceekol ceekol ceekol ceek
After this I looked, and behold, another, like a leopard, with four wings of a bird on its back. And the beast had four heads, and dominion was given to it.	Soq kokw so ngo kaakinum, hoo kaato, hoqgv otuq pvta pvta pvta pvta pvta pvta pvta pvta pvta pvta pvta pvta pvta pvta pvta pvta pvta pvta pvta pvta pvta pvta pvta pvta pvta pvta pvta pvta pvta pvta pvta pvta pvta pvta pvta p
Circumcise therefore the foreskin of your heart, and be no longer stubborn.	Hoqgab nulug hang lengnam mam pvvb mvdwb mvtayin, hoo noqg hang lengnam mam kaapa tvbvl dooma dvb mvdwb mvdwb mvdwb mvdwb mvdwb mvdwb mvdwb mvdwb mvdwb mvdwb mvdwb mvdwb mvdwb mvdwb mvdwb mvdwb mvdwb mvdwb mvdwb mvdwb mvdwb mvdwb mvdwb mvdwb mvdwb mvdwb mvdwb mvdwb mvdwb mvdwb
and she told him the same story, saying, “The Hebrew servant, whom you have brought among us, came in to me to laugh at me.	hoo mwn mwam hoqg benam mam betamnum, begamv, No ngulug pengko hoqgv boolinbo Hibru nyerav ngoqg dookub haanum.
“You shall not move your neighbor’s landmark, which the men of old have set, in the inheritance that you will hold in the land that the Lord your God is giving you to possess.	Noqg Pwnbo At Sw nam jvqtw jaqb jitayin gvdaho noqg nyiilungam, no noqg nyiilungam gvda hoqgv, hoqgv nyi tulug gvda hoqgv naalin gvdaho naalin gvdaho naalin gvdaho naalin gvdaho naalin gvdaho naalin gvdaho naalin gvdaho naalin gvdaho naalin gvda gvdaho naalin gvda gvdaho naalin g
This is the law that Moses set before the people of Israel.	Soq pvvbam Mojes Israel nyiilug agaho gaml jinum.
You have put me in the depths of the pit, in the regions dark and deep.	No ngam twryum-twryum hoqgv, vcjaqb hoo vcjaqb doogw hoqgv daqtwl jitwl doodwb jitwq pakun. Ngoqg doogw hoqgv doogwq doogwq doogwq doogwq doogwq doogwq doogwq doogwq doogwq doogwq doogwq doogwq doogwq doogwq doogwq doogwq doogwq doog
Aijalon with its pasturelands, Gath-rimmon with its pasturelands,	Aijalon lvgab hoqg sviya bo tulungam, Gat-rimmon lvgab hoqg sviya bo tulungam,
Now Jacob heard that the sons of Laban were saying, “Jacob has taken all that was our father’s, and from what was our father’s he has gained all this wealth.”	Jakub Laban gv ko tuup tulungv benum, Jakub ngulug abwg hog mwlwngam naatayin, hoo ngulug abwg hoqgv mwlwngam mwv hog mwlwngam naatayin.
In this the love of God was made manifest among us, that God sent his only Son into the world, so that we might live through him.	Pwnbov ngulug pengko hoqgv Pwnbov mwwg ko tuupam mwwg gvda gvda mwlwngam mwwg ko tuupam gvda mwlw hoqgv wlwqnum, ho ngulv Pwnbov mwwg hoqgv swwtayin.
My dwelling place shall be with them, and I will be their God, and they shall be my people.	Ngoqg doogw namgub bulug lvgab dootayin, hoo ngo bulug Pwnbov nyitayin, hoo bulv ngoqg nyiilungam nyitayin.
and Dibon, and Nebo, and Beth-diblathaim,	hoo Dibon, hoo Nebo, hoo Bet-diblataim,
from the people of Israel’s half Moses took one of every 50, both of persons and of beasts, and gave them to the Levites who kept guard over the tabernacle of the Lord , as the Lord commanded Moses.	At Sw Mojesnvn gaml jinam hvb, Mojes Israel nyiilug pengko hoqgv nyi tulu hoqgv nyi tulu hoqgv la svdin hoqgv nyi tulu hoqgv hoqgv akwn hoo hoq tulu ham At Swg tombu uraho soqgv Lebi nyi tulungam jitayin.
And they took their bones and buried them under the tamarisk tree in Jabesh and fasted seven days.	Hoo bulug lvpia tulungam bulv Jabes ho tamarisk hvvb mvnum hoo hoq tulu ham kvn goonum.
(There are those who snatch the fatherless child from the breast, and they take a pledge against the poor.)	(Hiyv abwg ko tuupam vcjaqb mvdwb nyidwn, hoo bulv nyic-nyiyiqbo tulug pengko hoqgv pvvb mvdwb nyidwn.)
And if any survivors escape, they will be on the mountains, like doves of the valleys, all of them moaning, each one over his iniquity.	Hoo hoqgv hoqgv dootayin bo nyiicwr-cwrx-cwrx-cwrx-cwrx-cwrx-cwrx-cwrx-cwrx-cwrx-cwrx-cwrx-cwrx-cwrx-cwrx-cwrx-cwrx-cwrx-cwrx-cwrx-cwrx-cwrx-cwrx-cwrx-cwrx-cwrx-cwrx-cwrx-c
And when the priests came out of the Holy Place (for all the priests who were present had consecrated themselves, without regard to their divisions,	Hoo hwdlo nyub tulungv Dvrwqbo Dvrwqbo Ko Tuup hoqgv lengnum (hoggab doonbo nyub tulungv mwlwngv atv atv dvrwq maanum, bulug lvgab bulug lvgab mwwpa kunum),
then you shall turn it into money and bind up the money in your hand and go to the place that the Lord your God chooses	ho noqg Pwnbo At Swg door-doopw ho noqg alaq hoqgv naareq dvb mvtayin hoo noqg alaq hoqgv naareq dvb wtayin
Thus all the days of Methuselah were 969 years, and he died.	Hoqgab Metuselag vnyw mwlwngv vnyw 969 go doonum, hoo mwv siknum.
So the Lord saved Hezekiah and the inhabitants of Jerusalem from the hand of Sennacherib king of Assyria and from the hand of all his enemies, and he provided for them on every side.	Hoqgab At Sw Hejekiya nvla Jerusalemho doonbo tulungam Assiriyag lvpw at Senakeribg alaq hoqgv la mwwg ceebio mwlwngv alaq hoqgv ywwlinum, hoo mwv bulam lvgab mwlwngam pvvb bwwlinum.
Hapharaim, Shion, Anaharath,	Haparaim, Sion, Anaharat,
And his servants said to him, “Behold now, we have heard that the kings of the house of Israel are merciful kings. Let us put sackcloth around our waists and ropes on our heads and go out to the king of Israel. Perhaps he will spare your life.”	Hoo mwwg nyera tulungv mwam benum, Kaato, ngulv Israelwg nombu hoqg lvpw at tulungam mwwpa bo lvpw at tulungam hvl tapa ku. Ngulv atv ngulug lwwyw tulungam la ngulug dumpo tulungam vj mvtayin hoo Israelwg lvpw atwg dookub wtayin. Hvbmabde mwv noqg swwgam mwwpa tayin.
Then the king said to Amasa, “Call the men of Judah together to me within three days, and be here yourself.”	Ho lvpw atv Amasanvn benum, Judah nyi tulungv ngoqg dook hoqgv aal loodab goqto, hoo noqg atv soq si dootayin.
Over the king’s treasuries was Azmaveth the son of Adiel; and over the treasuries in the country, in the cities, in the villages, and in the towers, was Jonathan the son of Uzziah;	Adiyelwg ko tuup Ajmavet lvpw atwg naareq tulug naareq tulug naareq tulug naareq tulug naareq tulug naareq tulug naareq tulug naareq tulug naareq tulug naareq tulug naareq tulug naareq tulug naareq tulug naareq tulug naareq tulug naareq tulug naareq tulug naareqtuq tulug naareq tulug naareqtuq tulug naareqtuq tulug
and certain of the priests’ sons with trumpets: Zechariah the son of Jonathan, son of Shemaiah, son of Mattaniah, son of Micaiah, son of Zaccur, son of Asaph;	hoo nyub tulug ko tuup tulungv tuup tulug pengko hoqgv: Jonatan gv ko tuup Jakariya, Semaiyag ko tuup Jakariya, Mattaniyag ko tuup Mattaniya, Micaiyag ko tuup Jakkur, Asap gv ko tuup Jakariya;
You hypocrite, first take the log out of your own eye, and then you will see clearly to take the speck out of your brother’s eye.	Nulv hiyvb nyidwn, noqg atwg vnyiq hoqgv vnyiqkam naalinto, ho noqg vbw-borwg vnyiq hoqgv vnyiqkam naalinto, ho noqg vnyiqkam naalinam mam naalinam mam no kaakinamv kaakinamv kaakinamv kaakinamv kaakinamv kaakinamv kaakinamv kaakinamv kaakinamv kaakinamv kaakinamv kaakinamv kaakinamv kaakinamv ka
Yet I will leave seven thousand in Israel, all the knees that have not bowed to Baal, and every mouth that has not kissed him.”	Hvbsujaqkam ngo Israel hoqgv 7,000 go mvtayin, hiyv mwlwngv Baal gab pwqlwq maanum, hoo hiyv mwwg lvqbwq maanum.
For kingship belongs to the Lord , and he rules over the nations.	Hoggab lvpw atv At Swg, hoo mwv nyob tulug aoho pvvb bwwl doognum.
for they are a graceful garland for your head and pendants for your neck.	hoggab hoq tulu si noqg dumpo hoqg lvqbwq-lvqbwq lvgab hoo noqg nywxw hoqg lvqbwq-lvqbwq lvgab nyidwb nyidwb nyidwb nyidwb nyidwb nyidwb nyidwb nyidwb nyidwb nyidwb nyidwb nyidwb nyidwb nyidwb nyidwb nyidwb nyidwb nyidwb nyidwb nyidwb nyidwb nyidwb nyidwb nyidwn.
And the priest shall examine the diseased thing after it has been washed. And if the appearance of the diseased area has not changed, though the disease has not spread, it is unclean. You shall burn it in the fire, whether the rot is on the back or on the front.	Hoo nyubv dvrwqbo hoqgv pwqlwq kokwngam kaapa tayin. Hoo dvrwqbo hoqgv vnyiqkam, dvrwqbo vnyiqkam, hoqhv dvrwq maabv, hoqhv dvrwq dvrwq dvrwq dvrwq dvrwq dvrwq dvrwq dvrwq dvrwq dvrwq dvrwq dvrwq dvrwq dvrwq dvrwq dvr
“Every swarming thing that swarms on the ground is detestable; it shall not be eaten.	Gvdaho svdin-svdin-svdin-svdin-svdin-svdin-svdin-svdin-svdin-svdin-svdin-svdin-svdin-svdin-svdin-svdin-svdin-svdin-svdin-svdin-svdin-svdin-svdin-svdin-svdin-svdin-svdin-svdin-svdin-svdin-svdin-svdin-svdin-svdin-svdin-svdin-svdin-svdin-svdin-svdin-
Therefore, as I live,” declares the Lord of hosts, the God of Israel, “Moab shall become like Sodom, and the Ammonites like Gomorrah, a land possessed by nettles and salt pits, and a waste forever. The remnant of my people shall plunder them, and the survivors of my nation shall possess them.”	Hoqgab, ngo swwnam hvbkalam, Israelwg Pwnbo, nyiit At Sw bibwqdo, Moabv Sodom hvb nyito, hoo Ammon nyi tulungv Gomorrah hvb nyito, gvda hoqgv vnyiq-vnyiq lvpiaql hoo tuugaq lvpiaql dootayin, hoo nwrba gob dootayin. Ngoqg nyiilungv hoq tulu ham mvtayin, hoo ngoqg nyob tulungv hoq tulu ham mvtayin.
And when they could not find them, they dragged Jason and some of the brothers before the city authorities, shouting, “These men who have turned the world upside down have come here also,	Kokw so bulv bulam kaapa maanum, ho bulv Jasonnvn la vbw-bor tulungam bopam tulug dookub wkur kunv begamv, Soq nyi tulu si gvda gvda mwlwngam ceekol wkur kunum, hvbmabde soq nyi tulu si soq si soq si soq si soq sib haanum.
So David set out, and the six hundred men who were with him, and they came to the brook Besor, where those who were left behind stayed.	Hoqgab Debid wnum, hoo mwwg lvgab doonbo nyi tulungv 600 go, hoo bulv Besor hoqgv haanum, hoqho hoqgv hoqgv doognum.
He said to him a second time, “Simon, son of John, do you love me?” He said to him, “Yes, Lord; you know that I love you.” He said to him, “Tend my sheep.”	Kokw so mwv lokta mwam benum, Jonwg ko tuup Simon, no ngam vcjaqb nyinum? Mwv birwqnum, Vv, At Sw; no cengdwn ngo nam vcjaqb nyinum. Mwv mwam benum, Ngoqg sviya tulungam svka to.
I have given him the land of Egypt as his payment for which he labored, because they worked for me, declares the Lord God .	Ijipt gvdangam ngo mwam mwwg nyinam gab jitayin, hoggab bulv ngoqgab nyinam gab jitayin, Pwnbo At Sw bibwqdo.
of the sons of Elizaphan, Shemaiah the chief, with 200 of his brothers;	Elijapan gv ko tuup tulungv, Semaiya lvpw atv, mwwg vbw-bor 200 go;
They asked, and he brought quail, and gave them bread from heaven in abundance.	Bulv meegaqnum, hoo mwv vlyw tulungam haanum, hoo ao gvda hoqgv bulam vlywq-vlywq dvb jitwl jitwl jitwl jitwl jitwl jitwl jitwl jitwl jitwl jitwl jitwl jitwl jitwl jitwl jitwl jitwl jitwl jitwl jitwl jitwl jitwl jitwl jitwl jitwl jitwl jitwl jitwl jitwl jitwl jitwl jitwl jitwl jitwl jitwl jitwl jitwl jitwl jitwl jitwl jitwl jitwl jitwl jit
Truly, I say to you, it will be more bearable on the day of judgment for the land of Sodom and Gomorrah than for that town.	Ngo nulam jvqtw jaqb bedwn, soq bopam hoqgv Sodom la Gomorranwg gvdangam nyidwb nyidwb nyidwb nyidwb nyidwb nyidwb nyidwb nyidwb nyidwb nyidwb nyidwb nyidwb nyidwb nyidwb nyidwb nyidwb nyidwb nyidwb nyidwb nyidwb nyidwb nyidwb nyidwb nyidwb nyidwb nyidwb nyidwb nyidwb nyidwb nyidwb nyidwb nyidwb ny
And in the days of Saul they waged war against the Hagrites, who fell into their hand. And they lived in their tents throughout all the region east of Gilead.	Hoo Soulwg aalho bulv Hagrit nyi tulungam ceekol nyob panum, hoqgab bulug alaqho haanum. Hoo bulv Gileadwg dou-cagag gvda mwlwngam bulug tombu ho doonum.
My beloved is radiant and ruddy, distinguished among ten thousand.	Ngoqg abynamv vcjaqb hoo vcjaqb vcjaqb nyidwn, vcjaqb vcjaqb vcjaqb vcjaqb nyidwn. Ngoqg abynamv vcjaqb vcjaqb vcjaqb nyidwn, vcjaqb vcjaqb vcjaqb vcjaqb nyidwn, vcjaqb vcjaqb vcjaqb vcjaqb vcjaqb vcjaqb nyidwn.
Martha said to him, “I know that he will rise again in the resurrection on the last day.”	Marta mwam birwqnum, Ngo cengdwn mwv nywywngam nywywngam nywywngam nywywngam nywywngam nywywngam nywywngam nywywngam nywywngam nywywngam nywywngam nywywngam nywywngam nywywngam nywywngam nywywngam nywywngam nywywngam nywywngam nywywngam nywywngam nywywngam nywywngam nywywngam nywywngam nywywngam nywywngam nywy
And the man said, “They have gone away, for I heard them say, ‘Let us go to Dothan.’” So Joseph went after his brothers and found them at Dothan.	Hoo nyi ak benum, Bulv wleq kun, hoggab ngo bulam benum, Ngulv Dotannvn wtayin. Ho Josap mwwg vbw-bor tulug kokwb wnum hoo bulam Dotannvn kaapanum.
So Hanun took David’s servants and shaved them and cut off their garments in the middle, at their hips, and sent them away;	Hoqgab Hanun Debidg nyera tulungam naalinum hoo bulam bulug vj tulungam vj hoqgv, bulug lvqbwq-loosaq hoqgv mengnum, hoo bulam wleq kunum;
Zerah the Ethiopian came out against them with an army of a million men and 300 chariots, and came as far as Mareshah.	Hwdlo nyob nyi tulungam la 300 ceriot tulungam Etopia nyiqry benbo Jera bulam ceeko gob wnum, hoo Mareshab wleqkam haanum. Hwdlo nyob nyiqry benbo Jera nyiqry benbo nyiqry benbo nyiqry benbo nyiqry benbo nyiqry benbo nyiqry benbo nyiqry benbo nyiqry benbo nyiqry benbo nyiqry benbo nyiqry benbo nyiqry benum.
What the cutting locust left, the swarming locust has eaten. What the swarming locust left, the hopping locust has eaten, and what the hopping locust left, the destroying locust has eaten.	Hoqgv lvqbwq-lvqbwq dvb nyidwn, lvqbwq-lvqbwq dvb nyidwn. Hoqgv lvqbwq-lvqbwq dvb nyidwn, lvqbwq-lvqbwq dvb nyidwn, hoo hoqgv lvqbwq-lvqbwq dvb nyidwn, lvqbwq-lvqbwq dvb nyidwn.
If even lifeless instruments, such as the flute or the harp, do not give distinct notes, how will anyone know what is played?	Hvbsujaqkam, hwdgo swwgam mam, hvbsujaqkam, hvbsujaqkam, hvbsujaqkam, hvbsujaqkam, hvbsujaqkam, hvbsujaqkam, hvbsujaqkam, hvbsujaqkam, hvbsujaqkam, hvbsujaqkam, hvbsujaqkam, hvbsujaqkam, hvbsujaqkam, hvbsujaqkam, hvbsujaqkam, hvbsujaqkam
Oh that you had paid attention to my commandments! Then your peace would have been like a river, and your righteousness like the waves of the sea;	Hwdlo no ngoqg gaml jinam mam mwwpa kun! Ho noqg swrsongv pobu hvb nyidwn, hoo noqg jvqtwngv sa-svlo toggoqb nyidwn;
You shall fall in the open field, for I have spoken, declares the Lord God .	Nulv lvpia hoqgv wtayin, hoggab ngo agam goonum, Pwnbo At Sw bibwqdo.
And he brought into the house of God the sacred gifts of his father and his own sacred gifts, silver, and gold, and vessels.	Hoo mwv mwwg abwg dvrwqbo aky jinam mam la mwwg atwg dvrwqbo aky jinam mam, rupam, hoo hunam, hoo svdinam mam Pwnbog dvrwq namlo ho boolinum.
So he came again to Cana in Galilee, where he had made the water wine. And at Capernaum there was an official whose son was ill.	Kokw so Jisu Galili gvdaho Kana ho lokta haanum. Hoqho mwv iss uraho vdin gob mvnum. Hoqho Kapernaum hoqgv mwwg ko tuup tulungv vcjaqb doonum.
And you shall know that I am the Lord , when I open your graves, and raise you from your graves, O my people.	Hoo ngoqg nyiilungv, hwdlo ngo nulug nyob tulungam mvtayin, hoo nulug nyob tulug hoqgv nulug nyob tulungam mvtayin, ngo At Swvv hvl nulv cengtayin.
he sets on high those who are lowly, and those who mourn are lifted to safety.	mwv dvrwqbo nyi tulungam lvqc-loosaqb jitayin, hoo hiyv lvqc-loosaqbo nyi tulungam swrsongam dvb mvdwb jitayin. Dvrwqbo nyi tulungam mwv lvqc-loosaqb jitayin, hoo hiyv lvqc-loosaqbo nyi tulungam lvqc-loosaqb jitayin, hoo hiyv lvqc-loosaqbo nyi tulungam swrsongam dvb jitayin
Oh grant us help against the foe, for vain is the salvation of man!	Hoggab nyia koam ywwlin dvb nyiloqkam, ngulam nyemaqb nyidwn, hoggab nyia koam ywwlin dvb nyidwb nyidwb nyidwb nyidwb nyidwb nyidwb nyidwb nyidwb nyidwb nyidwb nyidwb nyidwb nyidwb nyidwb nyidwb nyidwb nyidwb nyidwb nyidwb nyidwb nyidwb nyidwb nyidwb nyidwb nyidwb nyidwb nyidwb nyidwb nyidwb nyid
He shall cleanse himself with the water on the third day and on the seventh day, and so be clean. But if he does not cleanse himself on the third day and on the seventh day, he will not become clean.	Mwv atv iss lvgab aal loum aalho la aal loum aalho dvrwq tayin, hoo hoqgab dvrwq tayin. Hvbmabde mwv aal loum aalho la aal loum aalho dvrwq tayin, mwv dvrwq tayin.
Know therefore today that he who goes over before you as a consuming fire is the Lord your God. He will destroy them and subdue them before you. So you shall drive them out and make them perish quickly, as the Lord has promised you.	Hoqgab soolo cengto, hiyv noqg aga hoqgv wm dvb wmin gvdwn, noqg Pwnbo At Swv. Mwv bulam mvpaq tayin hoo noqg aga hoqgv bulam mvpaq tayin. Hoqgab no bulam ruqpaq tayin hoo At Sw nam aldvn hvb bulam vcjaqb mvpaq tayin.
“No Ammonite or Moabite may enter the assembly of the Lord . Even to the tenth generation, none of them may enter the assembly of the Lord forever,	Amon nyi akv ho Moab nyi akv At Swg dvrwqbo dookub haatayin. Hoqgv vnyw hoqgv, hoq tulu ham At Swg dvrwqbo dookub haatayin,
And in Ecbatana, the citadel that is in the province of Media, a scroll was found on which this was written: “A record.	Hoo Media gvda hoqgv Eqtana hoqgv, hoqgv soqgv xeqlwq kunum, Nyiqry benam hvl xeqlwq kunum, hoqho soqgv xeqlwq kunum: Nyiqry benam hvl xeqlwq kunum, Nyiqry benam hvl xeqlwq kunum, Nyiqry benam hvl xeqlwq kunum.
And Elisha saw it and he cried, “My father, my father! The chariots of Israel and its horsemen!” And he saw him no more. Then he took hold of his own clothes and tore them in two pieces.	Hoo Ilisa ham kaapanum hoo mwv goqr kunum, Ngoqg ab, ngoqg ab! Israelwg ceriot tulungam la hoqg svpur tulungam! Hoo mwv mwam lokta kaapa maanum. Ho mwv mwwg atwg vjam naareqnum hoo hoq tulu ham vnyiq-vnyiq paku.
with the grain offering and the drink offerings for the bulls, for the rams, and for the lambs, in the prescribed quantities;	svv hvvb, sviya gab, hoo sviya gab, hoqgv pvvb tulungam pvvb jinam mam hoo twwlinam mam pvvb jinam mam pvvb jinam mam pvvb jinam mam pvvb jinam mam pvvb jinam mam pvvb jinam mam pvvb jinam mam pvvb jinam mam pvvb jinam mam pvvb jinam mam pvvb jinam mam pvvb jinam mam pvvb jinam mam pvvb jinam mam pvvb jinam mam
the sons of God saw that the daughters of man were attractive. And they took as their wives any they chose.	Pwnbog ko tuup tulungv nyia ko nyem ko tulungam vcjaqb kaapanum. Hoo bulv bulug nywxwngam bulv atv nywxwngam kaapa kunum.
So Moses listened to the voice of his father-in-law and did all that he had said.	Ho Mojes mwwg nywxw abwg agam mam tapanum hoo mwwg benam mwlwngam nyinum.
Then he will say, ‘Where are their gods, the rock in which they took refuge,	Ho mwv betayin, Hoggv bulug pwnbo tulungv, bulv hoqg lvqcwngam pvxwqlwq kunum, Hoggv bulug pwnbo tulungv, ho bulv hoqg lvqcwngam pvxwqlwqlwqlwqlwqlwqlwqlwqlwqlwqlwqlwqlwqlwqlwqlwqlwqlwqlw
Give ear, O Shepherd of Israel, you who lead Joseph like a flock. You who are enthroned upon the cherubim, shine forth.	Israelwg Nyiitwrbo, no hoggv Josapnvn sviya hvb pvvb bwwl dootayin, tato, no cherubim tulug aoho pvvb bwwl dootayin.
And sons were born to David at Hebron: his firstborn was Amnon, of Ahinoam of Jezreel;	Hoo Debidnvn Hebronho ko tuup tulungv paqnum: mwwg ko tuupv Amnon, Jisreelwg Ahinoam hoqgv;
Keep far from a false charge, and do not kill the innocent and righteous, for I will not acquit the wicked.	Jvqtw jaqb wmto, hoo nyic-cwrnam mam la jvqtwngam mengma, hoggab ngo nyic-cwrnamboam pvvb mvma.
And I heard the man clothed in linen, who was above the waters of the stream; he raised his right hand and his left hand toward heaven and swore by him who lives forever that it would be for a time, times, and half a time, and that when the shattering of the power of the holy people comes to an end all these things would be finished.	Hoqgab ngo lvqc-loosaqb vjam hoqg nyi akwn ngo tapa kunum. Mwv mwwg lvqbwq alaqkam la mwwg lvqbwq alaqkam ao gvda hoqgv lengnum hoo mwv nwrba gob swwnum, hoqgab hoqhv vnyw, vnyw, hoo vnyw nywx-nywx-nywx-nywx-nywx-nywx-nywx-nywx-nywx-nyw
When they could not pay, he cancelled the debt of both. Now which of them will love him more?”	Kokw so bulv hog mwlwngam jitayin, hoqgab mwv bulam mwlwngam jitayin. Hoqgab bulug pengko hoqgv mwam hog mwlwngv hog mwlwngv hog mwlwngam hog mwlwngam hog mwlwngam hog mwlwngam hog mwlwngam hog mwlwngam mwlwngam mwlwngam mwlwngam mwlwngam mwlwngam mwlwngam mwlwngam mwlwngam mwlwngam mwlwngam mwlwngam mwlwng
“Take the loincloth that you have bought, which is around your waist, and arise, go to the Euphrates and hide it there in a cleft of the rock.”	Noqg lvqcwngam noqg lvqcwngam naato, hoo gorabto, Iupratas gvdaho wta hoo hoqho lvqcwngam lvqc-loosaq lvgab dootayin.
For the house of Israel and the house of Judah have been utterly treacherous to me, declares the Lord .	Hoggab Israelwg nombungam la Judag nombungam ngoqg lvgab vcjaqb nyinum, At Sw bibwqdo.
But when raw flesh appears on him, he shall be unclean.	Hvbmabde hwdlo mwwg aoho svdinamv kaapa to, mwv dvrwq maanam jaqb nyidwb nyidwb nyidwb nyidwb nyidwb nyidwb nyidwb nyidwb nyidwb nyidwb nyidwb nyidwb nyidwb nyidwb nyidwb nyidwb nyidwb nyidwb nyidwb nyidwb nyidwb nyidwb nyidwb nyidwb nyidwb nyidwb nyidwb nyidwb nyidwb nyidwb nyidwb nyidwb nyid
And when they had entered, they went up to the upper room, where they were staying, Peter and John and James and Andrew, Philip and Thomas, Bartholomew and Matthew, James the son of Alphaeus and Simon the Zealot and Judas the son of James.	Kokw so bulv haanum, ho Pitor la Jon la Jakub la Andriyas, Pilip la Tomas, Bartolomey la Matiyu, Alpewg ko tuup Jakub la Jeloot Simon hoo Jakubwg ko tuup Judas ho doonum.
And I will multiply people on you, the whole house of Israel, all of it. The cities shall be inhabited and the waste places rebuilt.	Hoo Israelwg nombungam, hoq mwlwngam, ngo nulug aoho nyiilungam mvdwb mvtayin. Bopam tulungam nyiingv dootayin hoo wleqgo doonbo nyi tulungam mvdwb mvtayin.
Come, let us deal shrewdly with them, lest they multiply, and, if war breaks out, they join our enemies and fight against us and escape from the land.”	Haato, ngulv bulug lvgab mwwjw-mwlwqb nyito, hvbmabde bulv vcjaqb nyiloqkam, hoo, nyob patab nyiloqkam, bulv ngulug ceebio tulungam lvgab lvgab dootayin hoo ngulam ceekol nyob patab hoo gvda hoqgv lengdwn.
They were gathered at Jerusalem in the third month of the fifteenth year of the reign of Asa.	Asag lvpw atwg vnyw camleq camleq hoqgv bulv Jerusalemho hookumnum.
In righteousness you shall be established; you shall be far from oppression, for you shall not fear; and from terror, for it shall not come near you.	Jvqtw hoqgv noqg dvrwq tayin; no nyixiaqb wleq tayin, hoggab no bos maabv; hoo bos maabv, hoggab hoqhv noqg dookub haatayin.
“Woe to him who strives with him who formed him, a pot among earthen pots! Does the clay say to him who forms it, ‘What are you making?’ or ‘Your work has no handles’?	Hiyv hiyv hiyv mwam pvvb bwwl doogwn hvb nyidwn, hiyv mwwg pvvb bwwl doogwn hvb nyidwn! Hiyv pvvb bwwl doogwn hvb nyidwn, Hoggv no nyidwn? ho Noqg bon nyidwn hoqgv nyidwn?
For deep darkness is morning to all of them; for they are friends with the terrors of deep darkness.	Hoggab bulam mwlwngam mwwpa dvn; hoggab bulv mwwpa dvn hoqg vcjaqb mwwpa dvn.
In these you too once walked, when you were living in them.	Hwdlo nulv hoq tuluho doonbo hvl nulv hog mwlwngam nyidwn, nulv hog mwlwngam nyidwn, ho nulv hog mwlwngam nyidwn, ho nulv hog mwlwngam nyidwn, ho nulv hog mwlwngam nyidwn, ho nulv hog mwlwngam nyidwn, ho nulv hog mwlwngam nyidwn, ho nulv hog mwlwngam nyidwn, ho nulv hog mwlwngam nyidwn.
You worship what you do not know; we worship what we know, for salvation is from the Jews.	Nulv hogloqam cengma dvn, hvbmabde ngulv hogloqam cengma dvn, hoggab Juhudi nyi tulug hoqgv ywwlinamv.
And for the cleansing of the house he shall take two small birds, with cedarwood and scarlet yarn and hyssop,	Hoo nam hoqg dvrwqnam gab mwv pvta vnyi vnyi vnyi vnyi vnyi vnyi vnyi vnyi vnyi vnyi vnyi vnyi vnyi vnyi vnyi vnyi vnyi vnyi vnyi vnyi vnyi vnyi vnyi vnyi vnyi vnyi vnyi vnyi vnyi vnyi vnyi vnyi vnyi vnyi vnyi vnyi vnyi vnyi vnyi vnyi vnyi vnyi vnyi vnyi vnyi vnyi vnyi vnyi vnyi vnyi vnyi vnyi vnyi vnyi vnyi
And now your eyes see, and the eyes of my brother Benjamin see, that it is my mouth that speaks to you.	Hoo sija noqg vnyiqkv kaapa ku, hoo ngoqg vbw Benjaminwg vnyiqkv kaapa ku, ngoqg agamv noqg lvgab agam goonum.
And there has not arisen a prophet since in Israel like Moses, whom the Lord knew face to face,	Hoo Israel hoqgv Mojes hvb nyiqry benbo ak hvb nyima dvn, hiyv At Sw mwwg nyuqm-mviyaqkam cengma dvn,
You shall not fall in with the many to do evil, nor shall you bear witness in a lawsuit, siding with the many, so as to pervert justice,	Nulv vigo lvgab nyixiaqb bon nyinam mam mvtayin, ho jvqtwngam twryum-twryum dvb, nulv vigo lvgab nyixiaqb nyidwn, ho jvqtwngam twryum-twryum-twryum-twryum-twryum-twryum-twryum-twryum-twryum-twryum-twryum-twryum-twryum-twryum-twryum-twryum-twryum
However, they would not listen, but they did according to their former manner.	Hvbsujaqkam bulv tapa maanum, hvbmabde bulug otuqho bulug nyinam hvb bulv nyinum.
You brought us into the net; you laid a crushing burden on our backs;	No ngulam svvn hoqgv wlwq kunum; no ngulug lvqbwq-loosaqb mvdwb mvdwb mvdwb mvdwb mvdwb mvdwb mvdwb mvdwb mvdwb mvdwb mvdwb mvdwb mvdwb mvdwb mvdwb mvdwb mvdwb mvdwb mvdwb mvdwb mvdwb mvdwb mvdwb mvdwb mvdwb mvdwb mvdwb mvdwb mvdwb mvdwb mvdwb mvdwb mvd
Then Zerubbabel the son of Shealtiel and Jeshua the son of Jozadak arose and began to rebuild the house of God that is in Jerusalem, and the prophets of God were with them, supporting them.	Ho Sealtiyelwg ko tuup Jerubbabel la Jojadakwg ko tuup Jesua gorabnum hoo Jerusalemho doonbo Pwnbog nammam mvdwb mvnum, hoo Pwnbog nyiqry benbo tulungv bulug lvgab bulug lvgab dooknum.
And he broke in pieces the pillars and cut down the Asherim and filled their places with the bones of men.	Hoo mwv pwnbo tulungam twryum-twryumnum hoo Aserim tulungam twryum-twryumnum hoo bulug dook tulungam nyi tulungam lvqc-loosaq lvgab lvqc-lvqc lvgab lvqc-lvqc lvgab lvqc-lvqc lvgab lvqc-lvqc lvgab lvqc-lvqc lvgab lvqc-lvqc lvgab lvq
And he sent another servant. But they also beat and treated him shamefully, and sent him away empty-handed.	Kokw so mwv atwg nyera akwn goqnum. Hvbmabde bulv hoqg nyera akwn mwwpa kunum hoo mwwpa kunum, hoo mwwg alaqkv wleq kunum.
Already you have all you want! Already you have become rich! Without us you have become kings! And would that you did reign, so that we might share the rule with you!	Nulv hog mwlwngam nyidwn! Nulv hog mwlwngam nyidwn! Ngulug lvgab nulv lvpw-hatiam lvpw-hatiam lvpw-hatiam lvpw-hatiam lvpw-hatiam lvpw-hatiam lvpw-hatiam lvpw-hatiam lvpw-hatiam lvpw-hatiam lvpw-hatiam lvpw-hatiam lvpw-hatiam lvp
I am the Lord your God from the land of Egypt; I will again make you dwell in tents, as in the days of the appointed feast.	Ngo nulug Pwnbo At Sw Ijipt gvda hoqgv; ngo nulam lokta xumk dvpar hoqgv, hoq hvb nyidwb nyidwb nyidwb nyidwb nyidwb nyidwb nyidwb nyidwb nyidwb nyidwb nyidwb nyidwb nyidwb nyidwb nyidwb nyidwb nyidwb nyidwb nyidwb nyidwb nyidwb nyidwb nyidwb nyidwb nyidwb nyidwb nyidwb nyidwb nyidwn.
Hear what the Lord says: Arise, plead your case before the mountains, and let the hills hear your voice.	At Sw hoggv bedo ham tapa to: Durumto, puutu tulug agaho noqg dingrnam mam kaapa to, hoo puutu tulungam noqg goonam mam tapa to.
Keep steady my steps according to your promise, and let no iniquity get dominion over me.	Noqg dingrnam hvb ngoqg nyinam mam jvqtw dvn, hoo nyixiaqkam ngoqg aoho pvvb bwwl doogma.
He also made ten basins in which to wash, and set five on the south side, and five on the north side. In these they were to rinse off what was used for the burnt offering, and the sea was for the priests to wash in.	Mwv hoqho pwqlwq dvb mvnum, hoo nyoodum hoqgv kvn goqnum, hoo nyoodum hoqgv kvn goqnum. Hoq tuluho bulv hoqho boyuqnam akiam pwqlwqnum, hoo sa-svlog nyub tulungv hoqho pwqlwqnum.
he said, “To you it has been given to know the secrets of the kingdom of God, but for others they are in parables, so that ‘seeing they may not see, and hearing they may not understand.’	Mwv birwqnum, Nulv Pwnbog lvpw atwg mwwjwbo mwwjw tulungam cengdwn, hvbmabde nyi tulungam bulv bedwn, Nulv kaapa tvl kaapa tvl kaapa tvl kaapa tvl kaapa tvl kaapa tvl kaapa tvl kaapa tvl kaapa tvl kaapa tvl kaapa tvl kaapa tvl kaapa tvl kaapa tvl kaapa tvl kaapa tvl kaapa tvl kaapa tvl kaapa tv
Praise the Lord ! Blessed is the man who fears the Lord , who greatly delights in his commandments!	At Swn paqto! Hiyv At Swn bos do, hiyv mwwg gaml jinam mam vcjaqb vcjaq dvn!
And Jesus said to them, “Neither will I tell you by what authority I do these things.”	Jisu bulam birwqnum, Hoggub ngo soq tulu sam hoggv nyidwn, ngo nulam bedwn.
And all the assembly of those who had returned from the captivity made booths and lived in the booths, for from the days of Jeshua the son of Nun to that day the people of Israel had not done so. And there was very great rejoicing.	Hoo nyerab hoqgv hoqgv hoqgv wkur kunbo nyi mwlwngv tombu tulungam mvnum hoo tombu tulug ho doonum, hoggab Nunwg ko tuup Jesug aal hoqgv hoq aalam Israel nyiilungv hoqgv nyinum. Hoo vcjaqb vcjaqb hempnum.
And Nathan said to the king, “Go, do all that is in your heart, for the Lord is with you.”	Hoo Natan lvpw atam benum, Wta, noqg hangv hog mwlwngam nyidwn, hoggab At Sw noqg lvgab doodo.
On the lips of him who has understanding, wisdom is found, but a rod is for the back of him who lacks sense.	Mwwlaqbo nyi akwg agamho mwwlaqkam kaapa dvn, hvbmabde mwwlaqbo nyi akwg lvgab svvqlwqlwqlwqlwqlwqlwqlwqlwqlwqlwqlwqlwqlwqlwqlwqlwqlwqlwqlwqlwqlwqlwqlwqlwqlwqlwqlwqlwqlwqlwql
But if Christ is in you, although the body is dead because of sin, the Spirit is life because of righteousness.	Hvbmabde Kriston nulug pengko ho doodo, hvbsujaqkam nulv nyic gab swwdwn, hvbsujaqkam nulv jvqtw jaqb swwdwn, hvbsujaqkam nulv jvqtw jaqb swwdwn, hvbsujaqkam nulv jvqtw jaqb swwdwn, hvbsujaqkam nulv jvqtw jaqb swwdwn, hvbsujaqkam nulv jvqtw jaqb swwdwn.
In that day the deaf shall hear the words of a book, and out of their gloom and darkness the eyes of the blind shall see.	Hoq aalho soq nyi tulungam pvvb tulug gomcwr tulungam tapa tayin, hoo bulug vnyiqkam la vnyiqkam vnyiqkam vnyiqkam vnyiqkam kaapa tayin.
Jesus said to them again, “Peace be with you. As the Father has sent me, even so I am sending you.”	Jisu bulam lokta benum, Nulug lvgab swrso doogto! Abv ngam kanam dvb ngo nulam kanam dvb kanam dvb.
let their eyes be darkened so that they cannot see, and bend their backs forever.”	Bulug vnyiqkv vnyiqkv vnyiqkv vnyiqkv vnyiqkv vnyiqkv vnyiqkv vnyiqkv vnyiqkv vnyiqkv vnyiqkv vnyiqkv vnyiqkv vnyiqkv vnyiqkv vnyiqkv vnyiqkv vnyiqkv vnyiqkv vnyiqkv vnyiqkv vnyiqkv vnyiqkv vnyiqkv vnyiqkv vnyiqkv vnyiqkv vnyiqkv vnyiqkv vnyiqkv vnyiqkv
What man can live and never see death? Who can deliver his soul from the power of Sheol? Selah	Hiyv nyi akv swwgam kaapa tvl swwnam mam kaapa tvl? Hiyv mwwg swwgam Poolwg alaq hoqgv ywwlin dvb mvdwb mvdwb mvdwb mvdwb mvdwb mvdwb mvdwb mvdwb mvdwb mvdwb mvdwb mvdwb mvdwb mvdwb mvdwb mvdwb mvdwb mvdwb mvdwb mvdwb mvdwb mvdwb mvdwb mvdwb mvdwb mvdwb mvdwb mv
And about ten days later the Lord struck Nabal, and he died.	Hoo aal camleq aalho At Sw Nabalnvn nyob panum, hoo mwv swwnum.
She said, “Drink, my lord.” And she quickly let down her jar upon her hand and gave him a drink.	Mwn benum, Ngoqg nyiit at, iss. Hoo mwn mwnwg alaqho mwnwg pwqlwqlwqlwqlwqlwqlwqlwqlwqlwqlwqlwqlwqlwqlwqlwqlwqlwqlwqlwqlwqlwqlwqlwqlwqlwqlwqlwqlwqlwqlwqlwql
For the days will come upon you, when your enemies will set up a barricade around you and surround you and hem you in on every side	Hoggab hoq aalv noqg aoho haatayin, ho noqg ceebio tulungv noqg pengko hoqgv naareq-naareq tayin hoo noqg pengko hoqgv naareq-naareq tayin hoo noqg lvgab naareq-naareq tayin,
And they all ate and were satisfied. And what was left over was picked up, twelve baskets of broken pieces.	Kokw so mwlwngv dvnum hoo kvvrwqnum. Kokw so vcjaqb vcjaqb vcjaqb vcjaqb vcjaqb vcjaqb vcjaqb vcjaqb vcjaqb vcjaqb vcjaqb vcjaqb vcjaqb vcjaqb vcjaqb vcjaqb vcjaqb vcjaqb vcjaqb vcjaqb vcjaqb vcjaqb vcjaqb vcjaqb vcjaqb vcjaqnum.
For Sheol does not thank you; death does not praise you; those who go down to the pit do not hope for your faithfulness.	Hoggab Sux-xaalv nam paqy maabv; deexaqnamv nam paqy maabv; hiyv yugw hoqgv yuunamv noqg mwwjwnam mam mwwpa maabv.
But Eli called Samuel and said, “Samuel, my son.” And he said, “Here I am.”	Hvbmabde Eli Samuyelnvn goqnum hoo benum, Samuyel, ngoqg ko tuup. Hoo mwv benum, Ngo si.
Then Isaiah the son of Amoz sent to Hezekiah, saying, “Thus says the Lord , the God of Israel: Because you have prayed to me concerning Sennacherib king of Assyria,	Ho Amojwg ko tuup Aijaya Hejekiya dookub kanamnum, begamv, Soq sib Israelwg Pwnbo, At Sw bedo: Hoggab Assiriyag lvpw at Senakerib gab no ngam swgwnum,
and forgive your people who have sinned against you, and all their transgressions that they have committed against you, and grant them compassion in the sight of those who carried them captive, that they may have compassion on them	hoo noqg lvgab nyic nyiv noqg nyiilungam, hoo bulug nyic nyinam mwlwngam bulv noqg lvgab nyic nyinum, hoo bulam nyera-nyera bo nyi tulug vnyiq uraho bulam mwwpa tayin, ho bulv bulam mwwpa tayin
You said, ‘Woe is me! For the Lord has added sorrow to my pain. I am weary with my groaning, and I find no rest.’	No benum, Ngo hiyv! Hoggab At Sw ngoqg vcjaqb vcjaqb vcjaqb vcjaqb vcjaqb vcjaqb vcjaqb vcjaqb vcjaqb vcjaqb vcjaqb vcjaqb vcjaqb vcjaqb vcjaqb vcjaqb vcjaqb vcjaqb vcjaqb vcjaqb vcjaqb vcjaqb vcjaqb vcjaqb vcjaqb vcjaqb vcjaq
So David went up at Gad’s word, as the Lord commanded.	Hoqgab At Swg gaml jinam hvb, Debid Gadg gomcwrnam mam pvvb wnum.
Let our lord now command your servants who are before you to seek out a man who is skillful in playing the lyre, and when the harmful spirit from God is upon you, he will play it, and you will be well.”	Ngulug nyiit atv sija noqg agaho doonbo noqg nyera tulungam gaml jinam mam kaapa mvto, hoo hwdlo Pwnbo hoqgv nyixiaq bo dvparv noqg aoho haatayin, mwv hoqham mvtayin, hoo no mwwpa tayin.
O Lord , why do you cast my soul away? Why do you hide your face from me?	At Swa, hoggub no ngoqg swwgam ruqpaq dvn? Hoggub no noqg nyuqm mam ngoqg hoqgv mwwpa dvn?
Woe is me because of my hurt! My wound is grievous. But I said, “Truly this is an affliction, and I must bear it.”	Ngoqg lvqbwqnam gab ngo mwwpa kun! Ngoqg lvqbwqnamv vcjaq dvn. Hvbmabde ngo benum, Jvqtw jaqb soq si vcjaqb nyidwn, hoo ngo hoqham dvb mvtayin.
The wisest of women builds her house, but folly with her own hands tears it down.	Mwwlaqb nywxwngv mwnwg nam mam mvdwb mvdwn, hvbmabde mwnwg alaq hoqgv mwwdwnamv hoqham mvdwb mvdwb mvdwb mvdwb mvdwb mvdwb mvdwb mvdwb mvdwb mvdwb mvdwb mvdwb mvdwb mvdwb mvdwb mvdwb mvdwb mvdwb mvdwb mvdwb mvdwb mvdwb mvdwb mvdwb mvdwb mvdwb mvdwb mvdwb
and if you are sure that you yourself are a guide to the blind, a light to those who are in darkness,	Nulv mwwjwbo nyi tulungam nyiqry benbo nyiqry benbo nyiqry benbo nyi tulungam nyiqry benbo nyi tulungam nyiqry benbo nyiqry benbo nyi tulungam nyiqry benbo nyiqry benbo nyiqry benbo nyiqry benbo nyiqry benbo nyiqry benbo nyiqry benbo nyiqry benbo nyiqry benbo nyiqry benbo nyiqry benbo nyiqry benbo nyiqry benbo nyiqry benbo nyiqry benbo nyiq
Sell your possessions, and give to the needy. Provide yourselves with moneybags that do not grow old, with a treasure in the heavens that does not fail, where no thief approaches and no moth destroys.	Nulug hog mwlwngam vcjaqto, hoo hiyv mwwpa tulungam jitayin. Nulv atv atwg mwlwngam vcjaq-vcjaqb vcjaqb vcjaqb vcjaqb vcjaqb vcjaqb vcjaqb vcjaqb vcjaqb vcjaqb vcjaqb vcjaqb vcjaqb vcjaqb vcjaqb vcjaqb vcjaqb vcjaqb vcjaqb vcjaqb vcjaqb vcja
He made it and all its utensils out of a talent of pure gold.	Mwv hoq tulu ham la hoqg vcjaq mwlwngam hun talenta hoqgv mwv mvdwb mvdwb mvdwb mvdwb mvdwb mvdwb mvdwb mvdwb mvdwb mvdwb mvdwb mvdwb mvdwb mvdwb mvdwb mvdwb mvdwb mvdwb mvdwb mvdwb mvdwb mvdwb mvdwb mvdwb mvdwb mvdwb mvdwb mvdwb mvdwb mvdwb mvdwb mvdwb mvdwb mv
The God of Israel has spoken; the Rock of Israel has said to me: When one rules justly over men, ruling in the fear of God,	Israelwg Pwnbov agam goonum; Israelwg Lvpw atv ngam benum: Hwdlo nyi tulungv jvqtw jaqb pvvb bwwl dootayin, Pwnboam bosnam mam pvvb bwwl dootayin,
They said to God, ‘Depart from us,’ and ‘What can the Almighty do to us?’	Bulv Pwnboam benum, Ngulug pengko hoqgv wleqto, hoo Hoggv Pwnbov ngulug lvgab nyidwn?
I wait for your salvation, O Lord .	At Swa, noqg ywwlinam mam ngo tama dvn.
Again she conceived and bore a son, and said, “Now this time my husband will be attached to me, because I have borne him three sons.” Therefore his name was called Levi.	Kokw so mwn mwn ko tuupnum hoo ko tuupam paqnum, hoo benum, Soq si ngoqg nywxwngv ngoqg lvgab dootayin, hoggab ngo mwam ko tuup tulungam paqnum. Hoqgab mwwg eminam Lebi hvl goqnum.
Your name, O Lord , endures forever, your renown, O Lord , throughout all ages.	At Swa, noqg eminv nwrba gob doodo, At Swa, noqg eminv nwrba gob doodo.
‘I will establish your offspring forever, and build your throne for all generations.’” Selah	Ngo noqg ko tuupam nwrba gob mvtayin, hoo noqg pwqlw hoqgv nwrba gob mvtayin. Sela
For nation will rise against nation, and kingdom against kingdom. There will be earthquakes in various places; there will be famines. These are but the beginning of the birth pains.	Hoggab nyob tulungv nyob tulungam ceekol ceekol ceekol ceekol ceekol ceekol ceekol ceekol ceekol ceekol ceekol ceekol ceekol ceekol ceekol ceekol ceekol ceekol ceekol ceekol ceekol ceekol ceekol ceekol ceekol ceekol ceekol ceekol ceekol ceekol ceekol ceekol ceekol ceekol ceekol ceekol ceekol ceekol ceek
After greeting them, he related one by one the things that God had done among the Gentiles through his ministry.	Kokw so Pwnbov bulam mwwpa kunum, hoo Pwnbov mwwg bonam tulu hoqgv nyi tulug pengko ho Pwnbov hoggv nyinam mam nyipa kunum.
Ahaz was twenty years old when he began to reign, and he reigned sixteen years in Jerusalem. And he did not do what was right in the eyes of the Lord his God, as his father David had done,	Hwdlo Ahaj pvvb bwwl doognum, mwv vnyw camnyi go doonum, hoo mwv Jerusalemho vnyw camleq go pvvb bwwl doognum. Hoo mwwg ab Debidg nyinam hvb mwv mwwg Pwnbo At Swg vnyiq kaakinam nyinum,
and perhaps I will stay with you or even spend the winter, so that you may help me on my journey, wherever I go.	Hoqgab ngo nulug lvgab dootayin hvb nyiloqkam nulv ngoqg lvgab dootayin hvb nyiloqkam nulv ngoqg lvgab dootayin hvb nyiloqkam ngoqg lvgab dootayin hvb nyiloqkam nulv ngoqg lvgab dootayin hvb nyiloqkam ngoqg lvgab dootayin hvb nyiloqkam nulv ngoqg lvgab dootayin hvb nyiloqkam dootayin.
“Remember that my life is a breath; my eye will never again see good.	Ngoqg swwgam vcjaqb nyidwn; ngoqg vnyiqkv aljaqkam aljaqkam kaapa tayin.
And the man Micah had a shrine, and he made an ephod and household gods, and ordained one of his sons, who became his priest.	Hoo Miika nyi ak hoqg dvrwq namgub doonum, hoo mwv efod la nam uraho pwnbo tulungam mvnum, hoo mwwg ko tuup tulungv mwwg nyub ak gob mvnum.
But when Pharaoh saw that there was a respite, he hardened his heart and would not listen to them, as the Lord had said.	Hvbmabde At Swg benam hvb At Swg benam hvb, hwdlo Parog kaapanam mam kaapanum, mwv mwwg hangv vcjaqb mvnum hoo bulam tapa maanum.
my soul is bereft of peace; I have forgotten what happiness is;	ngoqg hangv swrso hoqgv lengdwn; ngo hempv hoggv hemp dvn hvl mwwpa paku; Ngo hempv hoggv hemp dvn, ngo hempv hoggv hempdvn, ngo hempv hoggv hempdvn, ngo hempv hoggv hempdvn, ngo hempdvn, ngo hempdvn, ngo hempdvn, ngo hempdvn, ngo hempdvn, ngo hempdvn, ngo hempdvn
Take care that you do not neglect the Levite as long as you live in your land.	Nulv noqg gvdaho doonbo hwdlo Lebi nyi tulungam nulv mwwpa mvma dvn hvl mwwpa mvdwb nyiloqkam mwwpa mvdwb mwwpa mvdwb mwwpa mvdwb mwwpa mvdwb mwwpa mvdwb mwwpa mvdwb mwwpa mvdwb mwwpa mvdwb mwwpa mvdwb mwwpa mvdwb mwwpa mvdwb mwwpa mvdwb mwwpa mvdwb mwwpa mvdwb mwwpa
And the word of the Lord came to me:	Hoo At Swg gomcwrv ngam haanum:
Now the wise men, the enchanters, have been brought in before me to read this writing and make known to me its interpretation, but they could not show the interpretation of the matter.	Sija mwwlaqbo nyi tulungv, nyiqry benbo nyi tulungv ngoqg agaho haanum, ho soq pvvb sam ngoqg agaho tomswr dvb hoo hoqg tomswrnam mam betayin, hvbmabde bulv hoqg tomswrnam mam betayin.
Who shall bring any charge against God’s elect? It is God who justifies.	Hiyv Pwnbog nyi tulungam ceekol doodwn? Hiyv Pwnbov hiyv jvqtwngam jvqtwngam jvqtwngam jvqtwngam jvqtwngam jvqtwngam jvqtwngam jvqtwngam jvqtwngam jvqtwngam jvqtwngam jvqtwngam jvqtwngam jvqtwngam jvqtwngam jvqtwngam jvqtwngam jvqtwngam jvqtwngam jvqtwngam j
And have mercy on those who doubt;	Hoqgab mwwjwbo nyi tulungam mwwjwbo nyi tulungam mwwjwbo nyi tulungam mwwjwbo nyi tulungam mwwjwbo nyi tulungam mwwjwbo nyi tulungam mwwjwbo nyi tulungam mwwjwbo nyi tulungam mwwjwbo nyi tulungam mwwjwbo nyi tulungam mwwjwbo nyi tulungam mwwjwbo nyi tulungam mwwjwbo nyi tulungam mwwjwbo nyi tulungam mwwjwbo nyi tulungam mwwjwbo nyi tulungam mwwjwbo nyi tulungam mwwjwbo
You will be delivered up even by parents and brothers and relatives and friends, and some of you they will put to death.	Nulug ab-annam la vbw-bor tulu hoqgv, nulug imiq tulu hoqgv, hoo bulv nulug pengko hoqgv mengtayin, hoo bulv nulug pengko hoqgv mengtayin, hoo bulv nulug pengko hoqgv mengtayin, hoo bulv nulug pengko hoqgv mengtayin, hoo bulv nulug pengko hoqgv mengtayin, hoo bulv nulug pengko hoqgv mengtayin.
So the four angels, who had been prepared for the hour, the day, the month, and the year, were released to kill a third of mankind.	Hoqgab hoq aalho, hoq aalho, hoq aalho, hoq aalho, hoq aalho, hoq aalho, hoq aalho, hoq aalho, hoq aalho, hoq aalho, hoq aalho, hoq aalho, hoq aalho, hoq aalho, hoq aalho, hoq aalho, hoq aalho, hoq aalho, hoq aalho, hoq aalho, hoq a
The Lord God , who gathers the outcasts of Israel, declares, “I will gather yet others to him besides those already gathered.”	Pwnbo At Sw, hiyv Israelwg nyob paqtayin boam goqkum dvn, Hoggub hoqgv hoqgv hoqgv hoqgv hoqgv hoqgv hoqgv hoqgv hoqgv hoqgv hoqgv hoqgv hoqgv ngo hoqgv hoqgv hoqgv hoqgv hoqgv hoqgv hoqgv hoqgv hoqgv hoqgv hoqgv
And the battle was very fierce that day. And Abner and the men of Israel were beaten before the servants of David.	Hoo hoq aalho nyob patab nyob panum. Hoo Debidg nyera tulug agaho Abner la Israel nyi tulungam mengnum.
Now Hiram king of Tyre sent his servants to Solomon when he heard that they had anointed him king in place of his father, for Hiram always loved David.	Hwdlo mwwg abwg kwlib bulv mwam lvpw at gob xuqlinum hvl mwv tapa yin, Tirowg lvpw at Hiram mwwg nyera tulungam Solomonwg dookub kanamnum, hoggab Hiram Debidnvn tumab abynum.
but a fearful expectation of judgment, and a fury of fire that will consume the adversaries.	hvbmabde hoqgv mwwjw-mwwgwb nyidwn, hoo hoqgv atwg ceebi tulungam wm dvb wm dvb wm dvb wm dvb mwwjw dvb mwwjw dvb mwwjw dvb mwwjw dvb mwwjw dvb mwwjw dvb mwwjw dvb mwwjw dvb mwwjw dvb mwwjw dvb mwwjw dvb mwwjw dvb mwwjw dvb mwwjw dvb mwwjw dvb mwwjw dv
So God blessed the seventh day and made it holy, because on it God rested from all his work that he had done in creation.	Hoqgab Pwnbov kvn aalho lvqc kunam mam lvqc kunum hoo hoqham dvrwq kunum, hoggab hoq aalho Pwnbov mwwg nyinam mwlwngam hoqgv kvvrwq kunum.
How long must I see the standard and hear the sound of the trumpet?	Hwdlo ngo pvlywqkam kaapa tvb kaapa tvb kaapa tvb kaapa tvb kaapa tvb kaapa tvb kaapa tvb kaapa tvb kaapa tvb kaapa tvb kaapa tvb kaapa tvb kaapa tvb kaapa tvb kaapa tvb kaapa tvb kaapa tvb kaapa tvb kaapa tvb kaapa tvb kaapa tvb kaapa tvb kaapa tvb kaapa tvb kaapa tvb kaapa tvb kaapa tvb kaapa tvb kaapa tvb
And you shall put the poles into the rings on the sides of the ark to carry the ark by them.	Hoo no svpur tulungam pvvb pvvb uddumho pvvb pvvb uddum hoqgv pvvb uddum mvdwb mvtayin, hoq tulu hoqgv pvvb uddum mvdwb nyidwb nyidwb nyidwb nyidwb nyidwb nyidwb nyidwb nyidwb nyidwb nyidwb nyidwb nyidwb nyidwb nyidwb nyidwb nyidwb nyidwb nyidwb nyidwb nyidwb nyidwb nyidwb nyidwn.
A man who bears false witness against his neighbor is like a war club, or a sword, or a sharp arrow.	Hiyv hiyv mwwg nyiilungam ceekol ceekol ceekol ceekol ceekol ceekol ceekol ceekol ceekol ceekol ceekol ceekol ceekol ceekol ceekol ceekol ceekol ceekol ceekol ceekol ceekol ceekol ceekol ceekol ceekol ceekol ceekol ceekol ceekol ceekol ceekol ceekol ceekol ceekol ceekol ceekol ceekol ceekol ce
Older women likewise are to be reverent in behavior, not slanderers or slaves to much wine. They are to teach what is good,	Hoq kokw so nywxw nywxw nywxw nywxw nywxw nywxw nywxw nywxw nywxw nywxw nywxw nywxw nywxw nywxw nywxw nywxw nywxw nywxw nywxw nywxw nywxw nywxw nywxw nywxw nywxw nywxw nywxw nywxw nywxw nywxw ny
for the soil of my people growing up in thorns and briers, yes, for all the joyous houses in the exultant city.	hoggab ngoqg nyiilug gvda mwlwngv twngk hoqgv hoo twngk hoqgv, haa, hwnyir-hwnyirbo bopam ho doonbo nammwram mwlwngam hog hwnyir-hwnyir dvb mvdwb nyidwb nyidwb nyidwb nyidwb nyidwb nyidwb nyidwb nyidwb nyidwb nyidwb nyidwb nyidwb nyidwb nyidwb nyidwb nyidwb nyidwb nyidwb nyidwn.
Therefore, thus says the Lord of hosts, the God of Israel: Behold, I am bringing punishment on the king of Babylon and his land, as I punished the king of Assyria.	Hoqgab, soq sib Israelwg Pwnbo, nyiit At Sw bedo: Kaato, ngo Assiriyag lvpw atam ceeko dvb, Bebilonwg lvpw atam la mwwg gvdangam ceeko mvtayin.
With trumpets and the sound of the horn make a joyful noise before the King, the Lord !	Tuup tulungam la tuup tulungam lvpw at At Swg agaho hemp-hemp mvdwb mvdwb mvdwb mvdwb mvdwb mvdwb mvdwb mvdwb mvdwb mvdwb mvdwb mvdwb mvdwb mvdwb mvdwb mvdwb mvdwb mvdwb mvdwb mvdwb mvdwb mvdwb mvdwb mvdwb mvdwb mvdwb mvdwb mvdwb mvdwb mvdwb mvdwb mvdwb mvdwb mvdwb
The flesh and the skin he burned up with fire outside the camp.	Hoqg vdinam la vdinam mwv svmcw hoqgv wm dvb wm dvb wm dvb wm dvb wm dvb wm dvb wm dvb wm dvb wm dvb wm dvb wm dvb wm dvb wm dvb wm dvb wm dvb wm dvb wm dvb wm dvb wm dvb wm dvb wm dvb wm dvb wm dvb wm dvb wm dvb wm dvb wm dv
As the bridegroom was delayed, they all became drowsy and slept.	Hwdlo nywxwngv vc loodab wnum, hvbmabde bulv mwlwngv vc loodab wnum, hvbmabde bulv vc loodab wnum, hvbmabde bulv vc loodab wnum, hvbmabde bulv vc loodab wnum, hvbmabde bulv vc loodab wnum, hvbmabde bulv vc loodab wnum, hvbmabde bulv vc loodab vc loodab wnum.
Therefore, as the tongue of fire devours the stubble, and as dry grass sinks down in the flame, so their root will be as rottenness, and their blossom go up like dust; for they have rejected the law of the Lord of hosts, and have despised the word of the Holy One of Israel.	Hoqgab, hoq hvb nyiloqkam wm dvb mvdwb nyiloqkam, hoo wm dvb wm dvb wm dvb wm dvb mvdwb nyiloqkam, hoqgab bulug lvqcwngv dvrwqnam hvb nyitayin, hoo bulug lvqcwngv dvrwqnam hvb wtayin; hoggab bulv nyiit At Swg pvvb bwwtayin, hoo Israelwg Dvrwqbo Akwg gomcwrnam mam mwwdwn.
Who stirred up one from the east whom victory meets at every step? He gives up nations before him, so that he tramples kings underfoot; he makes them like dust with his sword, like driven stubble with his bow.	Hiyv dou-cagag hoqgv nyebiaqnam nyi tulungam ceekol dootayin? Mwwg agaho mwv nyob tulungv jitayin, ho mwv lvpw at tulungam lvpiaql wm dvb mvtayin; mwwg lyoqr orioq lvgab mwv bulam mvdwb mvtayin, mwwg lwwyw lvgab wm dvb mvdwb mvtayin.
But the man who was wronging his neighbor thrust him aside, saying, ‘Who made you a ruler and a judge over us?	Hvbmabde mwwg nyiilungam nyixiaqb nyiloqkam mwv mwam ceekol wmnum hoo benum, Hiyv nam ngulug aoho lvpw at gob nyipa ku?
“‘And you shall not steal.	Hoo nulv dvma dvn.
then you shall say to your son, ‘We were Pharaoh’s slaves in Egypt. And the Lord brought us out of Egypt with a mighty hand.	ho no noqg ko tuupam betayin, Ngulv Parog Ijipt hoqgv nyera kunum. Hoo At Sw ngulam ator alaqho Ijipt hoqgv boolin kunum.
But he himself went a day’s journey into the wilderness and came and sat down under a broom tree. And he asked that he might die, saying, “It is enough; now, O Lord , take away my life, for I am no better than my fathers.”	Hvbmabde mwv atv aal loodab lamta ho wknum hoo haanum hoo svmcwngam svmcwngam dooknum. Hoo mwv mwam swwtayin hvl benum, Soq hvb nyiloqkam; sija, At Swa, ngoqg swwgam naatayin, hoggab ngoqg ab tulug aoho dooma dvn.
Moreover, the altar at Bethel, the high place erected by Jeroboam the son of Nebat, who made Israel to sin, that altar with the high place he pulled down and burned, reducing it to dust. He also burned the Asherah.	Hoq aoho, Nebatwg ko tuup Jeroboam Israelnvn nyic nyinam gab, Betel hoqg yugwngam, hoq yugwngam hoqg yugwngam mwv wmnum hoo wmnum, ho hoqhv wmnum. Mwv Aserangam ham wmnum.
And he brought me to the entrance of the court, and when I looked, behold, there was a hole in the wall.	Hoo mwv ngam pwqlw hoqgv boolin kunum, hoo hwdlo ngo kaapanum, kaato, hoqgv lvqbwq hoqgv dooknum.
But today you have rejected your God, who saves you from all your calamities and your distresses, and you have said to him, ‘Set a king over us.’ Now therefore present yourselves before the Lord by your tribes and by your thousands.”	Hvbmabde sija nulv noqg Pwnboam mwwpa ku, hiyv nam noqg vcjaqnam mwlw hoqgv hoo noqg vcjaqnam hoqgv ywwlin pakun, hoo nulv mwam benum, Ngulug aoho lvpw at gob mvtayin. Hoqgab sija nulug nyob tulu hoqgv hoo nulug nyiilu hoqgv atv At Swg agaho nulug atv haatayin.
of Sallai, Kallai; of Amok, Eber;	Salai hoqgv Kallai; Amoq hoqgv Eber;
since indeed God considers it just to repay with affliction those who afflict you,	Hvbmabde Pwnbov nulug lvgab nulug lvgab lvgab lvgab lvgab lvgab lvgab lvgab lvgab lvgab lvgab lvgab lvgab lvgab lvgab lvgab lvgab lvgab lvgab lvgab lvgab lvgab lvgab lvgab lvgab lvgab lvgab lvgab lvgab lvgab lvgab lvgab lvgab lvgab lvgab lvgab lvgab lvgab
For God has no need to consider a man further, that he should go before God in judgment.	Hoggab Pwnbov nyi akwg agaho pwqlwqlwq tayin, hoggab mwv Pwnbog agaho pwqlwqlwq tayin.
And the Lord said to Joshua, “See, I have given Jericho into your hand, with its king and mighty men of valor.	Hoo At Sw Josuanvn benum, Kaato, ngo Jerikonvn noqg alaqho, hoqg lvpw at lvgab hoo atorbo nyi tulu lvgab jitayin.
So Haman came in, and the king said to him, “What should be done to the man whom the king delights to honor?” And Haman said to himself, “Whom would the king delight to honor more than me?”	Hoqgab Haman haanum, hoo lvpw atv mwam benum, Hoggv lvpw atv yuunam mam hemp dvn? Hoo Haman mwv atv benum, Hoggv lvpw atv ngoqg aoho hemp dvn ham hemp dvn?
My lyre is turned to mourning, and my pipe to the voice of those who weep.	Ngoqg lvpiangv kvvrwq dvb mvdwn, hoo ngoqg pvpiangv kvvrwq kvvrwq kvvrwq kvvrwq kvvrwq kvvrwq kvvrwq kvvrwq kvvrwq kvvrwq kvvrwq kvvrwq kvvrwq kvvrwq kvvrwq kvvrwq kvvrwq kvvrwq kvvrwq kvvrwq kvvrwq kvvrwq kvvrwq kvvrwq kvvrw
You shall drink from the brook, and I have commanded the ravens to feed you there.”	Nulv vnyw hoqgv twwtayin, hoo hoqho noqg lvgab dvparam mam ngo gaml jinum.
And Achish trusted David, thinking, “He has made himself an utter stench to his people Israel; therefore he shall always be my servant.”	Hoo Akis Debidnvn mwwjwnum, Mwv mwwg nyiilu Israel gab mwv atv vcjaqb nyidwn; hoqgab mwv nwrba gob ngoqg nyera tayin.
Grace to you and peace from God our Father and the Lord Jesus Christ,	Ngulug ab Pwnbov la At Sw Jisu Kristog abynamv nulug swrsongam la swrso gab dooma dvn.
Better is a handful of quietness than two hands full of toil and a striving after wind.	Pwnbov lvqbwq-loosaqb la vc-cwrx-cwrx-cwrx-cwrx-cwrx-cwrx-cwrx-cwrx-cwrx-cwrx-cwrx-cwrx-cwrx-cwrx-cwrx-cwrx-cwrx-cwrx-cwrx-cwrx-cwrx-cwrx-cwrx-cwrx-cwrx-cwrx-cwrx-
And Jehoshaphat slept with his fathers and was buried with his fathers in the city of David his father, and Jehoram his son reigned in his place.	Hoo Jehosapat mwwg ab tulug lvgab mvnum hoo mwwg ab Debidg bopam ho mwwg ab tulug lvgab mwv mvnum, hoo mwwg kwlib mwwg ko tuup Jehoram pvvb bwwl doognum.
Let those who fear the Lord say, “His steadfast love endures forever.”	Hiyv At Swn bos nyi tulungv betayin, Mwwg vcjaqb abynamv nwrba gob doodo.
None of the rest dared join them, but the people held them in high esteem.	Kokw so nyi tulungv bulug lvgab lvgab haanum, hvbmabde nyiilungv bulam mwwpa kunum.
An idol! A craftsman casts it, and a goldsmith overlays it with gold and casts for it silver chains.	Dvrwqbo pagoqkam! Mwwjwnbo akv hoqham mwwpa dvn, hoo hun-mviyaq akv hoqham hun lvgab mwwpa dvn hoo hoqgab rup mwwjwnam mam mwwpa dvn. Dvrwqbo ator akv hoqham mwwpa dvn, hoo hun-mviyaq akv hoqham hun lvgab mwwpa dvn, hoo hoqham rup mwwjwnam mam mwwpa dvn.
And Joshua the son of Nun, the assistant of Moses from his youth, said, “My lord Moses, stop them.”	Hoo Nunwg ko tuup Josua, Mojesnvn mwwg vnyw hoqgv tulungv, benum, Ngoqg bir Mojes, bulam ruqpaqto.
Then Saul took three thousand chosen men out of all Israel and went to seek David and his men in front of the Wildgoats’ Rocks.	Ho Soul Israel mwlwng hoqgv nyi tulungam naareq dvb nyi tulungam 3,000 goqnum hoo Debidnvn la mwwg nyi tulug lvgab Dvrwqbo svdin tulug agaho tapanum.  Dvrwqbo Dvrwqbo Dvrwqbo Dvrwqbo Dvrwqbo Dvrwqbo Dvrwqbo Dvrwqbo Dvrwqbo Dvrwqbo Dvrwqbo Dvrwqbo Dvrwqbo Dvrwqbo
So these came to Philip, who was from Bethsaida in Galilee, and asked him, “Sir, we wish to see Jesus.”	Hoqgab bulv Galili gvda Betsaida hoqgv Philipnvn dookub haanum, Ngoqg atv, ngulv Jisun kaapanum.
Do not let my heart incline to any evil, to busy myself with wicked deeds in company with men who work iniquity, and let me not eat of their delicacies!	Ngoqg hangv hog mwlwngam nyixiaqb mwwpa tvb, nyixiaqb nyixiaqb nyijbo nyi tulug lvgab ngoqg atv nyixiaqb nyixiaqb nyidwn, hoo bulug lvqcwngam ngo dvma tvb!
For thus says the Lord of hosts, the God of Israel: Behold, I will silence in this place, before your eyes and in your days, the voice of mirth and the voice of gladness, the voice of the bridegroom and the voice of the bride.	Hoggab soq sib Israelwg Pwnbo, nyiit At Sw bedo: Kaato, ngo soq nyook ho, nulug vnyiq uraho hoo nulug aalho, hempnam mam la hempnam mam, nywxwngam mam la nywxwngam mam mvtayin.
So Joshua and all his warriors came suddenly against them by the waters of Merom and fell upon them.	Hoqgab Josua la mwwg nyob panbo mwlwngv Merom iss ho bulam ceekol nyob patab haanum hoo bulam haanum.
Cush fathered Nimrod; he was the first on earth to be a mighty man.	Kus Nimrodwg abv; mwv swcw nvg aoho aalv atorbo nyi ak hvnum.
Whoever does not bear his own cross and come after me cannot be my disciple.	Hiyv hiyv hiyv hiyv mwwg mwlwngam mwwpa tvl ngoqg kokwb wmin gvdwn, hiyv hiyv hiyv hiyv hiyv hiyv ngoqg bvrwqbo tulungv nyidwn.
You shall take the anointing oil and pour it on his head and anoint him.	Nulv svdinam tulu ham naato hoo ham mwwg dumpo ho xuqlwq tayin hoo mwam svdinamv mvdwb mvdwb mvdwb mvdwb mvdwb mvdwb mvdwb mvdwb mvdwb mvdwb mvdwb mvdwb mvdwb mvdwb mvdwb mvdwb mvdwb mvdwb mvdwb mvdwb mvdwb mvdwb mvdwb mvdwb mvdwb mvdwb mvdwb mvdwb mvdwb mvdwb mvdwb mvdwb mv
Let your work be shown to your servants, and your glorious power to their children.	Noqg bon nyera tulungam noqg bon nyinam mam, hoo noqg yuunam mam bulug ko tulungam kaakin tayin.
It is the glory of God to conceal things, but the glory of kings is to search things out.	Pwnbog yuunamv hog mwlwngam mwwpa dvn, hvbmabde lvpw at tulug yuunamv hog mwlwngam mwwpa dvn.
But he remained silent and made no answer. Again the high priest asked him, “Are you the Christ, the Son of the Blessed?”	Hvbmabde Jisu mwwpa kunum hoo mwam birwq maanum. Nyubb nyubv mwam lokta toxnum, No Kristog Pwnbog Ko Tuupv?
As soon as the people saw him, they brought thirty companions to be with him.	Hwdlo nyiilungv mwam kaapanum, bulv mwwg lvgab doogw jaqb cammum nyi tulungv boolwqnum.
The Lord said to Abraham, “Why did Sarah laugh and say, ‘Shall I indeed bear a child, now that I am old?’	At Sw Abrahamnvn benum, Hoggub Sara mwwswq kunv hoo benum, Hoggub ngo atv nywywngv, hoggub ngo vcjaqb ko doom dvb nyidwb nyidwb nyidwb nyidwb nyidwb nyidwb nyidwb nyidwb nyidwb nyidwb nyidwb nyidwb nyidwb nyidwb nyidwb nyidwb nyidwb nyidwb nyidwb nyidwb nyidwb nyidwb nyidwb nyidwb nyidwn?
And of Jezebel the Lord also said, ‘The dogs shall eat Jezebel within the walls of Jezreel.’	Hoo Jejebel gab At Sw kam benum, Jejebelnvn Jisreelwg dvpar hoqgv svpurv dvtayin.
from the tribe of Simeon, Shaphat the son of Hori;	Simeonwg nyob hoqgv, Hori gv ko tuup Sapat;
And the Levites carried the ark of God on their shoulders with the poles, as Moses had commanded according to the word of the Lord .	Hoo Lebi nyi tulungv At Swg gomcwram Mojes gaml jinam hvb, Pwnbog pvvb uddum mam bulug lvgab bulug lvqc-loosaq lvgab lvqc-loosaq lvgab mvnum.
“‘Cursed be anyone who moves his neighbor’s landmark.’ And all the people shall say, ‘Amen.’	Hiyv hiyv hiyv mwwg nyiilungam gvda mwlwngam mvdwb mvtayin. Hoo nyiilu mwlwngv betayin, Amen.
And Joshua said, “Here is how you shall know that the living God is among you and that he will without fail drive out from before you the Canaanites, the Hittites, the Hivites, the Perizzites, the Girgashites, the Amorites, and the Jebusites.	Hoo Josua benum, Soq sib nulv cengtayin, swwgw Pwnbov nulug pengko ho doodwn hoo mwv nulug aga hoqgv Kanaan nyi tulungam, Hitta nyi tulungam, Hiiv nyi tulungam, Perij nyi tulungam, Girgas nyi tulungam, Amor nyi tulungam, hoo Jebus nyi tulungam nyil wleq tayin.
And when Moses had finished speaking all these words to all Israel,	Hoo hwdlo Mojes soq gomcwr tulu sam Israel nyi mwlwngam agam goonum,
So I exhort the elders among you, as a fellow elder and a witness of the sufferings of Christ, as well as a partaker in the glory that is going to be revealed:	Hoqgab ngo nulug pengko hoqgv nyi tulungam birwqdo, ngoqg lvgab nyi tulungam akwn hoo Kristog nyixiaqnam tulungam kaapa kunam mam kaapa kunum. Ngoqg lvgab nulug pengko hoqgv nyi tulungam kaapa kunum, hoo ngo Kristog nyob panam mam kaapa kunam mam kaapa kunam mam kaapa kunum. Ngoqg lvgab nulug pengko hoqgv nyi tulungam kaapa kunum.
let the priests take, each from his donor, and let them repair the house wherever any need of repairs is discovered.”	nyub tulungv, nyiicwr-cwrxiv mwwg dvrwqbo akwn hoqgv naato, hoo hoqgv nyijwqbo nyijwqbo akwn hoqgv nammwb nyidwb nyidwb nyidwb nyidwb nyidwb nyidwb nyidwb nyidwb nyidwb nyidwb nyidwb nyidwb nyidwb nyidwb nyidwb nyidwb nyidwb nyidwb nyidwb nyidwb nyidwb nyidwb nyidwb nyidwb nyid
The words of Agur son of Jakeh. The oracle. The man declares, I am weary, O God; I am weary, O God, and worn out.	Jakeg ko tuup Agug gomcwrv. Dvrwqbo agam. Nyia ko akv betamv, Pwnboa, ngo mwwpa kun; Pwnboa, ngo mwwpa kun, hoo mwwpa kun.
And Judah said to Israel his father, “Send the boy with me, and we will arise and go, that we may live and not die, both we and you and also our little ones.	Hoo Juda mwwg ab Israelnvn benum, Ngoqg lvgab ko tuupam kanamto, hoo ngulv gorabl wtayin hoo wtayin, ho ngulv swwmabv, ngulv la noqg la ngulug ko tuup tulungam.
They will be divided, father against son and son against father, mother against daughter and daughter against mother, mother-in-law against her daughter-in-law and daughter-in-law against mother-in-law.”	Bulv atv ko tuupam ceekol ceekol ceekol ceekol ceekol ceekol ceekol ceekol ceekol ceekol ceekol ceekol ceekol ceekol ceekol ceekol ceekol ceekol ceekol ceekol ceekol ceekol ceekol ceekol ceekol ceekol ceekol ceekol ceekol ceekol ceekol ceekol ceekol ceekol ceekol ceekol ceekol ceekol ceekol ce
But if, in our endeavor to be justified in Christ, we too were found to be sinners, is Christ then a servant of sin? Certainly not!	Hvbmabde ngulv Kristog lvgab jvqtw jaqb jvqtw jaqb nyidwn, ngulv nyic nyidwn, hvbmabde Kristog nyic nyigam bon nyidwb nyidwb nyidwb nyidwb nyidwb nyidwb nyidwb nyidwb nyidwb nyidwb nyidwb nyidwb nyidwb nyidwb nyidwb nyidwb nyidwb nyidwb nyidwb nyidwb nyidwb nyidwb nyidwb nyidwb nyidwb nyidwb ny
Zechariah, Aziel, Shemiramoth, Jehiel, Unni, Eliab, Maaseiah, and Benaiah were to play harps according to Alamoth;	Jakariya, Aziiyel, Semiramot, Jehiel, Unni, Eliyab, Maaseiya, hoo Benaia Alamot hoqgv hemp tulungam pvxwq tayin;
And the fat of the sin offering he shall burn on the altar.	Hoo mwv nyic aky gab vdinam yugw ho wm tayin.
So we boiled my son and ate him. And on the next day I said to her, ‘Give your son, that we may eat him.’ But she has hidden her son.”	Hoqgab ngulv ngoqg ko tuupam dvb mvnum hoo mwam dvnum. Hoo otuq aalho ngo mwnwn benum, Noqg ko tuupam jito, ho ngulv mwam dvtayin. Hvbmabde mwnwg ko tuupam mwn mwwpa kun.
But at midnight there was a cry, ‘Here is the bridegroom! Come out to meet him.’	Hvbmabde vnyw hoqgv nyiqry benum, Nyiqry benamv haanum! Mwwg dookub haanum! Hoq nyiqry benamv nyiqry benamv nyiqry benamv hvl benum. Nyiqry benamv nyiqry benamv nyiqry benamv nyiqry benamv nyiqry benamv nyiqry benamv nyiqry benamv nyiqry benamv nyiqry benamv nyiqry benum
How shall we sing the Lord ’s song in a foreign land?	Hvbmabde ngulv nyoodo gvdaho At Swg lwwlinam mam hoggub nyidwb nyidwb nyidwb nyidwb nyidwb nyidwb nyidwb nyidwb nyidwb nyidwb nyidwb nyidwb nyidwb nyidwb nyidwb nyidwb nyidwb nyidwb nyidwb nyidwb nyidwb nyidwb nyidwb nyidwb nyidwb nyidwb nyidwb nyidwb nyidwb nyidwb nyidwb nyidwb nyidwb nyidwn?
It was not because we do not have that right, but to give you in ourselves an example to imitate.	Ngulv hoq tulu sam nyidwb nyidwb nyidwb nyidwb nyidwb nyidwb nyidwb nyidwb nyidwb nyidwb nyidwb nyidwb nyidwb nyidwb nyidwb nyidwb nyidwb nyidwb nyidwb nyidwb nyidwb nyidwb nyidwb nyidwb nyidwb nyidwb nyidwb nyidwb nyidwb nyidwb nyidwb nyidwb nyidwb nyidwb nyidwb nyidwb nyidwb nyidwb nyidwb nyid
Because of your temple at Jerusalem kings shall bear gifts to you.	Jerusalemho noqg dvrwq namlo gab lvpw at tulungv noqgab aky jinam tayin.
“How you have helped him who has no power! How you have saved the arm that has no strength!	Hoggub no mwwg ator maab nyidwn! Hoggub no ator maab nyidwn hoqg alaqkam ywwlin pakun!
He said to them, ‘An enemy has done this.’ So the servants said to him, ‘Then do you want us to go and gather them?’	Mwv bulam birwqnum, Soq sib nyemaqkv soq sam nyinum. Nyera tulungv mwam benum, Hoggab no ngulv hoq tulu sam naareq mvdwb mwwpa tvl hoggub nyipa tvl mwwpa tvl mwwpa tvl mwwpa tvl mwwpa tvl mwwpa tvl mwwpa tvl mwwpa tvl mwwpa tvl mwwpa tvl mwwpa tvl mwwpa tvl mwwpa tvl mwwpa tvl
He answered, “Every plant that my heavenly Father has not planted will be rooted up.	Mwv birwqnum, Ngoqg ao gvda hoqgv Abv dvb mvdwb nyidwb nyidwb nyidwb nyidwb nyidwb nyidwb nyidwb nyidwb nyidwb nyidwb nyidwb nyidwb nyidwb nyidwb nyidwb nyidwb nyidwb nyidwb nyidwb nyidwb nyidwb nyidwb nyidwb nyidwb nyidwb nyidwb nyidwb nyidwb nyidwb nyidwb nyidwb nyidwb nyid
And in that day a great trumpet will be blown, and those who were lost in the land of Assyria and those who were driven out to the land of Egypt will come and worship the Lord on the holy mountain at Jerusalem.	Hoo hoq aalam twngk tulungam hwqlwq tayin, hoo Assiriyag gvdaho nyi tulungv hoo Ijipt gvda hoqgv nyob panbo nyi tulungv Jerusalemwg dvrwqbo puutu aoho At Swn nyemab haatayin.
and the sanctuary was filled with smoke from the glory of God and from his power, and no one could enter the sanctuary until the seven plagues of the seven angels were finished.	Pwnbog yuunam mam la mwwg ator hoqgv dvrwq namlongam mwwpa kunum, hoo hoqg lvpw atwg gumn hoqgv hoqgv hoqgv hoqgv hoqgv hoqgv hoqgv hoqgv hoqgv hoqgv hoqgv hoqgv hoqgv hoqgv hoqgv hoqgv hoqgv hoqgv hoqgv hoqgv hoqgv hoqg
And he left them, got into the boat again, and went to the other side.	Kokw so mwv bulam wleq kunum, hoq kokw so doonum, hoq kokw so wleq kunum.
then to the place that the Lord your God will choose, to make his name dwell there, there you shall bring all that I command you: your burnt offerings and your sacrifices, your tithes and the contribution that you present, and all your finest vow offerings that you vow to the Lord .	ho noqg Pwnbo At Sw mwwg eminam hoqho dootayin, hoqho ngoqg gaml jinam mwlwngam no hoqho boolin tayin: noqg boyuqnam aky jinam la noqg aky jinam, noqg otuq hoqgv la noqg dvrwqbo aky jinam mam, hoo noqg atv At Swn pvvb jinam aky jinam mwlwngam naalin tayin.
For the time is coming when people will not endure sound teaching, but having itching ears they will accumulate for themselves teachers to suit their own passions,	Hoggab hoq moodv haatayin ho nyi tulungv hog mwlwngam tomswr-cwrx-cwrx-cwrx-cwrx-cwrx-cwrx-cwrx-cwrx-cwrx-cwrx-cwrx-cwrx-cwrx-cwrx-cwrx-cwrx-cwrx-cwrx-cwrx-cwrx-cwrx-cwrx-cwrx-cwrx-cwrx-cwrx-
They shall leave none of it until the morning, nor break any of its bones; according to all the statute for the Passover they shall keep it.	Bulv hoqg vnyiqkam aalho daqm dvb mvtayin, ho hoqg lvpiaqkam twryum dvb mvtayin; Pestas hoqg pvvb tulungam bulv hoqham pvvb mvtayin.
Hananiah, Elam, Anthothijah,	Hanania, Elam, Antoiya,
Behold the land of the Chaldeans! This is the people that was not; Assyria destined it for wild beasts. They erected their siege towers, they stripped her palaces bare, they made her a ruin.	Kaaldiya nyi tulug gvdangam kaato! Soq nyiilungv dooma dvn; Assiriyanv hoqham svdin svdin tulungam pvvb mvnum. Bulv bulug lvqcwngam pvvb mvnum, bulv mwnwg lvpw-haty tulungam pvvb mvnum, bulv mwnwn pvvb mvnum.
“Fear not, for you will not be ashamed; be not confounded, for you will not be disgraced; for you will forget the shame of your youth, and the reproach of your widowhood you will remember no more.	Bos maabv, hoggab no ceekol dooma dvn; ceekol dooma dvn, hoggab no ceekol dooma dvn; hoggab no noqg yuunam mam ceekol dootayin, hoo noqg nywxwngam ceekol dootayin, hoo noqg nywxwngam ceekol dootayin.
And as Josiah turned, he saw the tombs there on the mount. And he sent and took the bones out of the tombs and burned them on the altar and defiled it, according to the word of the Lord that the man of God proclaimed, who had predicted these things.	Hoo hwdlo Josia wkurnum, mwv hoqg puutu tulungam puutu aoho kaapanum. Hoo mwv nyiqry tulungam puutu tulug pengko hoqgv naalinum hoo hoq tulu ham yugw ho wmnum hoo hoqham mvpaqnum, hoggub Pwnbog nyiqry benbo At Swg gomcwrnam hvb, hoggub soq sam mwwpa kunum.
I am speaking the truth in Christ—I am not lying; my conscience bears me witness in the Holy Spirit—	Ngo Kriston hoqgv jvqtwngam bekin dvn. Ngo bedwn maabv; ngoqg hangv ngam Dvrwqbo Yalwg lvgab bekin dvn.
I will extol you, O Lord , for you have drawn me up and have not let my foes rejoice over me.	At Swa, ngo nam pvvb mvtayin, hoggab no ngoqg lvqcwngam naareql hoo ngoqg ceebio tulungv ngoqg aoho hemp maabv.
You call me Teacher and Lord, and you are right, for so I am.	Nulv ngam Pwnboam la At Sw hvl goqnum. Nulv jvqtw jaqb bekin dvn, hoggab ngo soq sib nyidwn.
In the day of my trouble I call upon you, for you answer me.	Ngoqg vcjaqnam aalho ngo nam goqnum, hoggab no ngam birwq tayin.
he rained meat on them like dust, winged birds like the sand of the seas;	mwv bulug aoho vtwngam puutu hvb, sa-svlog svdinam sa-svlog svdinam hvb mvpa kunum;
“These are the appointed feasts of the Lord , the holy convocations, which you shall proclaim at the time appointed for them.	Soq tulu si At Swg dvrwqbo sviya tulungam, dvrwqbo lvkin gob mvdwb nyidwn, ho nulv hoq tulu gab dvrwqbo moodho goqlwq tayin.
Take with you ten loaves, some cakes, and a jar of honey, and go to him. He will tell you what shall happen to the child.”	Nulug lvgab vnyiq dvparam, vnyiq vnyiq dvparam, hoo vnyiq vnyiq vnyiq vnyiq vnyiq vnyiq vnyiq dvparam, hoo mwwg dookub wtayin. Mwv nulam hoggv ko tuupam haatayin ham betayin.
And Moses said to Aaron, “Take your censer, and put fire on it from off the altar and lay incense on it and carry it quickly to the congregation and make atonement for them, for wrath has gone out from the Lord ; the plague has begun.”	Hoo Mojes Aaronnvn benum, Noqg hwdgoqnam mam naato, hoo hoqho yugw hoqgv wm mvto hoo hoqho hwdgoqnam mam mvto hoo hoqham vc loodab nyiilungam naareql hoo bulam pwqlwq tayin, hoggab At Swg hang lingtwrnamv wleq pakun; nyob pakun.
Reuben, the firstborn of Israel; the sons of Reuben: of Hanoch, the clan of the Hanochites; of Pallu, the clan of the Palluites;	Reuben, Israelwg ko tuupv; Reubenwg ko tuup tulungv: Hanoq hoqgv, Hanoit nyi tulug nyob pan; Pallu hoqgv, Palluit nyi tulug nyob pan;
When he was about to enter Egypt, he said to Sarai his wife, “I know that you are a woman beautiful in appearance,	Hwdlo mwv Ijipt namgub haanum, mwwg nywxwngv Sarainvn mwv benum, Ngo cengdwn no nywxwngam vcjaqb nyinum,
“You shall not hate your brother in your heart, but you shall reason frankly with your neighbor, lest you incur sin because of him.	Noqg vbw-boram noqg hang uraho vcjaqmabv, hvbmabde noqg nyiilungam nulv jvqtw jaqb kaakin tayin, hvbmabde no mwam gab nyic nyinam mam nyidwb nyidwb nyidwb nyidwb nyidwb nyidwb nyidwb nyidwb nyidwb nyidwb nyidwb nyidwb nyidwb nyidwb nyidwb nyidwb nyidwb nyidwb nyidwb nyidwb nyidwb nyidwb nyidwn.
Never since the world began has it been heard that anyone opened the eyes of a man born blind.	Dvrwqbo gvda gvda gvda gvtw hoqgv nyi akwg vnyiqkam vnyiqkam vnyiqkam vnyiqkam vnyiqkam vnyiqkam vnyiqkam vnyiqkam vnyiqkam vnyiqkam vnyiqkam vnyiqkam vnyiqkam vnyiqkam vnyiqkam vnyiqkam vnyiqkam vnyiqkam vnyiqkam vnyiqkam vnyiqkam vnyiqkam vnyiqkam vnyiqkam vnyiqkam vnyi
But they could not withstand the wisdom and the Spirit with which he was speaking.	Hvbmabde bulv mwwg mwwlaqnam mam la Yalv mwwg agam goonam mam ceekol dook maanum. Hoqgab bulv mwwg agam goonam mam ceekol ceekol ceekol ceekol ceekol ceekol ceekol ceekol ceekol ceekol ceekol ceekol ceekol ceekol ceekol ceekol ceekol ceekol ceekol ceekol ceekol ceekol ceekol ceekol ceekol ceekol ceekol ceekol ce
against all the cedars of Lebanon, lofty and lifted up; and against all the oaks of Bashan;	Lebanonwg kedar svvn tulungam, lvqc-loosaqb hoo lvqc-loosaqb svvn tulungam; hoo Basanwg svvn tulungam ceekol ceekol ceekol ceekol ceekol ceekol ceekol ceekol ceekol ceekol ceekol ceekol ceekol ceekol ceekol ceekol ceekol ceekol ceekol ceekol ceekol ceekol ceekol ceekol ceekol ceekol ceekol ceekol ce
then let my wife grind for another, and let others bow down on her.	ho ngoqg nywxwngv nyi ak gab mvdwb mvtayin, hoo nyi tulungv mwnwg aoho mwwdwqlwqlwqlwqlwqlwqlwqlwqlwqlwqlwqlwqlwqlwqlwqlwqlwqlwqlwqlwqlwqlwqlwqlwqlwqlwqlwqlwqlwqlwqlwqlwql
And when they got into the boat, the wind ceased.	Kokw so bulv lvvgwb wnum, hoqgv wmnum.
Then you shall sound the loud trumpet on the tenth day of the seventh month. On the Day of Atonement you shall sound the trumpet throughout all your land.	Ho nulv vnyw hoqg aal camleq hoqgv twryum dvb mvtayin. Dvrwqbo Aalho nulv nulug gvda mwlwho twryum dvb mvtayin.
for we brought nothing into the world, and we cannot take anything out of the world.	Hoggab ngulv soq gvda gvda hoqgv hog mwlwngam haanum, hoo ngulv soq gvda gvda hoqgv hoqgv hog mwlwngam hog mwlwngam wm dvb nyiloqkam nyiloqkam nyiloqkam nyiloqkam nyiloqkam nyiloqkam nyiloqkam nyiloqkam nyiloqkam nyiloqkam nyiloqkam nyiloqkam nyiloqkam nyiloqkam nyiloqkam nyiloqkam nyiloqkam nyilo
“My spirit is broken; my days are extinct; the graveyard is ready for me.	Ngoqg hangv vcjaqb mvdwn; ngoqg aalv vcjaqb mvdwn; ngoqgab doogwq-cwrx-cwrx-cwrx-cwrx-cwrx-cwrx-cwrx-cwrx-cwrx-cwrx-cwrx-cwrx-cwrx-cwrx-cwrx-cwrx-cwrx-cwrx-cwrx-cwrx-cwrx-cwrx-
I am under obligation both to Greeks and to barbarians, both to the wise and to the foolish.	Ngo Grig nyi tulungam la nyi tulungam, mwwjwbo tulungam la nyi-nyiyi tulungam, mwwjwbo tulungam la nyi-nyiyi tulungam, mwwjwbo tulungam, mwwjwbo tulungam, mwwjwbo tulungam, mwwjwbo tulungam, mwwjwbo tulungam, mwwjwbo tulungam, mwwjwbo tulungam, mwwjwbo tulungam, mwwjwbo tulungam, mwwjwbo tulungam, mwwjwbo tulungam, mwwjwbo tulungam, mwwjw
And it was allowed to give breath to the image of the beast, so that the image of the beast might even speak and might cause those who would not worship the image of the beast to be slain.	Hoqgab Pwnbog pwnboam mwwpa dvn, ho Pwnbog pwnboam agam goonum hoo Pwnbog pwnboam mwwpa dvn, ho hiyv Pwnbog pwnboam mwwpa dvn, ho hiyv Pwnbog pwnboam mwwpa dvn, ho hiyv Pwnboam mwwpa dvn, ho hiyv Pwnboam mwwpa dvn, ho hiyv Pwnboam mwwpa dvn, ho hiyv Pwnboam
Vengeance is mine, and recompense, for the time when their foot shall slip; for the day of their calamity is at hand, and their doom comes swiftly.’	Hoggab hwdlo bulug lvpiangv lengtayin; hoggab bulug nyookam aalv haapa ku, hoo bulug nyixiaqkam vc loodab haapa ku. Vqlwqkam ngoqg pagoqkam, hoo nyixiaqkam, ngoqg nyixiaqkam, ngoqg nyixiaqkam, hoo nyixiaqkam, ngoqg nyixiaqkam, ngoqg nyixiaqkam, ngoqg nyixiaqkam, ngoqg nyixiaq
Give your servant therefore an understanding mind to govern your people, that I may discern between good and evil, for who is able to govern this your great people?”	Hoqgab noqg nyerangam noqg nyiilungam pvvb bwwl doogdvn mwwlaq mwwlaqkam noqg nyiilungam pvvb bwwl doogdvn, hoqgab noqg soq nyiilungam hoggv pvvb bwwl doogdvn?
The sons of Ezrah: Jether, Mered, Epher, and Jalon. These are the sons of Bithiah, the daughter of Pharaoh, whom Mered married; and she conceived and bore Miriam, Shammai, and Ishbah, the father of Eshtemoa.	Ezera gv ko tuup tulungv: Jeter, Mered, Eper, hoo Jalon. Soq tulu si Parog nyem ko Bitiyag ko tuup tulungv, hiyv Mered nywxwqnum; hoo mwn Miriam, Sammai, hoo Eshtemoag ab Isba gvnum.
As robbers lie in wait for a man, so the priests band together; they murder on the way to Shechem; they commit villainy.	Lvpw at tulungv nyi ak gab dootayin hvb nyub tulungv dootayin hvb nyub tulungv dootayin; bulv Sekemg lamta ho nyiicwr-nyiicwr dvn; bulv nyicwr-nyiicwr-nyiicwr-nyiicwr-nyiicwr-nyiicwr-nyiicwr-nyiicwr-nyiicwr-nyiicwr-nyiicwr-nyiicwr-nyiicwr-nyiicwr-nyiicwr-nyiicwr-nyiicwr dvn.
They also shut the doors of the vestibule and put out the lamps and have not burned incense or offered burnt offerings in the Holy Place to the God of Israel.	Bulv hoqg toggoqg toggoqkv hoo lampu tulungam wmnum hoo Israelwg Pwnboam Dvrwqbo Dvrwqbo Ko Tuupam ho boyuqnam aky jinamv.
Why then did you not put my money in the bank, and at my coming I might have collected it with interest?’	Hoqgab hoggub no ngoqg pengko hoqgv lvqc-loosaqkam lvqc-loosaq lvqc-loosaq lvqc-loosaq lvqc-loosaq lvqc-loosaq lvqc-loosaq lvqc-loosaq lvqc-loosaq lvqc-loosaq lvqc-loosaq lvqc-loosaq lvqc-loosaq lvqc-lo
Foreigners came cringing to me; as soon as they heard of me, they obeyed me.	Nyoodo nyi tulungv ngoqg dookub haanum; bulv ngoqg agam mam tapa tvl, bulv ngam tomswrnum.
And these will go away into eternal punishment, but the righteous into eternal life.”	Hoo soq nyi tulungv nwrba gob nyidwb wtayin, hvbmabde jvqtwngv nwrba gob swwgam nyidwb wtayin.
An evil man is ensnared in his transgression, but a righteous man sings and rejoices.	Nyic nyi akv mwwg nyixiaqkam svmcw mvdwn, hvbmabde jvqtw bo nyi akv hwnyir-hvmarl hoo hemp dvn.
They shall have no inheritance among their brothers; the Lord is their inheritance, as he promised them.	Bulug vbw-bor tulug pengko ho bulv pvvb bwwl dooma; At Sw bulug pvvb bwwl dooma, hvbmabde mwv bulam gaml jinum.
And when Moses saw that the people had broken loose (for Aaron had let them break loose, to the derision of their enemies),	Hoo hwdlo Mojes nyiilungam twryum-twryumnum (hoggab Aaron bulam twryum-twryum-twryumnum, ho bulug ceebio tulungam mwwjw-mwjwwnum),
You will recognize them by their fruits. Are grapes gathered from thornbushes, or figs from thistles?	Hoqgab nulv bulam bulug nyinam hoqgv cengtayin. Hvbsujaqkam rooxaqkam rooxaqkam rooxaqkam rooxaqkam rooxaqkam rooxaqkam rooxaqkam rooxaqkam rooxaqkam rooxaqkam rooxaqkam rooxaqkam rooxaqkam rooxaqkam rooxaqkam rooxaqkam rooxaqkam rooxaqkam rooxaqkam rooxaqkam ro
With God we shall do valiantly; it is he who will tread down our foes.	Pwnbog lvgab ngulv vcjaqb nyitayin; hoqgab mwv ngulug ceebio tulungam pwr-pwr-pwr-pwr-pwr-pwr-pwr-pwr-pwr-pwr-pwr-pwr-pwr-pwr-pwr-pwr-pwr-pwr-pwr-pwr-pwr-pwr-pwr-pwr-pwr-pwr-pwr-pwr-pwr-pwr-pwr-pwr-pwr-p
and I will send you into exile beyond Damascus,” says the Lord , whose name is the God of hosts.	hoo ngo nulam Damaskas hoqgv nyob pan tayin, nyiit At Sw bibwqdo, hiyvg eminam nyiit Pwnbov.
For when you were slaves of sin, you were free in regard to righteousness.	Hoggab hwdlo nulv nyic-axaqg nyera nyiv, nulv jvqtw hoqgv mwwpa kunum.
But if anyone loves God, he is known by God.	Hvbmabde hiyv Pwnboam pvvb bwwnamv Pwnbov mwam cengdwn.
And Moses lifted up his hand and struck the rock with his staff twice, and water came out abundantly, and the congregation drank, and their livestock.	Hoo Mojes mwwg alaqkam naareqnum hoo mwwg tombuq lvgab vnyi vnyi vnyi goqnum, hoo issv vnyi vnyi goqnum, hoo nyiilungv la bulug sviya tulungam twwnum.
The young lions suffer want and hunger; but those who seek the Lord lack no good thing.	Nyot bo nyotwngv vcjaqb hoo vcjaqb vcjaqb nyinum; hvbmabde hiyv At Swn meegaqbo nyi tulungv hog mwlwngam vcjaqb nyima dvn.
Have I then become your enemy by telling you the truth?	Ngo nulam jvqtwngam bekin dvn, hoqgab ngo nulug ceebio hvl bedwn hvl bedwn hvl bedwn hvl bedwn hvl bedwn hvl bedwn hvl bedwn hvl bedwn hvl bedwn hvl bedwn hvl bedwn hvl bedwn hvl bedwn hvl bedwn hvl bedwn hvl bedwn hvl bedwn hvl bedwn hvl bedwn hvl bedwn hvl bedwn hvl bedwn hvl bedwn hvl bedwn hvl bedwn hvl bedwn
Now on the first day of Unleavened Bread the disciples came to Jesus, saying, “Where will you have us prepare for you to eat the Passover?”	Dvrwqbo Dvrwqbo Pwnbog aalho nyi tulungv Jisug dookub haanum, Hoggub ngulv Pvvb Pvvb bwwl dvb dvb mvtayin, hoqho ngulv Pvvb bwwl dvb dvb dvb dvb mvtayin?
You shall not go into the house of feasting to sit with them, to eat and drink.	Nulv dvrwqbo namho bulug lvgab dootayin, dvl hoo twwnamv.
and I defiled them through their very gifts in their offering up all their firstborn, that I might devastate them. I did it that they might know that I am the Lord .	hoo bulug ko tuup vbw-bor mwlwngam bulug aky jinam tulu hoqgv ngo bulam dvrwq maanum, ho ngo bulam nyob pakun. Ngo soq sam nyinum ho ngo At Swv hvl bulv cengtayin.
Make your face shine upon your servant, and teach me your statutes.	Noqg nyera aoho noqg nyuqm mam huto, hoo noqg pvvb tulungam ngam tomswrto.
Oh, that I knew where I might find him, that I might come even to his seat!	Hvbmabde ngo mwam hoggv tapa dvn hvl cengdwn, ho ngo mwwg dookub haapa dvn hvl ngo cengdwn! Ngo mwwg dookub haapa dvn, ho ngo mwwg dookub haapa dvn, ho ngo mwwg dookub haapa dvn, ho ngo mwwg dookub haapa dvn, ho ngo mwwg dookub haapa dvn, ho ngo mwwg dookub haapa dvn, ho ngo mwwg dookub haapa dvn, ho ngo mwwg dookub haapa dvn!
Tell us, then, what you think. Is it lawful to pay taxes to Caesar, or not?”	Hoqgab noqg mwwlwqkv ngulv betamto. Sijarnvn xeqnam mam mvdwb nyidwb nyidwb nyidwb nyidwb nyidwb nyidwb nyidwb nyidwb nyidwb nyidwb nyidwb nyidwb nyidwb nyidwb nyidwb nyidwb nyidwb nyidwb nyidwb nyidwb nyidwb nyidwb nyidwb nyidwb nyidwb nyidwb nyidwb nyidwb nyidwb nyidwb nyidwb nyidwb nyidwb
None of the transgressions that he has committed shall be remembered against him; for the righteousness that he has done he shall live.	Mwwg nyixiaqkam mwv hog mwlwngam mwwg ceekol mwwpa tayin; hoggab mwv jvqtw jaqb nyinam mam mwv swwtayin.
‘Thus says the Lord of hosts, the God of Israel: Take these deeds, both this sealed deed of purchase and this open deed, and put them in an earthenware vessel, that they may last for a long time.	Soq sib Israelwg Pwnbo, nyiit At Sw bedo: Soq nyinam tulungam naato, soq nyinam tulungam naato hoo soq nyinam tulungam naato, hoo hoq tulu ham pvxw-cwrxiam vj hoqgv jitayin, ho hoq tulu ham vnyw nywywngam doog dvb mvdwb mvdwb mvdwb mvdwb mvdwb mvdwb mvdwb mvdwb mvdwb mvdwb mvdwb mvdwb mvdwb mvdwb mvdwb
Ashkelon shall see it, and be afraid; Gaza too, and shall writhe in anguish; Ekron also, because its hopes are confounded. The king shall perish from Gaza; Ashkelon shall be uninhabited;	Askelon hoqham kaapa tayin, hoo bos dootayin; Gaza hvbmabde, hoo mwwdwq-mvaqb mvtayin; Ekron hvbmabde, hoggab hoqg mwwjw-mwwjwbo tulungam mvdwb mvtayin. Lvpw atv Gaza hoqgv mvtayin; Askelon hoqgv nyiilungam mvtayin;
He stationed the gatekeepers at the gates of the house of the Lord so that no one should enter who was in any way unclean.	Mwv At Swg dvrwq namlog toggoq ho toggoqbo tulungam pvqlwqnum ho hiyv hiyv lajaqkam dvrwq maanbo nyi akkam hoqgv hoqgv hoqgv hoqgv haamabv.
O Lord , in distress they sought you; they poured out a whispered prayer when your discipline was upon them.	At Swa, mwwjw-mvaqnam hoqgv bulv nam meegaqnum; hwdlo noqg tomswrnamv bulug aoho doognum, bulv vcjaqb swgwnum.
Now Eli was very old, and he kept hearing all that his sons were doing to all Israel, and how they lay with the women who were serving at the entrance to the tent of meeting.	Hoq moodho Eli vcjaqb vcjaqb nyinum, hoo mwwg ko tuup tulungv Israel mwlwngam hog mwlwngam nyinum, hoo bulv kvvrwq minsko tombu toggoqho bon nyinum hvb nyinum.
The whole assembly together was 42,360,	Hoq nyi mwlwngv 42,360 go doonum,
Ebed-melech went from the king’s house and said to the king,	Ebed-melek lvpw atwg nam hoqgv wnum hoo lvpw atam benum,
And Pharaoh said, “Behold, the people of the land are now many, and you make them rest from their burdens!”	Hoo Paro benum, Kaato, gvda gvda gv nyiilungv nyinamv, hoo nulv bulam bulug svdinam hoqgv doog dvb mvdwb mvdwb mvdwb mvdwb mvdwb mvdwb mvdwb mvdwb mvdwb mvdwb mvdwb mvdwb mvdwb mvdwb mvdwb mvdwb mvdwb mvdwb mvdwb mvdwb mvdwb mvdwb mvdwb mvdwb mvdwb mvdwb mvdwb mvd
And you have not kept charge of my holy things, but you have set others to keep my charge for you in my sanctuary.	Hoo nulv ngoqg dvrwqbo hog mwlwngam mwwpa maanum, hvbmabde nulv ngoqg dvrwqbo dvrwq nam mwlwngam mwwpa maanum.
And its windows, its vestibule, and its palm trees were of the same size as those of the gate that faced toward the east. And by seven steps people would go up to it, and find its vestibule before them.	Hoo hoqg vnyiqkv, hoqg vnyiqkv, hoo hoqg vnyiqkv dou-cagaqg toggoq hoqgv hoqgv vnyiqkv hvb nyinum. Hoo vnyiqkv nyi tulungv hoqg dookub wmin gvnum, hoo hoqg vnyiqkv bulug agaho kaapa kunum.
For which is easier, to say, ‘Your sins are forgiven,’ or to say, ‘Rise and walk’?	Noqg nyic nyic nyiv nyidkun, hoqgv hoggub bedwn, Wlwqto hoo wleqto hvl betamv hoggub nyidkun, hoggub nyidkun, hoggub nyidkun, hoggub nyidkun, hoggub nyidkun, hoggub nyidkun, hoggub nyidkun, hoggub nyidkun, hoggub nyidkun, hoggab nyidkun, hoggub nyidkun, hoggub nyidkun, hoggub nyidkun, hoggub nyidkun
surely against me he turns his hand again and again the whole day long.	jvqtw jaqb mwv mwwg alaqkam ngoqg ceeko hoqgv vcjaq-vcjaqb vcjaqb jitayin.
He who planted the ear, does he not hear? He who formed the eye, does he not see?	Hiyv tomswrnamv, mwv tapa dvn yv? Hiyv vnyiqnamv, mwv kaapa dvn yv?
Then Moses stretched out his staff toward heaven, and the Lord sent thunder and hail, and fire ran down to the earth. And the Lord rained hail upon the land of Egypt.	Ho Mojes mwwg tomswrnam mam ao gvda hoqgv lengnum, hoo At Sw hwdgoqnam mam la svdinam mam kanamnum, hoo wmv gvda gvda hoqgv lengnum. Hoo At Sw Ijipt gvdaho svdinam mam mvpa kunum.
the voice of mirth and the voice of gladness, the voice of the bridegroom and the voice of the bride, the voices of those who sing, as they bring thank offerings to the house of the Lord : “‘Give thanks to the Lord of hosts, for the Lord is good, for his steadfast love endures forever!’ For I will restore the fortunes of the land as at first, says the Lord .	hemp dvn hoo hemp dvn, nywxw dvn hoo nywxw dvn, At Swg dvrwq namlo ho paqnam aky jinam mam, nyi tulug kvvrwq kvvrwq kvvrwq kvvrwq kvvrwq kvvrwq kvvrwq kvvrwq kvvrwq kvvrwq kvvrwq kvvrwq kvvrwq kvvrwq kvvrwq kvvrwq kvvrwq kvvrwq kvvrwq kvvrwq kvvr
in Ziklag, in Meconah and its villages,	Ziklag ho, Mekona ho hoo hoqg bopam tulungam,
Now, brothers, if I come to you speaking in tongues, how will I benefit you unless I bring you some revelation or knowledge or prophecy or teaching?	Ngoqg vbw-bor tulu, ngo nulug dookub kaanbo agam goonum, hvbmabde ngo nulug lvgab nyiqry benam mam, ho cengdwnam mam, ho nyiqry benam mam, ho nyiqry benam mam, ho nyiqry benam mam, ho nyiqry benam mam, ho nyiqry benam mam, ho nyiqry benam mam, ho nyiqry benam mam, ho nyiqry benam mam, ho nyiqry benam mam, ho nyiqry benam mam, ho
and if I ask you, you will not answer.	Hoo ngo nulam toxnum, nulv birwqma dvn.
The old men have left the city gate, the young men their music.	Lvpw atwg nyi tulungv bopam toggoq hoqgv wleq kunum, vnyw tulungam bulug pwnam mam wleq kunum.
But the high places were not taken away. Nevertheless, the heart of Asa was wholly true to the Lord all his days.	Hvbmabde dvrwqbo pwr tulungam mvpaq maanum. Hvbsujaqkam, Asawg hangv mwwg aal mwlwngam At Swn jvqtw jaqb dooknum.
The men of Bethel and Ai, 123.	Betel la Ai hoqgv nyi tulungv 123.
So the soldiers, according to their instructions, took Paul and brought him by night to Antipatris.	Hoqgab sipai tulungam bulug gaml jinam hvb Pwnbog lvgab bulv otuqho Antipatris ho boolinum.
For the Lord your God has blessed you in all the work of your hands. He knows your going through this great wilderness. These forty years the Lord your God has been with you. You have lacked nothing.”’	Hoggab noqg Pwnbo At Sw noqg alaqg bon nyinam mwlw hoqgv nam lvqbwq pakun. Nulv soq deexa-rara hoqgv wleq kunam mwv cengdwn. Soq vnyw vnyw vnyw kvn go noqg lvgab Pwnbo At Sw doonum. Nulv hog mwlwngam vcjaq maanum.
Behold, I and the children whom the Lord has given me are signs and portents in Israel from the Lord of hosts, who dwells on Mount Zion.	Kaato, ngo la At Sw ngam jinam ko tuup tulungv Israel ho nyiit At Swg, hiyv Siyon Puutuho doodu dvn, hoqgv nyuqm-nyiqm dvb nyidwb nyidwb nyidwb nyidwb nyidwb nyidwb nyidwb nyidwb nyidwb nyidwb nyidwb nyidwb nyidwb nyidwb nyidwb nyidwb nyidwb nyidwb nyidwb nyidwb nyidwb nyidwb nyidwb nyidwb nyidwn.
It cannot be valued in the gold of Ophir, in precious onyx or sapphire.	Hoqhv Opirwg hun hoqgv, onyx hoqgv la sapir hoqgv hoqgv mwwpa maabv.
O my people, remember what Balak king of Moab devised, and what Balaam the son of Beor answered him, and what happened from Shittim to Gilgal, that you may know the righteous acts of the Lord .”	Ngoqg nyiilungv, Moabg lvpw at Balak hog mwlwngam mwwpa kun, hoo Beorwg ko tuup Balaam mwam hog birwqnum, hoo Sittim hoqgv Gilgal hoqgv hog mwlwngam nyipa kun, ho nulv At Swg jvqtwngam cengtayin.
God said to Jacob, “Arise, go up to Bethel and dwell there. Make an altar there to the God who appeared to you when you fled from your brother Esau.”	Pwnbov Jakubnvn benum, Wlwqto, Betel dookub wnum hoo hoqho doonum. No noqg vbw Esu hoqgv lengnum hoqgv nam kaapa ku, Pwnbo gab hoqho yugw mvto.
When Jesus had finished instructing his twelve disciples, he went on from there to teach and preach in their cities.	Kokw so Jisu mwwg bwwnbo mwlwngam mwwpa kunum, hoqgv bulug bopam hoqgv tomswrnam mam tomswrnam mam tomswrnam mam mwv wleq kunum.
Therefore they set taskmasters over them to afflict them with heavy burdens. They built for Pharaoh store cities, Pithom and Raamses.	Hoqgab bulv bulug aoho bon nyigbo tulungv bulug aoho mwwdwq dvb mvdwb mvnum. Bulv Paron gab Pitoram la Ramjes namgub bopam tulungam mvnum.
And Moses stripped Aaron of his garments and put them on Eleazar his son. And Aaron died there on the top of the mountain. Then Moses and Eleazar came down from the mountain.	Hoo Mojes Aaronnvn mwwg vj tulungam mvpaqnum hoo hoq tulu ham mwwg ko tuup Eleajarnvn mvpaqnum. Hoo Aaronnv puutu aoho doonum. Ho Mojes la Eleajar puutu hoqgv lengnum.
And he shall remain in that city until he has stood before the congregation for judgment, until the death of him who is high priest at the time. Then the manslayer may return to his own town and his own home, to the town from which he fled.’”	Hoo mwv hoq bopam ho dootayin, hoq moodho nyub tulu hoqgv swwlinamv, mwv soq bopam hoqgv soq bopam hoqgv dootayin, ho mwv dvrwqbo nyi akv mwwg bopam la mwwg nam hoqgv, mwwg hoqgv pobu hoqgv wkur mvtayin.
Now Simon Peter was standing and warming himself. So they said to him, “You also are not one of his disciples, are you?” He denied it and said, “I am not.”	Simon Pitor hoqho doognum. Hoqgab nyi tulungv mwam benum, No ham mwwg buu tulug pengko ho dooma dvn? Mwv benum, Ngo dooma dvn.
behold, I will send for all the tribes of the north, declares the Lord , and for Nebuchadnezzar the king of Babylon, my servant, and I will bring them against this land and its inhabitants, and against all these surrounding nations. I will devote them to destruction, and make them a horror, a hissing, and an everlasting desolation.	kaato, ngo nyoodum nyob hoqg nyob pan tulungam, At Sw bibwqdo, hoo ngoqg nyera Bebilonwg lvpw at Nebukadnejjar gab, hoo ngo bulam soq gvdangam la hoqho doonbo tulungam, hoo soq nyob hoqg nyob pan tulungam ceekol mvtayin. Ngo bulam nyob pakun, hoo bulam mwwjw-mvaql, mwwjw-mvaql, hoo nwrba gob mvdwb mvtayin.
while the Egyptians were burying all their firstborn, whom the Lord had struck down among them. On their gods also the Lord executed judgments.	Hwdlo Ijipt nyi tulungv bulug vbw-bor mwlwngam bulug pengko ho bulug pengko hoqgv At Sw mvnum. Bulug pwnbo tulug aoho At Sw pvvb bwwl doognum.
I was at ease, and he broke me apart; he seized me by the neck and dashed me to pieces; he set me up as his target;	Ngo vcjaqb doonum, hoo mwv ngam twryum-twryum dvb mvnum; mwv ngam mengnum hoo ngam twryum-twryum dvb mvnum; mwv ngam mwwg nyiqryum dvb mvnum;
The people of Israel shall pitch their tents by their companies, each man in his own camp and each man by his own standard.	Israel nyiilungv bulug tombu tulungam bulug lvgab, nyiicwr-cwrxiam mwwg atwg svmcw ho hoo nyiicwr-cwrxiam mwwg atwg svmcw ho mvtayin.
And the guard duty of the sons of Gershon in the tent of meeting involved the tabernacle, the tent with its covering, the screen for the entrance of the tent of meeting,	Hoo Gershon gv ko tuup tulungv kvvrwq minsko tombu uraho doognum, hoqg tombu uraho doognum, kvvrwq minsko tombu uraho doognum,
you who hate the good and love the evil, who tear the skin from off my people and their flesh from off their bones,	nulv aljaqkam vcjaqb hoo aljaqkam mwwdwn, hiyv ngoqg nyiilu hoqgv vdinam mam hoo bulug vdinam bulug lvpia hoqgv mvdwb mvdwb mvdwb mvdwb mvdwb mvdwb mvdwb mvdwb mvdwb mvdwb mvdwb mvdwb mvdwb mvdwb mvdwb mvdwb mvdwb mvdwb mvdwb mvdwb mvdwb mvdwb mvdwb mvdwb mvdwb mv
The Son of Man came eating and drinking, and they say, ‘Look at him! A glutton and a drunkard, a friend of tax collectors and sinners!’ Yet wisdom is justified by her deeds.”	Nyia Ko Tuupv haanum, hvbmabde bulv begamv, Kaato, mwv vcjaqb nyiloqkam, nyiqry benbo nyi tulug la nyic-nyiyi tulug hvb nyidwn! Hvbmabde mwwlaqkam mwwg nyinam tulu hoqgv atv jvqtw jaqb nyidwn.
So David and the elders of Israel and the commanders of thousands went to bring up the ark of the covenant of the Lord from the house of Obed-edom with rejoicing.	Hoqgab Debid la Israelwg nyiixa tulungv la nyob pvvb pvvb pvvb mingtwrbo tulungv Obed-edomwg nam hoqgv At Swg pvvb pvvb uddum mam hemp-hemp wlwqnum.
He answered them, “I also will ask you a question. Now tell me,	Mwv bulam birwqnum, Ngo nulam otuqb birwq tayin. Hoqgab ngam betamto.
So the Levites calmed all the people, saying, “Be quiet, for this day is holy; do not be grieved.”	Hoqgab Lebi nyi tulungv nyiilu mwlwngam xumknum, begamv, Xumkto, hoggab soq aalv dvrwqbo; nulv mwwdwq maanum.
Let your fountain be blessed, and rejoice in the wife of your youth,	Noqg lvqcwngv lvqc cinam mvto, hoo noqg yuunam nywxw ho hempto,
But if you will not send him, we will not go down, for the man said to us, ‘You shall not see my face, unless your brother is with you.’”	Hvbmabde no mwam kanam maabv, ngulv wknum, hoggab nyi akv ngulam benum, Nulug vbw-borv nulug lvgab dookma, nulv ngoqg nyuqm mam kaapa maabv.
knowing that from the Lord you will receive the inheritance as your reward. You are serving the Lord Christ.	Hvbmabde nulv At Swg hoqgv hog mwlwngam mwwpa tayin hvl cengdwn. Hoggab nulv At Sw Kristog nyera dvn.
the twelfth to Hashabiah, his sons and his brothers, twelve;	camleq deen hoqgv Hasabiya, mwwg ko tuup tulungv la mwwg vbw-bor vnyw camleq go;
And the people quarreled with Moses and said, “Would that we had perished when our brothers perished before the Lord !	Hoo nyiilungv Mojes lvgab kvvrwqnum hoo benum, At Swg agaho ngulug vbw-bor tulungam kvvrwq paku hoqgv ngulv nyob pakun!
So he came to a town of Samaria called Sychar, near the field that Jacob had given to his son Joseph.	Hoqgab mwv Samariyag Sikar hvl bopam ho haanum. Hoq bopam hoqgv Jakub mwwg ko tuup Josapnvn jinum.
“Then the land shall enjoy its Sabbaths as long as it lies desolate, while you are in your enemies’ land; then the land shall rest, and enjoy its Sabbaths.	Ho nulug ceebio tulug gvdaho nulug nyemaq tulug gvdaho doonbo, gvda hoqg Pvvb hoqgv pvvb mvtayin; ho gvda hoqg Pvvb hoqgv pvvb mvtayin, hoo pvvb hoqg Pvvb hoqgv pvvb mvtayin.
Trust in him at all times, O people; pour out your heart before him; God is a refuge for us. Selah	Nyiilungv, mwwg aoho daapo mwwpa dvn; mwwg agaho nulug hangam mvta dvn; Pwnbov ngul gab doogwq dvn.
and the spirit of the Egyptians within them will be emptied out, and I will confound their counsel; and they will inquire of the idols and the sorcerers, and the mediums and the necromancers;	hoo Ijipt nyi tulug hangv bulug pengko hoqgv lengtayin, hoo ngo bulug tomswrnam mam mvtayin; hoo bulv pwnbo tulungam hoo svdin tulungam, hoo svdin tulungam hoo svdin tulungam tapanum;
You shall not bow down to them or serve them, for I the Lord your God am a jealous God, visiting the iniquity of the fathers on the children to the third and fourth generation of those who hate me,	Noqg Pwnbo At Sw ngo nywywngam Pwnbov, hoggab nulug ab tulug nyixiaqnam mam ngoqg ceebio tulungam hoo vpy-vpy-vpy-vpy-vpy-vpy-vpy-vpy-vpy-vpy-vpy-vpy-vpy-vpy-vpy-vpy-vpy-vpy-vpy-vpy-vpy-vpy-vpy-vpy-vpy-vpy-vpy-vpy-vpy-v
They found Adoni-bezek at Bezek and fought against him and defeated the Canaanites and the Perizzites.	Bulv Adoni-bejeknvn Bejek ho tapa kunum hoo mwam ceekol nyob panum hoo Kanaan nyi tulungam la Perij nyi tulungam mengnum.
For if, after they have escaped the defilements of the world through the knowledge of our Lord and Savior Jesus Christ, they are again entangled in them and overcome, the last state has become worse for them than the first.	Hoggab bulv ngulug At Sw la Swnbo Jisu Kristog cenglaqnam gab swcw gvda gvda gvda gvda gvda gvda gvda gvda gvda gvda gvda gvda gvda gvda gvda gvda gvda gvda gvda gvda gvda gvda gvda gvda gvda gvda gvda gvda gvda gvda gvda gvda gvda gvda gvda
This Moses did; according to all that the Lord commanded him, so he did.	Soq si Mojes nyinum; At Sw mwam gaml jinam hvbkalam mwv nyinum.
And the Lord spoke to Moses in the wilderness of Sinai, in the first month of the second year after they had come out of the land of Egypt, saying,	Hoo At Sw Mojesnvn Sinaig deexa-rara ho, nyi tulungv Ijipt gvda hoqgv wleq nywxw aalho benum,
On that day the prince shall provide for himself and all the people of the land a young bull for a sin offering.	Hoq aalam lvpw atv mwwg gab la gvda mwlwg nyiilungam nyic-axaq gab svdinam mvtayin.
The fourth lot came out for Issachar, for the people of Issachar, according to their clans.	Issakar gab, issakarwg nyiilungam, bulug nyob tulu hoqgv kvvrwqnum.
let them drink and forget their poverty and remember their misery no more.	bulv twwtayin hoo bulug swrdorxeqnam mam mwwpa mvma mvma mvma mvma mvma mvma mvma mvma mvma mvma mvma mvma mvma mvma mvma mvma mvma mvma mvma mvma mvma mvma mvma mvma mvma mvma mvma mvma mvma mvma mvma mvma mvma mvma mvma mvma mvma mvma mvma mvma mvma mvma mvma mvma mvma mvma mvma mvma mvma mvma mvma mvma mvma mv
Therefore the Lord waits to be gracious to you, and therefore he exalts himself to show mercy to you. For the Lord is a God of justice; blessed are all those who wait for him.	Hoqgab At Sw nulam almadwn mwwpa kun, hoo hoqgab mwv atv atv atv atv nulam almadwn mwwpa kun. Hoggab At Sw jvqtwngv Pwnbov; hiyv mwwg almadwn mwlwngv lvqc loodab nyidwn.
When no bush of the field was yet in the land and no small plant of the field had yet sprung up—for the Lord God had not caused it to rain on the land, and there was no man to work the ground,	Hwdlo gvda hoqgv svdinam hvb nyinum hoo svdinam hvb nyinum hvb nyinumhoggab Pwnbo At Sw hoqgv gvda hoqgv vnyiq-vnyiq dvb nyinum, hoo gvda hoqgv nyi akkam twwsum-twwsum-twwsum-twwsum-twwsum-twwsum-twwsum-twwsum-twwsum-twwsum-twwsum-twwsum-twwsum-twwsum
And the garrison of the Philistines went out to the pass of Michmash.	Hoo Palistan nyi tulungv Mikmas gvda ho wnum.
and when you eat of the bread of the land, you shall present a contribution to the Lord .	hoo hwdlo nulv gvda hoqg dvnam mam dvtayin, nulv At Swn aky jinam tayin.
They said to you, “In the last time there will be scoffers, following their own ungodly passions.”	Bulv nulam benum, Hoggv nywywngam hoqgv bulug Pwnboam nyiqry benam hvb nyidwn, nyiqry benbo tulungv haatayin.
But the people, the men of Israel, took courage, and again formed the battle line in the same place where they had formed it on the first day.	Hvbmabde nyiilungv, Israel nyiilungv, mwwjw-mvaqnum, hoo otuq aalho bulv nyob pakun ho nyob pakun ham nyob pakun.
“Woe to him who builds a town with blood and founds a city on iniquity!	Hiyv hiyv lvpiaq lvgab bopam mvdwb mvdwn hoo nyixiaqb bopam mam pvvb mvdwb mvdwn!
Surely there is not a righteous man on earth who does good and never sins.	Jvqtw jaqb swcw nvg aoho hiyv jvqtw bo nyi akv hoggub nyixiaqkam nyidwb nyidwb nyidwb nyidwb nyidwb nyidwb nyidwb nyidwb nyidwb nyidwb nyidwb nyidwb nyidwb nyidwb nyidwb nyidwb nyidwb nyidwb nyidwb nyidwb nyidwb nyidwb nyidwb nyidwb nyidwb nyidwb nyidwb nyidwb nyidwb nyidwb nyidwb nyidwb
but he left the linen cloth and ran away naked.	Hvbmabde mwv lvqbwq-loosaq hoqgv wleq kunum, hvbmabde mwv wleq kunum, hvbmabde mwv wleq kunum.
wild waves of the sea, casting up the foam of their own shame; wandering stars, for whom the gloom of utter darkness has been reserved forever.	Sa-svlo hoqg lvqcwngv, bulug atwg mwwpa-mvaqnam hvvb mvdwb mvdwb mvdwb mvdwb mvdwb mvdwb mvdwb mvdwb mvdwb mvdwb mvdwb mvdwb mvdwb mvdwb mvdwb mvdwb mvdwb mvdwb mvdwb mvdwb mvdwb mvdwb mvdwb mvdwb mvdwb mvdwb mvdwb mvdwb mvdwb mvdwb mvdwb mvdwb mv
And there is danger not only that this trade of ours may come into disrepute but also that the temple of the great goddess Artemis may be counted as nothing, and that she may even be deposed from her magnificence, she whom all Asia and the world worship.”	Hoqgab ngulug bon nyinam mam mwwpa-mvaqnam mam mwwpa-mvaqnam mam mwwpa-mvaqnam mam mwwpa-mvaqnam mam mwwpa-mvaqnam mam mwwpa-mvaqnam mam mwwpa-mvaqnam mam mwwpa-mvaqnam mam mwwpa-mvaqnam mam mwwpa-mvaqnam mam mwwpa-mvaqnam mam mwwpa-mvaqnam mam mwwpa-mvaqnam mam
The words of his mouth are trouble and deceit; he has ceased to act wisely and do good.	Mwwg agam agam gomcwrv vcjaqb hoo nyixiaqb nyidwn; mwv mwwlaqb nyidwn hoo hog mwlwngam nyidwn.
And when they began to sing and praise, the Lord set an ambush against the men of Ammon, Moab, and Mount Seir, who had come against Judah, so that they were routed.	Hoo hwdlo bulv hwnyir-hvmarl hoo lvqc-loosaqkam, At Sw Ammon nyi tulungam, Moab nyi tulungam, hoo Seir Puutu tulungam ceeko mvnum, hiyv Judag ceekol haanum, hoqgab bulug pengko hoqgv mvnum.
And while they were gazing into heaven as he went, behold, two men stood by them in white robes,	Kokw so bulv mwv ao gvda hoqgv kaakinum, hvbmabde nyi vj vj vj vj vj vj vj vj vj vj vj vj vj vj vj vj vj vj vj vj vj vj vj hv bulug lvgab daqnum.
Then he turned away from them and wept. And he returned to them and spoke to them. And he took Simeon from them and bound him before their eyes.	Ho mwv bulug hoqgv wkur kunv hoo yuupaq kunum. Hoo mwv bulug dookub wkur kunv hoo bulam agam goonum. Hoo mwv Simeonvn bulug hoqgv naareq kunv hoo mwam bulug vnyiq uraho svvnum.
And when they give the book to one who cannot read, saying, “Read this,” he says, “I cannot read.”	Hoo hwdlo bulv Pwnboam tomswrbo nyi akam jitayin, Soq sam tomswrto, mwv betayin, Ngo tomswrto.
So David went up at Gad’s word, which he had spoken in the name of the Lord .	Hoqgab Debid Gadg gomcwram, ho mwv At Swg eminho agam goonum.
“Hear, and testify against the house of Jacob,” declares the Lord God , the God of hosts,	Twwto, hoo Jakubg nombungam ceekol betamto, nyiit At Sw, Pwnbov bibwqdo,
And again he came and found them sleeping, for their eyes were heavy.	Kokw so mwv lokta haanum hoo bulug vnyiqkv svmangam kaapa kunum, hoggab bulug vnyiqkv vnyiq-vnyiq paku.
And a messenger came to David, saying, “The hearts of the men of Israel have gone after Absalom.”	Hoo nyiqry benbo akv Debid dookub haanum, Israel nyi tulug hangv Absalomg kokwb wknum.
So Gideon took ten men of his servants and did as the Lord had told him. But because he was too afraid of his family and the men of the town to do it by day, he did it by night.	Hoqgab Gideon mwwg nyera tulug pengko hoqgv vnyi go hoo At Swg benum hvb nyinum. Hvbmabde mwwg imiq tulu hoqgv hoo bopam hoqg nyi tulungam mwv aalho nyinam mam bosnum, hoqham mwv aalho nyinum.
I hold back my feet from every evil way, in order to keep your word.	Noqg gomcwram pvvb mvdwb, ngoqg lvpiangam nyixiaq mwlw hoqgv mwwpa dvn.
No, my sons; it is no good report that I hear the people of the Lord spreading abroad.	Hvbmabde, ngoqg ko tuup tulungv; At Swg nyiilungam vcjaq-bviyaqb mvdwb ngo tapa dvn, hoqhv almadwn.
Ben-hesed, in Arubboth (to him belonged Socoh and all the land of Hepher);	Ben-hesed, Arubbot ho (mwv Soco la Heper gvda mwlwngam doognum);
For in the resurrection they neither marry nor are given in marriage, but are like angels in heaven.	Hoggab hiyv ywwlinam hoqgv nywxwngam nywxwngam nywxwngam nywxwngam nywxwngam nywxwngam nywxwngam nywxwngam nywxwngam nywxwngam nywxwngam nywxwngam nywxwngam nywxwngam nywxwngam nywxwngam nywxwngam nywxwngam nywxwngam nywxwngam nywxwngam nywxwngam nywx
And there came out from the camp of the Philistines a champion named Goliath of Gath, whose height was six cubits and a span.	Hoo Palistan nyi tulug svmcw hoqgv lengnum, Gat hoqgv Goliyat hvl eminv, mwwg lvqcwngv kiubit goqgv lvgab lvgab lvgab lvgab lvgab lvgab lvgab lvgab lvgab lvgab lvgab lvgab lvgab lvgab lvgab lvgab lvgab lvgab lvgab lvgab lvgab lvgab lvgab lvgab lvgab lvgab lvgab lvgab
For it is no empty word for you, but your very life, and by this word you shall live long in the land that you are going over the Jordan to possess.”	Hoggab soq gomcwrv nulug gab nyima dvn, hvbmabde nulug swwgamv, hoo soq gomcwr sam nulv Jordon hoqgv wleq dvb gvdaho swwm dvb swwm dvb nyidwb nyidwb nyidwb nyidwb nyidwb nyidwb nyidwb nyidwb nyidwb nyidwb nyidwb nyidwb nyidwb nyidwb nyidwb nyidwb nyidwb nyidwb nyidwb nyidwb nyidwb nyidwn.
You shall die in peace. And as spices were burned for your fathers, the former kings who were before you, so people shall burn spices for you and lament for you, saying, “Alas, lord!”’ For I have spoken the word, declares the Lord .”	No swrso dootayin. Hoo noqg otuqho doonbo lvpw at tulungv noqg ab tulug lvqcwngam mwwpa kunam hvb nyiloqkam, hoqgab nyiilungv noqg lvqcwngam mwwpa kunam mam mwwpa kunamv hoo noqgab mwwpa kunamv, begamv, Alas, At Sw! Hoggab ngo soq gomcwram goonum, At Sw bibwqdo.
I shall kindle a fire in the temples of the gods of Egypt, and he shall burn them and carry them away captive. And he shall clean the land of Egypt as a shepherd cleans his cloak of vermin, and he shall go away from there in peace.	Ngo Ijiptwg pwnbo tulug dvrwq namlongam wm mvtayin, hoo mwv bulam wm mvtayin hoo bulam nyera hoqgv naareq tayin. Hoo mwv Ijipt gvdangam dvrwq tayin hvb nyera bo akv mwwg vjam vjam dvrwq dvb dvrwq tayin, hoo mwv hoqgv swrsob wleq tayin.
May the God of hope fill you with all joy and peace in believing, so that by the power of the Holy Spirit you may abound in hope.	Pwnbov nulug mwwjwnam mam mwwjw-mujwnam mam nulv swrsongam la swrsongam mwlwngam mwwjw dvb mwwjw dvb mwwjw dvb mwwjw dvb mwwjw dvb mwwjw dvb mwwjw dvb mwwjw dvb mwwjw dvb mwwjw dvb mwwjw dvb mwwjw dvb mwwjw dvb mwwjw dvb mwwjw dvb mwwjw dvb mwwjw dvb mwwjw dvb
that you may take it to its territory and that you may discern the paths to its home?	ho no hoqham hoqg gvdaho boolin tayin hoo hoqg namho hoqg lamtangam no cengtayin?
And it was told David, “Ahithophel is among the conspirators with Absalom.” And David said, “O Lord , please turn the counsel of Ahithophel into foolishness.”	Hoo hoqham Debidnvn betamnum, Ahitopel Absalom lvgab ceekol ceekol doonbo tulug pengko ho doodwn. Hoo Debid benum, At Swa, At Swgv, Ahitopelwg tomswrnam mam mwwpa ku.
I considered the horns, and behold, there came up among them another horn, a little one, before which three of the first horns were plucked up by the roots. And behold, in this horn were eyes like the eyes of a man, and a mouth speaking great things.	Ngo svpur tulungam kaapa kunum, hoo kaato, hoqg pengko ho svpur tulug pengko ho haanum, hvbmabde svpur tulug agaho svpur tulug pengko hoqgv lvqbwqnum. Hoo kaato, hoq svpur tulug vnyiq hvb vnyiqkv, hoo vnyiqkv hog mwlwngam agam gootayin.
A gift in secret averts anger, and a concealed bribe, strong wrath.	Dvrwqbo aky jinamv hang lingtwr dvn, hoo dvrwqbo tomswrnamv hang lingtwr dvn, hang lingtwr dvn.
Finally, be strong in the Lord and in the strength of his might.	Hoq kokw so, At Swg lvgab hoo mwwg atwg ator tulug lvqc-loosaqb mwwdwq dvb nyidwb nyidwb nyidwb nyidwb nyidwb nyidwb nyidwb nyidwb nyidwb nyidwb nyidwb nyidwb nyidwb nyidwb nyidwb nyidwb nyidwb nyidwb nyidwb nyidwb nyidwb nyidwb nyidwb nyidwb nyidwb nyidwb nyidwb nyidwb nyidwn.
for you will be a witness for him to everyone of what you have seen and heard.	Hoggab nulv hog mwlwngam kaapa tvl hoo hog mwlwngam kaapa tvl, nulv mwam kaapa tvl, hoggab nulv hog mwlwngam kaapa tvl hoo hog mwlwngam kaapa tvl, hoggab nulv hog mwlwngam kaapa tvl, hoggab nulv hog mwlwngam kaapa tvl, hoggab nulv hog mwlwngam kaapa tvl, hoggab nulv hog mwlwngam kaapa tvl mwlwngam kaapa tvl.
For I too am a man set under authority, with soldiers under me: and I say to one, ‘Go,’ and he goes; and to another, ‘Come,’ and he comes; and to my servant, ‘Do this,’ and he does it.”	Ngoqg mwlwngam sipai tulungam ngoqg pvvb uraho doodwn, hoqgab ngo nyi tulungam ngoqg pvvb uraho doodwn, hoo ngo nyi akwn, Wto, hoo mwv wtayin; hoo nyi akwn, Haato, hoo mwv wtayin; hoo ngoqg nyera akwn, Soq sam nyidwn, hoo mwv ham nyidwn.
Now the serpent was more crafty than any other beast of the field that the Lord God had made. He said to the woman, “Did God actually say, ‘You shall not eat of any tree in the garden’?”	At Sw Pwnbo mwlwngv svdin bo svdinam hoqgv svdinamv mwwdwqnum. Mwv nywxwngam benum, Pwnbov jvqtw jaqb benum, No dvpar hoqg svdinam dvma dvn?
One of the Pharisees asked him to eat with him, and he went into the Pharisee’s house and reclined at table.	Parisi nyi tulungv Jisun mwwg lvgab dvrwq namlo dvb mvnum. Hoqgab Jisun Parisi nyi tulug namho wnum hoo mwv dvrwq namlo dvb dooknum.
And you shall set the table outside the veil, and the lampstand on the south side of the tabernacle opposite the table, and you shall put the table on the north side.	Hoo no toggoqkam pvlyw hoqgv mvtayin, hoo pvlyw tulungam nyoodo tombu ho toggoqg agaho mvtayin, hoo no toggoqkam nyoodug agaho mvtayin.
Then Pilate took Jesus and flogged him.	Kokw so Pilat Jisun mwwg lvgab naareqnum.
Be kind to one another, tenderhearted, forgiving one another, as God in Christ forgave you.	Hvbmabde nulv atv akwn-akwn almadwn, nulv atv akwn-akwn mwwdwn, hvbmabde nulv Pwnbov Kristog lvgab nulam mwwdwn hvb mwwdwn, nulv akwn-akwn mwwdwn, hvbmabde nulv akwn-akwn mwwdwn, hvbmabde nulv akwn-akwn mwwdwn, hvbmabde nulv akwn-akwn mwwdwn, hvbmabde nulv akwn-akwn mwwdwn
“This shall be your northern border: from the Great Sea you shall draw a line to Mount Hor.	Soq si noqg nyoodum nyook gvda tayin: Po-svlo hoqgv no Hor Puutu gvda hoqgv gvda tayin.
I gave my brother Hanani and Hananiah the governor of the castle charge over Jerusalem, for he was a more faithful and God-fearing man than many.	Ngoqg vbw Hanani nvla Hananiahnvn Jerusalemwg lvpw-hwwgwb pvvb bwwl doonum, hoggab mwv mwlwngam mwwjwnam mam hoo Pwnboam bosnum.
And Aaron the priest went up Mount Hor at the command of the Lord and died there, in the fortieth year after the people of Israel had come out of the land of Egypt, on the first day of the fifth month.	Hoo nyub Aaron At Swg gaml jinam hvb Hor Puutu aoho wnum hoo hoqho Israel nyiilungv Ijipt gvda hoqgv hoqgv vnyw cammum hoqgv vnyw cammum hoqgv aalho swwnum.
Then came one of the rulers of the synagogue, Jairus by name, and seeing him, he fell at his feet	Hoq kokw so Jairus hvl nyi tulungv hoqgv haanum. Mwv mwam kaapanum hoo mwv mwwg lvpiangam wmin gvnum.
And they set out from Rephidim and camped in the wilderness of Sinai.	Hoo bulv Refidim hoqgv wnum hoo Sinaig deexa-raraho svmcw mvnum.
To each is given the manifestation of the Spirit for the common good.	Hvbmabde mwlwngam Pwnbov mwlwngam bon nyidwn, hoqgab mwlwngam hog mwlwngam mwlwngam mwlwngam mwlwngam mwlwngam mwlwngam mwlwngam mwlwngam mwlwngam mwlwngam mwlwngam mwlwngam mwlwngam mwlwngam mwlwngam mwlwngam mwlwngam mwlwngam mwlwngam mwlwngam mwlwngam mwlwngam mwlwngam mwlwngam mw
For he stands at the right hand of the needy one, to save him from those who condemn his soul to death.	Hoggab mwv mwwg mwwg swwgam mwwpa dvnbo nyi tulug lvqbwq alaqho daqlin dvn, hoqgab mwv mwam ywwlin dvn, hoqgab mwv mwwg swwgam mwwdwq-mvaqlwqlwqlwqlwqlwqlwqlwqlwqlwqlwqlwqlwqlwqlwqlwqlwqlwqlwqlwqlwqlw
But if some of the branches were broken off, and you, although a wild olive shoot, were grafted in among the others and now share in the nourishing root of the olive tree,	Hvbmabde hoqg vnyiqkam vnyiqkam vnyiqkam vnyiqkam vnyiqkam vnyiqkam vnyiqkam vnyiqkam vnyiqkam vnyiqkam vnyiqkam vnyiqkam vnyiqkam vnyiqkam vnyiqkam vnyiqkam vnyiqkam vnyiqkam vnyiqkam vnyiqkam vnyiqkam vnyiqkam vnyiqkam vnyiqkam vnyiqkam vnyiqkam vnyiqkam vnyiqkam vnyiqkam vnyiq
Then the priests, the sons of Levi, shall come forward, for the Lord your God has chosen them to minister to him and to bless in the name of the Lord , and by their word every dispute and every assault shall be settled.	Ho Lebi gv ko tuup tulungv, nyub tulungv haatayin, hoggab noqg Pwnbo At Sw bulam mwwg bon nyinam gab hoo At Swg eminam lvqc dvb pvvb mvtayin, hoo bulug gomcwr hoqg vcjaqnam mam la nyob panam mam bulug gomcwr hoqgv mvtayin.
Brothers, if anyone is caught in any transgression, you who are spiritual should restore him in a spirit of gentleness. Keep watch on yourself, lest you too be tempted.	Ngoqg vbw-bor tulu, hiyv nyi akgon nyixiaqkam nyixiaqkam nyixiaqkam, nulug mwwjwbo nyi tulungv mwam mwwjw-mvaqnam hvb nyidwn. Nulv hoggub nyixiaqkam mwwjw-mvaqnam hvb mwwjw-mvaqnam hvb mwwjw-mvaqnam hvb mwwjw-mvaqnam hvb mwwjw-mvaqnam hvb mwwjw-mvaqnam hvb ny
for there must be factions among you in order that those who are genuine among you may be recognized.	Hoggab nulug pengko hoqgv nyi tulungam cengdwn, ho nulug pengko hoqgv nyi tulungam cengdwn, hoggab nulug pengko hoqgv nyi tulungam cengdwn, hoggab nulug pengko hoqgv nyi tulungam cengdwn, hoqgab nulug pengko hoqgv nyi tulungam cengdwn, hoqgab nulug pengko hoqgv nyi tulungam cengdwn, hoqgab nulug pengko hoqgv nyi tulungam cengdwn.
For you equipped me with strength for the battle; you made those who rise against me sink under me.	Hoggab no ngoqg nyob panam mam nyob panum; hiyv ngam ceekol dootayin boam no ngoqg aoho wm dvb mvdwb mvdwb mvdwb mvdwb mvdwb mvdwb mvdwb mvdwb mvdwb mvdwb mvdwb mvdwb mvdwb mvdwb mvdwb mvdwb mvdwb mvdwb mvdwb mvdwb mvdwb mvdwb mvdwb mvdwb mvdwb mvdwb mvdwb mvdwb mvdwb mv
The elder to the elect lady and her children, whom I love in truth, and not only I, but also all who know the truth,	Ngoqg Pwnbo akv Pwnboam la mwnwg ko tuup tulungam, ngoqg abynamv jvqtw jaqb abynum. Hoqgab ngoqg akwnamv jvqtw jaqb, hvbmabde hog mwlwngv jvqtw jaqkam jvqtw jaqkam jvqtw jaqkam jvqtw jaqkam jvqtw jaqkam jvqtw jaqkam jvqtw jaqkam jvqtw jaqkam jvqtw jaqkam jvqtw jaqkam j
And the anger of the Lord was kindled against Uzzah, and he struck him down because he put out his hand to the ark, and he died there before God.	Hoo At Swg hang lingtwrv Ujjag lvgab vcjaqnum, hoo mwv mwam mengnum, hoggab mwwg alaqkv pvvb uddum mam mwv pwqlwqnum, hoo mwv hoqho Pwnbog agaho swwnum.
And David arose and went with all the people who were with him from Baale-judah to bring up from there the ark of God, which is called by the name of the Lord of hosts who sits enthroned on the cherubim.	Hoo Debid Baal-juda hoqgv mwwg lvgab doonbo nyiilu mwlwngam lvgab wnum, hoq hoqgv Pwnbog pvvb uddum mam, hoqgv cerubim tulug aoho doonbo nyiit At Swg eminam goqnum.
and you have been filled in him, who is the head of all rule and authority.	Hvbmabde nulv mwwg lvgab pvvb bwwl doodwn, hoggab mwv pvvb mwlwngam la pvvb mwlwngam hog mwlwngam hog mwlwngam hog mwlwngam hog mwlwngam hog mwlwngam hog mwlwngam hog mwlwngam hog mwlwngam hog mwlwngam hog mwlwngam hog mwlwngam hog mwlwngam hog mwlwngam hog mwlwngam hog mwlwngam hog mwlwngam hog mwlwngam hog mwl
And the waters prevailed on the earth 150 days.	Hoo issv swcw nvg aoho aalv 150 go doonum.
And they made two rings of gold, and attached them in front to the lower part of the two shoulder pieces of the ephod, at its seam above the skillfully woven band of the ephod.	Hoo bulv hun hoqg vnyi goqnam mam mvnum, hoo hoq tulu ham vnyi goqnamv vnyi goqnam hoqgv, vnyi goqnam hoqgv vnyi goqnam hoqgv vnyi goqnam hoqgv vnyi goqnam hoqgv vnyi goqnam hoqgv vnyi goqnam hoqgv vnyi goqnam hoqgv vnyi goqnam hoqgv vnyi goqnam hoqgv vnyi goqnum.
How could one have chased a thousand, and two have put ten thousand to flight, unless their Rock had sold them, and the Lord had given them up?	Hwdlo nyi akv nyiicwr-cwrxiam ruqmin gvdwn, hoo nyi akv nyiicwr-cwrxiam ruqmin gvdwn, hvbmabde bulug Lvpw atv bulam svka kunum, hoo At Sw bulam mwwpa kunum?
They shall stumble over one another, as if to escape a sword, though none pursues. And you shall have no power to stand before your enemies.	Bulv atv-atoq aoho hvnyir-hvmar tayin, hoqgv lyoqr orioq hoqgv lengtayin, hvbsujaqkam nyi akkam ruqmin gvdwn. Hoo nulug ceebio tulug agaho nulv pvvb mvtayin.
Samaria’s king shall perish like a twig on the face of the waters.	Samariyag lvpw atv iss hoqgv twngk hvb mvtayin.
Then he measured the vestibule of the gateway, on the inside, one reed.	Ho mwv toggoqg toggoqnam mam, hoqg pengko hoqgv lvqc-loosaqkam, hoqgv lvqc-loosaq lvgab lvqc-loosaq lvgab lvqc-loosaq lvgab lvqc-loosaq lvgab lvqc-loosaq lvgab lvqc-loosaq lvgab lvqc-loosaq lvgab lvqc-loosaq lvgab lv
And when the princes of Pharaoh saw her, they praised her to Pharaoh. And the woman was taken into Pharaoh’s house.	Hoo hwdlo Parog nyera tulungv mwnwnwn kaapanum, bulv mwnwn Parog dookub paqnum. Hoo mwnwn Parog nammwb jinum.
For just as the body is one and has many members, and all the members of the body, though many, are one body, so it is with Christ.	Hvbmabde hvbmabde mwwg gvda mwlwngv mwlwngv mwlwngv mwlwngv mwlwngv mwlwngv mwlwngv mwlwngv mwlwngv mwlwngv mwlwngv mwlwngv mwlwngv mwlwngv mwlwngv mwlwngv mwlwngv mwlwngv mwlwngv mwlwngv mwlwngv mwlwngv mwlwngv mwlwngv mwlwngv mwlwngv mwlwngv mwlwngv mw
So our elders and all the inhabitants of our country said to us, ‘Take provisions in your hand for the journey and go to meet them and say to them, “We are your servants. Come now, make a covenant with us.”’	Hoqgab ngulug nyiixa tulungv la ngulug gvdaho doonbo mwlwngv ngulam benum, Nulug alaq hoqgv lvvgwb nyidwn hoo bulam ceekol wta hoo bulam betamv, Ngulv noqg nyera tulungv. Soq sib, ngulug lvgab pvvb mvtayin.
of Hezron, the clan of the Hezronites; of Carmi, the clan of the Carmites.	Hezron hoqgv Hezron nyi tulug nyob pan; Karmi hoqgv Karmit nyi tulug nyob pan.
And they slaughtered the Passover lamb, and the priests threw the blood that they received from them while the Levites flayed the sacrifices.	Hoo bulv Dvtwqbo sviya dvb mvnum, hoo Lebi nyi tulungv dvrwqbo sviya dvb mvnum hoqgv nyub tulungv bulug pengko hoqgv tomswrnum.
Then King Rehoboam sent Adoram, who was taskmaster over the forced labor, and all Israel stoned him to death with stones. And King Rehoboam hurried to mount his chariot to flee to Jerusalem.	Ho Lvpw at Rehoboam Atoramnvn, hoqgv nyijwqbo bon nyinam mwlwngam pvvb bwwl doonum, hoo Israel mwlwngv mwam lvqc-loosaq lvgab lvqc-loosaqnum. Hoo Lvpw at Rehoboam mwwg ceriot hoqgv Jerusalem hoqgv lengnum.
The Lord also thundered in the heavens, and the Most High uttered his voice, hailstones and coals of fire.	At Sw ao lvpw hoqgv dingrnum, hoo Pwnbov mwwg goqrwqnum, svvqlwqlwqlwqlwqlwqlwqlwqlwqlwqlwqlwqlwqlwqlwqlwqlwqlwqlwqlwqlwqlwqlwqlwqlwqlwqlwqlwqlwqlwqlwqlwql
For you, brothers, became imitators of the churches of God in Christ Jesus that are in Judea. For you suffered the same things from your own countrymen as they did from the Jews,	Ngoqg vbw-bor tulu, nulv Juhudi gvdaho doonbo Jisu Kristog Pwnbog dvrwqbo nyi tulungam nyinam hvb nyidwn. Juhudi nyi tulug hoqgv bulug nyinam hvb nyinam mam nulv nulug atwg nyoodo nyi tulug hoqgv nyinam hvb nyidwn.
For he grew up before him like a young plant, and like a root out of dry ground; he had no form or majesty that we should look at him, and no beauty that we should desire him.	Hoggab mwv mwwg agaho svdinam hvb nyinum, hoo dvrwqbo gvda hoqgv vnyi hvb nyinum; mwv mwwg nyinam mam la yuunam mam ngulv mwwg aoho kaapa maabv, hoo mwwg yuunam mam ngulv mwwg aoho kaapa maabv.
Then I took the sinful thing, the calf that you had made, and burned it with fire and crushed it, grinding it very small, until it was as fine as dust. And I threw the dust of it into the brook that ran down from the mountain.	Ho ngo noqg nyic nyinam hvvcwngam naalinum, hoo ham wm hoqgv wmnum hoo hoqham mwlwq-mwlwqnum, hoqham swwgam hvb nyidwn. Hoo hoqg swwgam ngo puutu hoqgv puutu hoqgv puutu hoqgv wmnum.
Then the Lord God said, “Behold, the man has become like one of us in knowing good and evil. Now, lest he reach out his hand and take also of the tree of life and eat, and live forever—”	Ho Pwnbo At Sw benum, Kaato, nyi akv ngulug nyi ak hvb nyidwn hamla almanam cengdwn. Sija, mwwg alaqkam mwwpa kun hoo swwgam svvtaq hoqgv hoqgv naatayin hoo naanum, hoo nwrba gob swwtayin
Whoever hates me hates my Father also.	Hiyv ngam ceekol ngoqg Abam ceekol ceekol ceekol ceekol ceekol ceekol ceekol ceekol ceekol ceekol ceekol ceekol ceekol ceekol ceekol ceekol ceekol ceekol ceekol ceekol ceekol ceekol ceekol ceekol ceekol ceekol ceekol ceekol ceekol ceekol ceekol ceekol ceekol ceekol ceekol ceekol ceekol ceekol
Cast me not away from your presence, and take not your Holy Spirit from me.	Noqg aga hoqgv ngam ruqpaq maabv, hoo noqg Dvrwqbo Yalv ngoqg hoqgv naalin maabv.
And I brought you into a plentiful land to enjoy its fruits and its good things. But when you came in, you defiled my land and made my heritage an abomination.	Hoo ngo nulam gvda mwlwngam hoo hoqg vcjaqnam mam naareq dvb gvdaho boolin kunum. Hvbmabde hwdlo nulam haanum, nulv ngoqg gvdangam dvrwq maanum hoo ngoqg gvda gvda hoqgv aky jinam mvdwb mvdwb mvdwb mvdwb mvdwb mvdwb mvdwb mvdwb mvdwb mvdwb mvdwb mvdwb mvdwb mvdwb mvdwb mvdwb
How long must your servant endure? When will you judge those who persecute me?	Hwdlo noqg nyerangv dootayin? Hwdlo hiyv hiyv ngam ceekol nyi tulungam no jvqtw jaqb nyidwb nyidwb nyidwb nyidwb nyidwb nyidwb nyidwb nyidwb nyidwb nyidwb nyidwb nyidwb nyidwb nyidwb nyidwb nyidwb nyidwb nyidwb nyidwb nyidwb nyidwb nyidwb nyidwb nyidwb nyidwb nyidwb nyidwb nyidwb nyidwb nyidwb ny
But Moses said to him, “Are you jealous for my sake? Would that all the Lord ’s people were prophets, that the Lord would put his Spirit on them!”	Hvbmabde Mojes mwam benum, No ngoqg gab mwwjw-mvaqb nyidwn? At Swg nyiilu mwlwngv nyiqry benbo tulungv, ho At Sw mwwg Yalv bulug aoho mvdwb nyidwb nyidwb nyidwb nyidwb nyidwb nyidwb nyidwb nyidwb nyidwb nyidwb nyidwb nyidwb nyidwb nyidwb nyidwb nyidwb nyidwb nyidwb nyidwb nyidwn!
For nation will rise against nation, and kingdom against kingdom, and there will be famines and earthquakes in various places.	Nyiilungv nyiilungam ceekol ceekol ceekol ceekol ceekol ceekol ceekol ceekol ceekol ceekol ceekol ceekol ceekol ceekol ceekol ceekol ceekol ceekol ceekol ceekol ceekol ceekol ceekol ceekol ceekol ceekol ceekol ceekol ceekol ceekol ceekol ceekol ceekol ceekol ceekol ceekol ceekol ceekol ceekol ceekol
And truly, I say to you, wherever the gospel is proclaimed in the whole world, what she has done will be told in memory of her.”	Ngo nulam jvqtw jaqb bedwn, gvda gvda gvda mwlw hoqgv soqgv soqgv soqgv Pwnbog mwwpa ku, hoqgv mwnwg nyinam mam mwwpa ku, hoqgv mwnwg mwwpa ku.
in the courts of the house of the Lord , in your midst, O Jerusalem. Praise the Lord !	At Swg dvrwq namlongam, noqg pengko ho, Jerusalem. At Swn paqto!
When you blow an alarm, the camps that are on the east side shall set out.	Hwdlo nulv twryum-twryum-twryum-twryum-twryum-twryum-twryum-twryum-twryum-twryum-twryum-twryum-twryum-twryum-twryum-twryum-twryum-twryum-twryum-twryum-twryum-twryum-twryum-twryum-twryum-twryum-twryum-twryum-twryum-twryum-tw
And David put his hand in his bag and took out a stone and slung it and struck the Philistine on his forehead. The stone sank into his forehead, and he fell on his face to the ground.	Hoo Debid mwwg alaqkam mwwg svmcw hoqgv lengnum hoo hoqham lengnum hoo Palistan nyi ak mwwg lvqbwqho wmnum. Lvqbwqkam mwwg lvqbwqho wmnum, hoo mwwg nyuqm-mviyaqkam mwv gvdaho wmnum.
and he took up his discourse and said, “The oracle of Balaam the son of Beor, the oracle of the man whose eye is opened,	hoo mwv mwwg gomcwram goqnum hoo benum, Beorwg ko tuup Balaamwg gomcwram, nyi akwg gomcwram,
Adjoining the territory of Asher, from the east side to the west, Naphtali, one portion.	Aser gvda hoqgv, dou-cagaqg lvgab hoqgv dou-haagaqb, Naptali gvdangv.
(I said to them, ‘What is the high place to which you go?’ So its name is called Bamah to this day.)	(Ngo bulam benum, Nulv hoggv wleq namlo hoqgv? Hoqgab hoqg eminv soolo Bama hvl goqnum.)
The words of the wise heard in quiet are better than the shouting of a ruler among fools.	Mwwlaqbo nyi tulug gomcwr tulungam mwwx-mvaqnam mam mwwpa dvn hoqgv mwwjwbo nyi tulug pengko hoqgv lvqc-mvaqlwqlwqlwqlwqlwqlwqlwqlwqlwqlwqlwqlwqlwqlwqlwqlwqlwqlwqlwqlwqlwqlwqlwqlwqlwq
“Son of man, set your face toward Jerusalem and preach against the sanctuaries. Prophesy against the land of Israel	Nyia ko tuup, noqg nyuqm mam Jerusalemwg lvgab jitayin hoo dvrwqbo dvrwq namlongam ceekol pwqlwqto. Israelwg gvdangam ceekol pwqlwqto
I will give it into the hand of a mighty one of the nations. He shall surely deal with it as its wickedness deserves. I have cast it out.	Ngo hoqham nyob hoqg atorbo alaqho jitayin. Mwv jvqtw jaqb hoqg nyic-nyiyiqnam mam mwv nyidwb nyidwb nyidwb nyidwb nyidwb nyidwb nyidwb nyidwb nyidwb nyidwb nyidwb nyidwb nyidwb nyidwb nyidwb nyidwb nyidwb nyidwb nyidwb nyidwb nyidwb nyidwb nyidwb nyidwb nyidwb nyidwb nyidwb nyidwn.
Our livestock also must go with us; not a hoof shall be left behind, for we must take of them to serve the Lord our God, and we do not know with what we must serve the Lord until we arrive there.”	Ngulug svdinamv ngulug lvgab wmin gvtayin; hoqg pengko hoqgv hog mwlwngam wmin gvtayin, hoggab ngulv hoqgv ngulug Pwnbo At Swn pvvb bwwl dootayin, hoo ngulv hoqho haakam ngulv hoggv At Swn pvvb bwwl dootayin hvl ngulv cengma dvn.
You eat the fat, you clothe yourselves with the wool, you slaughter the fat ones, but you do not feed the sheep.	Nulv vigo dvtayin, nulv atv vigo vjam vjam mvtayin, nulv vigo vigo dvtayin, hvbmabde nulv sviya tulungam dvma dvn.
“Say to the daughter of Zion, ‘Behold, your king is coming to you, humble, and mounted on a donkey, on a colt, the foal of a beast of burden.’”	Siyonwg nyem koam betamto, Kaato, noqg lvpw atv noqg dookub haato, mwwjw-mvaqb, hoo svdam, svdam, svdam hoqgv haatayin.
“Listen to me, you who pursue righteousness, you who seek the Lord : look to the rock from which you were hewn, and to the quarry from which you were dug.	At Swn meegaqbo, hiyv jvqtwngam jito, hiyv ngam tapa tvbv: nulv hoqgv naareq kunam mam, hoo nulv hoqgv naareq kunam mam, hoo nulv hoqgv naareq kunam mam kaapa mvdwb kaapa mvdwb kaapa mvdwb kaapa mvdwb kaapa mvdwb kaapa mvdwb kaapa mvdwb kaapa mvdwb kaapa mvdwb kaapa mvdwb kaapa mvdwb ka
For they have no pangs until death; their bodies are fat and sleek.	Hoggab bulv swwnamv vcjaqb nyima dvn; bulug vcwngv mwwpa dvn hoo mwwpa dvn.
So the people took their dough before it was leavened, their kneading bowls being bound up in their cloaks on their shoulders.	Hoqgab nyiilungv bulug twwnam mam mvnum, bulug twwnam tulungam bulug vj tulungam bulug lvqbwq-loosaq lvgab mvnum.
He also restored the altar of the Lord and offered on it sacrifices of peace offerings and of thanksgiving, and he commanded Judah to serve the Lord , the God of Israel.	Mwv At Swg yugw hoqgv swrso pwr tayin hoo hoqho swrso pwr tayin hoo paqnam aky jinam mam pwr tayin, hoo mwv Juda nyiilungam Israelwg Pwnbo At Swn pwr tayin gaml jinum.
You will not need to fight in this battle. Stand firm, hold your position, and see the salvation of the Lord on your behalf, O Judah and Jerusalem.’ Do not be afraid and do not be dismayed. Tomorrow go out against them, and the Lord will be with you.”	Nulv soq nyob patab nyob patab nyidwb nyima. Juda la Jerusalem, nulug aoho At Swg ywwlinam mam kaapa tvb, nulv atv ator tvb, hoo nulug dookub dootayin. Bos maabv hoo bos maabv. Aaram bulam ceekol wtayin, hoo At Sw noqg lvgab dootayin.
After these things had been done, the officials approached me and said, “The people of Israel and the priests and the Levites have not separated themselves from the peoples of the lands with their abominations, from the Canaanites, the Hittites, the Perizzites, the Jebusites, the Ammonites, the Moabites, the Egyptians, and the Amorites.	Soq tulu sam nyinam kokw so, nyigbo tulungv ngoqg dookub haanum hoo benum, Israel nyiilungv la nyub tulungv la Lebi nyi tulungv bulug vcjaqb nyinam tulungam, Kanaan nyi tulungam, Hitta nyi tulungam, Perij nyi tulungam, Jebus nyi tulungam, Ammon nyi tulungam, Moab nyi tulungam, Ijipt nyi tulungam, hoo Amor nyi tulungam, bulug gvda gvda gvda gvda hoqgv bulv atv wleq maan
He is thrust from light into darkness, and driven out of the world.	Mwv vcjaq hoqgv vnyiq hoqgv lengdwn, hoo gvda gvda hoqgv lengdwn.
The husband should give to his wife her conjugal rights, and likewise the wife to her husband.	Nywxwngv mwwg nywxwngam mwwg nywxwngam mwwg nywxwngam mwwg nywxwngam mwwg nywxwngam mwwg nywxwngam mwwg nywxwngam mwwg nywxwngam mwwg nywxwngam mwwg nywxwngam mwwg nywxwngam mwwg nywxwngam mwwg nywxwngam mwwg nywxwngam mwwg nywxwngam mwwg nywxwngam mwwg nywxwngam mwwg
Those who were to camp before the tabernacle on the east, before the tent of meeting toward the sunrise, were Moses and Aaron and his sons, guarding the sanctuary itself, to protect the people of Israel. And any outsider who came near was to be put to death.	Mojes la Aaron la mwwg ko tuup tulungv Israel nyiilungam pvvb bwwl doog dvb, dou-cagag tombu uraho, kvvrwq minsko tombu uraho svmcw mvdwb mvnum. Hoo nyoodo nyiilungv hoqgv haatayin hvb nyinum.
And a certain man of the sons of the prophets said to his fellow at the command of the Lord , “Strike me, please.” But the man refused to strike him.	Hoo nyiqry benbo tulug ko tuup tulungv At Swg gaml jinam mam mwwg nyi akwn benum, Ngoqg lvqcwngam vcjaqto. Hvbmabde nyi akv mwam vcjaqb wmin gvnum.
Moreover, some women of our company amazed us. They were at the tomb early in the morning,	Hoq kokw so ngulug pengko hoqgv nyem akv ngulam mwwjw-mvaqnum. Bulv svmangam svmangam svmcw dookub haanum.
So they cut off his head and stripped off his armor and sent messengers throughout the land of the Philistines, to carry the good news to the house of their idols and to the people.	Hoqgab bulv mwwg dumpoam mengnum hoo mwwg pvvb tulungam mengnum hoo Palistanwg gvda mwlwho nyi tulungam, bulug pwnbo tulug namlongam hoo nyiilungam mwwpa ku.
Rabbith, Kishion, Ebez,	Rabit, Kisyon, Ebez,
of the sons of Gershom, Joel the chief, with 130 of his brothers;	Gersom gv ko tuup tulu hoqgv, hoqg vbw-bor tulu lvgab lvpw at Joel 130 go;
Attend to my cry, for I am brought very low! Deliver me from my persecutors, for they are too strong for me!	Ngoqg xabnam mam kaapa to, hoggab ngo vcjaqb mvdwn! Ngoqg nyic-nyiyiqbo tulug hoqgv ngam ywwlinto, hoggab bulv ngoqgab vc loodab mvdwn!
Whoever corrects a scoffer gets himself abuse, and he who reproves a wicked man incurs injury.	Hiyv hiyv hiyv hiyv hiyv hiyv hiyv hiyv hiyv hiyv hiyv hiyv hiyv hiyv hiyv hiyv hiyv hiyv hiyv hiyv hiyv hiyv hiyv hiyv hiyv hiyv hiyv hiyv hiyv hiyv hiyv hiyv hiyv hiyv hiyv hiyv hiyv hiyv hiyv hiyv hiyv hiyv
And David said to Ahimelech the priest, “The king has charged me with a matter and said to me, ‘Let no one know anything of the matter about which I send you, and with which I have charged you.’ I have made an appointment with the young men for such and such a place.	Hoo Debid nyub Ahimeleknvn benum, Lvpw atv ngam gomcwrnam mam pvvb jinum hoo ngam benum, Ngo nam hoggv gomcwrnam mam, hoo hoggv ngo nam hoggv gomcwrnam mam hoggv cengma mvma mvma mvma. Ngo nyi tulug lvgab hoqgv hoqgv hoo hoqgv hoqgv pvvb jinum.
“Where were you when I laid the foundation of the earth? Tell me, if you have understanding.	Hwdlo ngo gvda gvda gvdwn ho no hoggub doonum? Nulv cengdwn hoqgv, ngam betamto.
And the people of Reuben built Heshbon, Elealeh, Kiriathaim,	Hoo Reubenwg nyiilungv Hesbon, Elealeh, Kiriataim,
Now therefore divide this land for an inheritance to the nine tribes and half the tribe of Manasseh.”	Hoqgab sija soq gvda sam Manasseg nyob hoqg nyob hoqg nyob hoqg nyob hoqg nyob hoqg nyob hoqg nyob hoqg nyob hoqg lvpia dvb mvtayin.
You make springs gush forth in the valleys; they flow between the hills;	Nulv svdin-svdin tulug pengko ho twryum-twryum dvb mvdwn; bulv puutu tulug pengko ho twryum-twryum dvb mvdwn; Nulv svdin-twryum-twryum-twryum-twryum-twryum-twryum-twryum-twryum-twryum-twryum-twryum-twryum-twryum-twryum-twryum-twryum-twryum-twry
And as they were drinking wine after the feast, the king said to Esther, “What is your wish? It shall be granted you. And what is your request? Even to the half of my kingdom, it shall be fulfilled.”	Hoo hwdlo bulv nywxwngam wmin gvnum, lvpw atv Esternvn benum, Hoggv noqg mwwlwqnamv? Hoqhv nam jitayin. Hoo hoggv noqg mwwlwqnamv? Ngoqg lvpw-hatiam hoqham jitayin.
When my soul was embittered, when I was pricked in heart,	Hwdlo ngoqg hangv vcjaqb nyidwn, hwdlo ngoqg hangv vcjaqb nyidwn,
When the accusers stood up, they brought no charge in his case of such evils as I supposed.	Hvbmabde nyi tulungv hoqgv gorabnum, hvbmabde bulv mwam ngoqg mwwlwqnam hvb nyidwn, hvbmabde bulv mwwg lvgab hog mwlwngam nyidwn, hvbmabde ngoqg mwwlwqnam hvb nyidwn, hvbmabde bulv mwwg lvgab nyidwn, hvbmabde bulv mwwg lvgab nyidwn, hvbmabde bulv mwwg lvgab nyidwn.
What if God, desiring to show his wrath and to make known his power, has endured with much patience vessels of wrath prepared for destruction,	Hvbmabde Pwnbov mwwg hang lingtwrnam mam mwwg hang lingtwrnam mam kaakin-kaakin tvl mwwg hang lingtwrnam mam kaakin-kaakin tvl mwwg hang lingtwrnam mam kaakin-kaakin tvl mwwg hang lingtwrnam mam kaakin-kaakin tvl mwwg hang lingtwrnam mam kaakin-kaakin tvl mwwg hang lingtwrnam mam kaakin-kaakin tvl mwwg hang lingtwrnam mam mwwg hang lingtwrnam mam kaakin-ka
He shall remain unclean as long as he has the disease. He is unclean. He shall live alone. His dwelling shall be outside the camp.	Mwv dvrwqbo vc hoqgv dvrwq tayin. Mwv dvrwqb dvrwq tayin. Mwv mwlwngv swwtayin. Mwwg dooknamv svmcw uraho dootayin.
Alas for women who are pregnant and for those who are nursing infants in those days! For there will be great distress upon the earth and wrath against this people.	Hoq aalam hoqgv swwgwbo nywxwngam hoo nywxwngam nywxwngam baloqkam! Hoggab gvda gvda gvdaho vc loodab hoo soq nyiilungam ceekol dootayin. Hoqgab soq nyiilungam ceekol dootayin, hoggab soq nyiilungam ceekol dootayin, hoggab soq nyiilungam ceekol dootayin, hoggab soq nyiilungam ceekol dootayin, hoggab soq nyiilungam ceekol dootayin
On the last day of the feast, the great day, Jesus stood up and cried out, “If anyone thirsts, let him come to me and drink.	Dvrwqbo aalv aalv, hoq aalv mwlwngam, Jisu doognum hoo goqlwql benum, Hwdlo hiyv vcjaqkam, mwv ngoqg dookub haato hoo twwto.
But rise and stand upon your feet, for I have appeared to you for this purpose, to appoint you as a servant and witness to the things in which you have seen me and to those in which I will appear to you,	Hvbmabde nulv gorabto hoo noqg lvpiongam dootayin, hoggab ngo nam soq gab kaapa ku, no ngam kaapa ku hoo ngo nam kaapa ku hoo hog mwlw hoqgv nam kaapa ku, hog mwlw hoqgv noqg nyera ku hoo noqg gab kaapa ku hoo hog mwlw hoqgv nam kaapa ku,
Forsaking the right way, they have gone astray. They have followed the way of Balaam, the son of Beor, who loved gain from wrongdoing,	Bulv jvqtw dvrwqbo lamta hoqgv wleq kunum. Bulv Beorwg ko tuup Balaamwg lamta hoqgv wleq kunum.
And when Hushai came to Absalom, Absalom said to him, “Thus has Ahithophel spoken; shall we do as he says? If not, you speak.”	Hoo hwdlo Husai Absalom dookub haanum, Absalom mwam benum, Soq sib Ahitopel agam goonum; mwwg agam hvb ngulv nyito? Hvbmabde no goonum.
But if you still do wickedly, you shall be swept away, both you and your king.”	Hvbmabde nulv nyic nyiloqkam, nulv la noqg lvpw at dvb mvtayin.
On the stairs of the Levites stood Jeshua, Bani, Kadmiel, Shebaniah, Bunni, Sherebiah, Bani, and Chenani; and they cried with a loud voice to the Lord their God.	Lebi nyi tulug lvgab Jesua, Bani, Kadmiyel, Sebaniya, Bunni, Serebiya, Bani, hoo Kenani doognum; hoo bulv bulug Pwnbo At Swn lvqc-loosaqb goqr kunum.
As for me, I said, “O Lord , be gracious to me; heal me, for I have sinned against you!”	Ngoqg gab, ngo benum, At Swa, ngam mwwlaqto; ngam mwwlaqto, hoggab ngo nam ceekol nyic nyinum!
These are their dwelling places according to their settlements within their borders: to the sons of Aaron of the clans of Kohathites, for theirs was the first lot,	Soq tulu si bulug doogw hoqgv bulug gvdaho bulug doogw hoqgv doonum: Kohat nyi tulug Aaronwg ko tuup tulungam, hoggab bulug lvgab vcjaqb nyidwn,
And when Baasha heard of it, he stopped building Ramah, and he lived in Tirzah.	Hoo hwdlo Baasa hoqham tapa kunum, mwv Rama mwlwngam mvpaqnum, hoo mwv Tirsa ho doonum.
I perceived that there is nothing better for them than to be joyful and to do good as long as they live;	Ngo cengdwn ham bulug swwnam mam hemp dvb hoo bulug swwgam swwnam mam bon nyidwn, hoqgv bulug gab hog mwlwngam hog mwlwngam dooma dvn, hvbmabde bulv hog mwlwngam hog mwlwngam hog mwlwngam dooma dvn;
And Jeremiah the prophet said to the prophet Hananiah, “Listen, Hananiah, the Lord has not sent you, and you have made this people trust in a lie.	Hoo nyiqry benbo Jerimiya nyiqry benbo Hananiahnvn benum, Hoqgv, Hanania, At Sw nam kanam maabv, hoo no soq nyiilungam cengdwb mwwpa kun.
They said to themselves, “We will utterly subdue them”; they burned all the meeting places of God in the land.	Bulv bulug atv benum, Ngulv bulam mwlwngam mvtayin; bulv gvdaho Pwnbog dookub doogw hoqgv mwlwngam wmnum.
Of the sons of Pahath-moab, Eliehoenai the son of Zerahiah, and with him 200 men.	Pahat-moabwg ko tuup tulu hoqgv, Jerahiya gv ko tuup Eliehoenai, hoo mwwg lvgab 200 go nyi tulungv.
and by the signs that it is allowed to work in the presence of the beast it deceives those who dwell on earth, telling them to make an image for the beast that was wounded by the sword and yet lived.	Hvbmabde hoqgv swrdorxeq hoqgv lvqbwq maanbo nyi tulungam swrdorxeq dvb mvdwn. Hoqgab hoqgv swrdorxeq hoqgv lvqbwq lvqbwq lvgab swrdorxeq lvqbwq lvgab swrdorxeq lvgab swrdorxeq lvgab swrdorxeq lvgab swrdorxeq lvgab swrdorxeq lvgab swrdorxeq l
They are created now, not long ago; before today you have never heard of them, lest you should say, ‘Behold, I knew them.’	Soq si nyiloqkam, soq si nyiloqkam; soq si nyiloqkam no bulam tapa maabv, hvbmabde no bedwn, Kaato, ngo bulam cengdwn.
Then the chief priests and the elders of the people gathered in the palace of the high priest, whose name was Caiaphas,	Ho nyub tulungv hoo nyiilug nyiixa tulungv nyub tulungv nyub tulungv lvpw atwg dvrwq namlo dookub haanum, mwwg eminv Kaiapas.
And as a man was being buried, behold, a marauding band was seen and the man was thrown into the grave of Elisha, and as soon as the man touched the bones of Elisha, he revived and stood on his feet.	Hoo nyi ak hoqgv mwwdwq dvn, kaato, nyob panbo tulungam kaapanum hoo nyi akv Ilijanwg dookub wmnum, hoo nyi akv Ilijanwg lyoqr oum hoqgv toxnum, mwv swwlinum hoo mwwg lvpiaho daqnum.
Oh that my head were waters, and my eyes a fountain of tears, that I might weep day and night for the slain of the daughter of my people!	Ngoqg dumpo hoqgv issv hvb nyiloqkam, hoo ngoqg vnyiqkv vnyiq-vnyiq kvvrwq dvb nyiloqkam, ngoqg nyiilug nyem nyem ko-gab mwwpa kunam gab, hoqgab ngo aal-aal-aal-aal-haagab vnyiq-haagab vnyiq-haagab vnyiq-haagab vnyiq-haagab nyiloqkam!
Therefore I testify to you this day that I am innocent of the blood of all,	Hoqgab ngo nulug aoho nulug lvgab cengdwn, hiyvg nyi mwlwngam ngo mwwpa dvn, hvbmabde ngo hog mwlwngam nyi mwwpa dvn, hvbmabde ngo hog mwlwngam nyi mwwpa dvn, hvbmabde ngo hog mwlwngam nyi mwwpa dvn, hvbmabde ngo hog mwlwngam nyi mwwpa dvn, hvbmabde ngo hog mwlwngam nyi mwwpa dvn.
and they were baptized by him in the river Jordan, confessing their sins.	Bulv bulug nyicam bekinnam mam Jordon pobu hoqgv mwwg lvgab baptijumnum.
Now be it known to the king that if this city is rebuilt and the walls finished, they will not pay tribute, custom, or toll, and the royal revenue will be impaired.	Hoqgab lvpw atam cengtayin, soq bopam sam mvdwb mvdwb hoo bopam tulungam mvdwb mvdwb nyiloqkam, bulv pvvb, pvvb, hoo lvpw atwg lvqcnam mam mvdwb mvdwb mvdwb mvdwb mvdwb mvdwb mvdwb mvdwb mvdwb mvdwb mvdwb mvdwb mvdwb mvdwb mvdwb mvdwb mvdwb mvdwb mvdwb mvdwb mvdwb mvd
Behold, I am standing by the spring of water, and the daughters of the men of the city are coming out to draw water.	Kaato, ngo iss hoqgv daqlin do, hoo bopam hoqg nyi tulug nyem tulungv iss dvb haatayin.
So it will be at the end of the age. The angels will come out and separate the evil from the righteous	Soq sib nyidwb nyidwb nyidwb nyidwb nyidwb nyidwb nyidwb nyidwb nyidwb nyidwb nyidwb nyidwb nyidwb nyidwb nyidwb nyidwb nyidwb nyidwb nyidwb nyidwb nyidwb nyidwb nyidwb nyidwb nyidwb nyidwb nyidwb nyidwb nyidwb nyidwb nyidwb nyidwb nyidwb nyidwb nyidwb nyidwb nyidwb nyidwb nyidwb nyidwb nyidwb
He answered, “My lord, O king, my servant deceived me, for your servant said to him, ‘I will saddle a donkey for myself, that I may ride on it and go with the king.’ For your servant is lame.	Mwv birwqnum, Ngoqg bir, lvpw at, ngoqg nyerangv ngam mwwpa ku, hoggab noqg nyerangv mwam benum, Ngo ngoqg atv svdam mwwpa mvtayin, ho ngo hoqho dvparl hoo lvpw at lvgab wmin gvtayin. Hoggab noqg nyerangv lvqcwngv.
His firstborn son: Abdon, then Zur, Kish, Baal, Nadab,	Mwwg ko tuupv: Abdon, ho Zur, Kis, Baal, Nadab,
Moreover, the men of Memphis and Tahpanhes have shaved the crown of your head.	Hoq aoho, Memphis la Tahpanes hoqg nyi tulungv noqg dumpo hoqgv mwx-mvaqnum.
And fire came out from the Lord and consumed the 250 men offering the incense.	Hoo At Swg hoqgv wmv lengnum hoo 250 nyi tulungv hwwlinum.
